donation_id,volunteer_id,amount,date
DON_50000,VOL_10000,10.0,2025-11-16
DON_50001,VOL_10000,25.0,2025-11-20
DON_50002,VOL_10000,100.0,2025-11-23
DON_50003,VOL_10000,50.0,2025-11-23
DON_50004,VOL_10000,50.0,2025-12-25
DON_50005,VOL_10000,25.0,2026-01-25
DON_50006,VOL_10000,10.0,2026-02-08
DON_50007,VOL_10000,50.0,2026-02-12
DON_50008,VOL_10000,25.0,2026-02-22
DON_50009,VOL_10000,10.0,2026-03-12
DON_50010,VOL_10000,10.0,2026-03-19
DON_50011,VOL_10000,100.0,2026-04-23
DON_50012,VOL_10000,10.0,2026-04-26
DON_50013,VOL_10000,25.0,2026-04-30
DON_50014,VOL_10001,100.0,2025-01-19
DON_50015,VOL_10001,25.0,2025-02-06
DON_50016,VOL_10001,25.0,2025-02-20
DON_50017,VOL_10001,10.0,2025-02-20
DON_50018,VOL_10001,10.0,2025-03-20
DON_50019,VOL_10001,25.0,2025-03-23
DON_50020,VOL_10001,100.0,2025-04-03
DON_50021,VOL_10001,25.0,2025-04-24
DON_50022,VOL_10001,50.0,2025-05-08
DON_50023,VOL_10001,10.0,2025-05-29
DON_50024,VOL_10001,10.0,2025-06-01
DON_50025,VOL_10001,25.0,2025-06-12
DON_50026,VOL_10001,10.0,2025-07-03
DON_50027,VOL_10001,50.0,2025-07-13
DON_50028,VOL_10001,50.0,2025-07-17
DON_50029,VOL_10001,50.0,2025-08-17
DON_50030,VOL_10001,10.0,2025-08-21
DON_50031,VOL_10001,10.0,2025-08-28
DON_50032,VOL_10001,25.0,2025-10-02
DON_50033,VOL_10001,10.0,2025-10-23
DON_50034,VOL_10001,10.0,2025-10-30
DON_50035,VOL_10001,25.0,2025-11-16
DON_50036,VOL_10001,50.0,2025-11-16
DON_50037,VOL_10001,10.0,2025-12-04
DON_50038,VOL_10001,25.0,2025-12-11
DON_50039,VOL_10001,25.0,2025-12-25
DON_50040,VOL_10001,10.0,2026-01-08
DON_50041,VOL_10001,25.0,2026-01-22
DON_50042,VOL_10001,25.0,2026-01-25
DON_50043,VOL_10001,50.0,2026-02-05
DON_50044,VOL_10001,50.0,2026-02-19
DON_50045,VOL_10001,25.0,2026-04-19
DON_50046,VOL_10001,50.0,2026-04-23
DON_50047,VOL_10002,10.0,2025-05-11
DON_50048,VOL_10002,25.0,2025-05-18
DON_50049,VOL_10002,10.0,2025-07-03
DON_50050,VOL_10002,10.0,2025-07-10
DON_50051,VOL_10002,25.0,2025-08-24
DON_50052,VOL_10002,10.0,2025-10-23
DON_50053,VOL_10002,25.0,2026-01-22
DON_50054,VOL_10002,50.0,2026-02-15
DON_50055,VOL_10002,50.0,2026-02-15
DON_50056,VOL_10002,10.0,2026-04-09
DON_50057,VOL_10002,10.0,2026-04-30
DON_50058,VOL_10003,25.0,2025-04-27
DON_50059,VOL_10003,100.0,2025-05-01
DON_50060,VOL_10003,10.0,2025-05-18
DON_50061,VOL_10003,25.0,2025-05-25
DON_50062,VOL_10003,25.0,2025-06-12
DON_50063,VOL_10003,50.0,2025-06-19
DON_50064,VOL_10003,25.0,2025-07-03
DON_50065,VOL_10003,10.0,2025-07-13
DON_50066,VOL_10003,10.0,2025-07-31
DON_50067,VOL_10003,10.0,2025-10-02
DON_50068,VOL_10003,10.0,2025-10-02
DON_50069,VOL_10003,25.0,2025-10-16
DON_50070,VOL_10003,25.0,2025-10-23
DON_50071,VOL_10003,50.0,2025-10-23
DON_50072,VOL_10003,100.0,2025-11-09
DON_50073,VOL_10003,10.0,2025-11-16
DON_50074,VOL_10003,25.0,2025-11-16
DON_50075,VOL_10003,10.0,2025-11-16
DON_50076,VOL_10003,50.0,2025-11-27
DON_50077,VOL_10003,10.0,2025-11-30
DON_50078,VOL_10003,25.0,2025-12-25
DON_50079,VOL_10003,50.0,2025-12-28
DON_50080,VOL_10003,10.0,2026-01-15
DON_50081,VOL_10003,25.0,2026-01-25
DON_50082,VOL_10003,10.0,2026-01-25
DON_50083,VOL_10003,25.0,2026-02-22
DON_50084,VOL_10003,25.0,2026-03-05
DON_50085,VOL_10003,10.0,2026-03-15
DON_50086,VOL_10003,10.0,2026-04-02
DON_50087,VOL_10003,10.0,2026-04-23
DON_50088,VOL_10004,25.0,2025-11-16
DON_50089,VOL_10004,100.0,2025-11-23
DON_50090,VOL_10004,25.0,2025-11-27
DON_50091,VOL_10004,50.0,2025-12-04
DON_50092,VOL_10004,10.0,2025-12-11
DON_50093,VOL_10004,10.0,2025-12-28
DON_50094,VOL_10004,100.0,2026-01-08
DON_50095,VOL_10004,50.0,2026-01-15
DON_50096,VOL_10004,10.0,2026-02-26
DON_50097,VOL_10004,25.0,2026-03-05
DON_50098,VOL_10004,25.0,2026-03-12
DON_50099,VOL_10004,50.0,2026-04-09
DON_50100,VOL_10004,100.0,2026-04-09
DON_50101,VOL_10004,10.0,2026-04-30
DON_50102,VOL_10005,10.0,2025-10-30
DON_50103,VOL_10005,10.0,2025-11-16
DON_50104,VOL_10005,25.0,2025-11-23
DON_50105,VOL_10005,10.0,2025-12-11
DON_50106,VOL_10005,10.0,2025-12-11
DON_50107,VOL_10005,10.0,2025-12-18
DON_50108,VOL_10005,10.0,2025-12-18
DON_50109,VOL_10005,10.0,2026-01-29
DON_50110,VOL_10005,50.0,2026-02-08
DON_50111,VOL_10005,10.0,2026-02-12
DON_50112,VOL_10005,10.0,2026-03-01
DON_50113,VOL_10005,10.0,2026-03-05
DON_50114,VOL_10005,10.0,2026-03-05
DON_50115,VOL_10005,10.0,2026-04-30
DON_50116,VOL_10006,100.0,2026-03-05
DON_50117,VOL_10006,10.0,2026-03-12
DON_50118,VOL_10006,10.0,2026-04-23
DON_50119,VOL_10007,10.0,2025-02-23
DON_50120,VOL_10007,25.0,2025-02-27
DON_50121,VOL_10007,100.0,2025-03-06
DON_50122,VOL_10007,50.0,2025-03-20
DON_50123,VOL_10007,50.0,2025-04-10
DON_50124,VOL_10007,10.0,2025-04-27
DON_50125,VOL_10007,100.0,2025-04-27
DON_50126,VOL_10007,25.0,2025-05-11
DON_50127,VOL_10007,25.0,2025-05-15
DON_50128,VOL_10007,10.0,2025-05-18
DON_50129,VOL_10007,10.0,2025-06-01
DON_50130,VOL_10007,10.0,2025-06-12
DON_50131,VOL_10007,50.0,2025-06-26
DON_50132,VOL_10007,25.0,2025-06-29
DON_50133,VOL_10007,10.0,2025-07-10
DON_50134,VOL_10007,50.0,2025-07-17
DON_50135,VOL_10007,10.0,2025-07-24
DON_50136,VOL_10007,10.0,2025-07-31
DON_50137,VOL_10007,25.0,2025-07-31
DON_50138,VOL_10007,25.0,2025-08-07
DON_50139,VOL_10007,10.0,2025-08-10
DON_50140,VOL_10007,50.0,2025-08-10
DON_50141,VOL_10007,50.0,2025-08-14
DON_50142,VOL_10007,100.0,2025-09-14
DON_50143,VOL_10007,50.0,2025-10-02
DON_50144,VOL_10007,25.0,2025-10-05
DON_50145,VOL_10007,10.0,2025-10-12
DON_50146,VOL_10007,25.0,2025-10-16
DON_50147,VOL_10007,10.0,2025-10-23
DON_50148,VOL_10007,10.0,2025-10-30
DON_50149,VOL_10007,25.0,2025-11-06
DON_50150,VOL_10007,50.0,2025-11-06
DON_50151,VOL_10007,25.0,2025-11-13
DON_50152,VOL_10007,25.0,2025-11-16
DON_50153,VOL_10007,50.0,2025-11-30
DON_50154,VOL_10007,10.0,2025-12-21
DON_50155,VOL_10007,25.0,2025-12-25
DON_50156,VOL_10007,10.0,2026-02-15
DON_50157,VOL_10007,25.0,2026-02-22
DON_50158,VOL_10007,10.0,2026-02-26
DON_50159,VOL_10007,25.0,2026-03-05
DON_50160,VOL_10007,10.0,2026-03-15
DON_50161,VOL_10007,10.0,2026-03-29
DON_50162,VOL_10007,50.0,2026-03-29
DON_50163,VOL_10008,25.0,2025-07-06
DON_50164,VOL_10008,25.0,2025-07-17
DON_50165,VOL_10008,10.0,2025-07-20
DON_50166,VOL_10008,25.0,2025-07-20
DON_50167,VOL_10008,10.0,2025-07-31
DON_50168,VOL_10008,25.0,2025-08-17
DON_50169,VOL_10008,10.0,2025-08-24
DON_50170,VOL_10008,10.0,2025-08-24
DON_50171,VOL_10008,50.0,2025-09-11
DON_50172,VOL_10008,50.0,2025-09-21
DON_50173,VOL_10008,10.0,2025-10-02
DON_50174,VOL_10008,25.0,2025-11-13
DON_50175,VOL_10008,10.0,2025-11-23
DON_50176,VOL_10008,10.0,2025-11-30
DON_50177,VOL_10008,25.0,2025-12-04
DON_50178,VOL_10008,25.0,2025-12-04
DON_50179,VOL_10008,10.0,2025-12-04
DON_50180,VOL_10008,10.0,2026-01-15
DON_50181,VOL_10008,25.0,2026-01-18
DON_50182,VOL_10008,10.0,2026-01-18
DON_50183,VOL_10008,25.0,2026-01-29
DON_50184,VOL_10008,50.0,2026-02-19
DON_50185,VOL_10008,10.0,2026-02-26
DON_50186,VOL_10008,25.0,2026-02-26
DON_50187,VOL_10008,10.0,2026-02-26
DON_50188,VOL_10008,10.0,2026-03-19
DON_50189,VOL_10008,100.0,2026-03-22
DON_50190,VOL_10008,10.0,2026-03-29
DON_50191,VOL_10008,100.0,2026-04-16
DON_50192,VOL_10009,10.0,2025-01-16
DON_50193,VOL_10009,25.0,2025-01-23
DON_50194,VOL_10009,10.0,2025-02-09
DON_50195,VOL_10009,10.0,2025-02-13
DON_50196,VOL_10009,50.0,2025-03-09
DON_50197,VOL_10009,100.0,2025-03-23
DON_50198,VOL_10009,10.0,2025-04-10
DON_50199,VOL_10009,10.0,2025-04-24
DON_50200,VOL_10009,10.0,2025-04-27
DON_50201,VOL_10009,100.0,2025-05-18
DON_50202,VOL_10009,50.0,2025-05-25
DON_50203,VOL_10009,10.0,2025-05-29
DON_50204,VOL_10009,100.0,2025-06-15
DON_50205,VOL_10009,50.0,2025-07-20
DON_50206,VOL_10009,10.0,2025-07-27
DON_50207,VOL_10009,25.0,2025-08-10
DON_50208,VOL_10009,25.0,2025-08-17
DON_50209,VOL_10009,10.0,2025-08-17
DON_50210,VOL_10009,25.0,2025-08-28
DON_50211,VOL_10009,25.0,2025-08-31
DON_50212,VOL_10009,10.0,2025-09-21
DON_50213,VOL_10009,50.0,2025-10-02
DON_50214,VOL_10009,50.0,2025-10-12
DON_50215,VOL_10009,10.0,2025-10-16
DON_50216,VOL_10009,25.0,2025-10-23
DON_50217,VOL_10009,10.0,2025-11-02
DON_50218,VOL_10009,10.0,2025-11-06
DON_50219,VOL_10009,50.0,2025-11-30
DON_50220,VOL_10009,10.0,2025-11-30
DON_50221,VOL_10009,10.0,2025-12-04
DON_50222,VOL_10009,10.0,2025-12-07
DON_50223,VOL_10009,10.0,2025-12-21
DON_50224,VOL_10009,25.0,2026-01-08
DON_50225,VOL_10009,10.0,2026-01-11
DON_50226,VOL_10009,10.0,2026-01-15
DON_50227,VOL_10009,50.0,2026-01-15
DON_50228,VOL_10009,10.0,2026-01-18
DON_50229,VOL_10009,10.0,2026-01-22
DON_50230,VOL_10009,100.0,2026-02-19
DON_50231,VOL_10009,50.0,2026-02-22
DON_50232,VOL_10009,25.0,2026-04-02
DON_50233,VOL_10009,10.0,2026-04-16
DON_50234,VOL_10009,10.0,2026-04-16
DON_50235,VOL_10009,50.0,2026-04-19
DON_50236,VOL_10009,10.0,2026-04-30
DON_50237,VOL_10010,10.0,2025-04-06
DON_50238,VOL_10010,100.0,2025-04-27
DON_50239,VOL_10010,10.0,2025-05-18
DON_50240,VOL_10010,50.0,2025-05-25
DON_50241,VOL_10010,25.0,2025-05-25
DON_50242,VOL_10010,50.0,2025-06-01
DON_50243,VOL_10010,10.0,2025-06-12
DON_50244,VOL_10010,25.0,2025-07-06
DON_50245,VOL_10010,25.0,2025-07-20
DON_50246,VOL_10010,50.0,2025-08-17
DON_50247,VOL_10010,25.0,2025-10-12
DON_50248,VOL_10010,25.0,2025-10-30
DON_50249,VOL_10010,10.0,2025-11-13
DON_50250,VOL_10010,10.0,2025-11-13
DON_50251,VOL_10010,50.0,2025-11-27
DON_50252,VOL_10010,10.0,2025-11-27
DON_50253,VOL_10010,100.0,2025-11-30
DON_50254,VOL_10010,10.0,2025-12-18
DON_50255,VOL_10010,10.0,2025-12-21
DON_50256,VOL_10010,100.0,2026-01-08
DON_50257,VOL_10010,25.0,2026-01-18
DON_50258,VOL_10010,10.0,2026-01-18
DON_50259,VOL_10010,100.0,2026-02-01
DON_50260,VOL_10010,25.0,2026-02-05
DON_50261,VOL_10010,50.0,2026-02-05
DON_50262,VOL_10010,10.0,2026-02-12
DON_50263,VOL_10010,25.0,2026-02-26
DON_50264,VOL_10010,10.0,2026-03-05
DON_50265,VOL_10010,10.0,2026-03-12
DON_50266,VOL_10010,25.0,2026-03-29
DON_50267,VOL_10010,25.0,2026-04-19
DON_50268,VOL_10011,10.0,2025-08-21
DON_50269,VOL_10011,10.0,2025-08-21
DON_50270,VOL_10012,25.0,2025-02-23
DON_50271,VOL_10012,10.0,2025-03-02
DON_50272,VOL_10013,10.0,2025-04-03
DON_50273,VOL_10013,25.0,2025-04-06
DON_50274,VOL_10016,10.0,2025-04-13
DON_50275,VOL_10016,10.0,2025-04-24
DON_50276,VOL_10016,50.0,2025-05-01
DON_50277,VOL_10016,25.0,2025-05-18
DON_50278,VOL_10017,25.0,2025-09-25
DON_50279,VOL_10017,10.0,2025-09-28
DON_50280,VOL_10017,100.0,2025-09-28
DON_50281,VOL_10017,10.0,2025-10-02
DON_50282,VOL_10017,25.0,2025-10-30
DON_50283,VOL_10017,50.0,2025-10-30
DON_50284,VOL_10017,25.0,2025-11-27
DON_50285,VOL_10017,10.0,2025-12-04
DON_50286,VOL_10017,10.0,2026-01-22
DON_50287,VOL_10017,25.0,2026-02-05
DON_50288,VOL_10017,50.0,2026-02-12
DON_50289,VOL_10017,25.0,2026-02-15
DON_50290,VOL_10017,50.0,2026-03-15
DON_50291,VOL_10017,10.0,2026-03-26
DON_50292,VOL_10017,50.0,2026-04-09
DON_50293,VOL_10017,25.0,2026-04-12
DON_50294,VOL_10017,50.0,2026-04-26
DON_50295,VOL_10017,10.0,2026-04-26
DON_50296,VOL_10017,25.0,2026-04-30
DON_50297,VOL_10018,50.0,2025-12-25
DON_50298,VOL_10018,25.0,2026-01-04
DON_50299,VOL_10018,50.0,2026-01-15
DON_50300,VOL_10018,50.0,2026-01-18
DON_50301,VOL_10018,10.0,2026-02-08
DON_50302,VOL_10018,50.0,2026-02-08
DON_50303,VOL_10018,25.0,2026-02-26
DON_50304,VOL_10018,50.0,2026-03-05
DON_50305,VOL_10018,10.0,2026-03-05
DON_50306,VOL_10018,50.0,2026-03-12
DON_50307,VOL_10018,10.0,2026-03-15
DON_50308,VOL_10018,100.0,2026-04-02
DON_50309,VOL_10018,100.0,2026-04-05
DON_50310,VOL_10018,10.0,2026-04-16
DON_50311,VOL_10018,100.0,2026-04-23
DON_50312,VOL_10018,25.0,2026-04-30
DON_50313,VOL_10019,25.0,2025-02-13
DON_50314,VOL_10019,10.0,2025-03-23
DON_50315,VOL_10019,25.0,2025-04-03
DON_50316,VOL_10019,10.0,2025-04-24
DON_50317,VOL_10019,25.0,2025-05-01
DON_50318,VOL_10019,50.0,2025-05-01
DON_50319,VOL_10019,10.0,2025-05-15
DON_50320,VOL_10019,100.0,2025-06-01
DON_50321,VOL_10019,25.0,2025-06-22
DON_50322,VOL_10019,10.0,2025-07-03
DON_50323,VOL_10019,100.0,2025-07-06
DON_50324,VOL_10019,100.0,2025-07-10
DON_50325,VOL_10019,10.0,2025-07-20
DON_50326,VOL_10019,10.0,2025-07-24
DON_50327,VOL_10019,10.0,2025-08-03
DON_50328,VOL_10019,25.0,2025-08-14
DON_50329,VOL_10019,10.0,2025-08-24
DON_50330,VOL_10019,50.0,2025-09-04
DON_50331,VOL_10019,50.0,2025-09-25
DON_50332,VOL_10019,25.0,2025-10-02
DON_50333,VOL_10019,10.0,2025-10-02
DON_50334,VOL_10019,10.0,2025-10-05
DON_50335,VOL_10019,25.0,2025-10-05
DON_50336,VOL_10019,25.0,2025-10-19
DON_50337,VOL_10019,10.0,2025-10-23
DON_50338,VOL_10019,10.0,2025-10-26
DON_50339,VOL_10019,10.0,2025-10-26
DON_50340,VOL_10019,10.0,2025-12-07
DON_50341,VOL_10019,25.0,2025-12-14
DON_50342,VOL_10019,25.0,2025-12-21
DON_50343,VOL_10019,100.0,2025-12-21
DON_50344,VOL_10019,25.0,2025-12-28
DON_50345,VOL_10019,10.0,2026-01-18
DON_50346,VOL_10019,100.0,2026-01-29
DON_50347,VOL_10019,50.0,2026-02-05
DON_50348,VOL_10019,10.0,2026-03-05
DON_50349,VOL_10019,25.0,2026-03-15
DON_50350,VOL_10019,10.0,2026-03-19
DON_50351,VOL_10019,50.0,2026-04-16
DON_50352,VOL_10019,25.0,2026-04-19
DON_50353,VOL_10020,25.0,2025-12-21
DON_50354,VOL_10020,10.0,2026-01-08
DON_50355,VOL_10020,10.0,2026-02-01
DON_50356,VOL_10020,100.0,2026-02-05
DON_50357,VOL_10020,25.0,2026-02-19
DON_50358,VOL_10020,10.0,2026-02-26
DON_50359,VOL_10020,10.0,2026-02-26
DON_50360,VOL_10020,10.0,2026-03-12
DON_50361,VOL_10021,10.0,2025-10-30
DON_50362,VOL_10021,50.0,2025-11-09
DON_50363,VOL_10021,25.0,2026-01-15
DON_50364,VOL_10021,100.0,2026-01-29
DON_50365,VOL_10021,10.0,2026-02-15
DON_50366,VOL_10021,10.0,2026-02-26
DON_50367,VOL_10021,10.0,2026-03-08
DON_50368,VOL_10021,10.0,2026-03-12
DON_50369,VOL_10021,10.0,2026-03-12
DON_50370,VOL_10021,100.0,2026-03-19
DON_50371,VOL_10021,10.0,2026-03-19
DON_50372,VOL_10021,10.0,2026-03-19
DON_50373,VOL_10021,25.0,2026-03-29
DON_50374,VOL_10021,25.0,2026-04-02
DON_50375,VOL_10021,25.0,2026-04-02
DON_50376,VOL_10021,25.0,2026-04-05
DON_50377,VOL_10021,25.0,2026-04-16
DON_50378,VOL_10021,50.0,2026-04-19
DON_50379,VOL_10021,25.0,2026-04-30
DON_50380,VOL_10022,100.0,2025-05-29
DON_50381,VOL_10022,10.0,2025-06-01
DON_50382,VOL_10022,10.0,2025-06-01
DON_50383,VOL_10022,10.0,2025-06-08
DON_50384,VOL_10023,25.0,2025-03-23
DON_50385,VOL_10023,25.0,2025-04-03
DON_50386,VOL_10023,10.0,2025-04-06
DON_50387,VOL_10023,25.0,2025-04-06
DON_50388,VOL_10023,25.0,2025-04-10
DON_50389,VOL_10023,25.0,2025-04-17
DON_50390,VOL_10023,10.0,2025-04-27
DON_50391,VOL_10023,10.0,2025-04-27
DON_50392,VOL_10023,10.0,2025-06-22
DON_50393,VOL_10023,10.0,2025-06-26
DON_50394,VOL_10023,50.0,2025-07-03
DON_50395,VOL_10023,10.0,2025-07-03
DON_50396,VOL_10023,100.0,2025-07-20
DON_50397,VOL_10023,25.0,2025-08-24
DON_50398,VOL_10023,10.0,2025-08-24
DON_50399,VOL_10023,10.0,2025-09-14
DON_50400,VOL_10023,10.0,2025-09-21
DON_50401,VOL_10023,100.0,2025-09-28
DON_50402,VOL_10023,10.0,2025-10-26
DON_50403,VOL_10023,50.0,2025-11-06
DON_50404,VOL_10023,100.0,2025-11-06
DON_50405,VOL_10023,50.0,2025-11-20
DON_50406,VOL_10023,100.0,2025-11-20
DON_50407,VOL_10023,10.0,2025-11-23
DON_50408,VOL_10023,50.0,2025-11-30
DON_50409,VOL_10023,100.0,2025-12-07
DON_50410,VOL_10023,100.0,2025-12-07
DON_50411,VOL_10023,25.0,2025-12-14
DON_50412,VOL_10023,10.0,2025-12-18
DON_50413,VOL_10023,10.0,2025-12-21
DON_50414,VOL_10023,10.0,2026-01-15
DON_50415,VOL_10023,25.0,2026-01-25
DON_50416,VOL_10023,10.0,2026-02-08
DON_50417,VOL_10023,25.0,2026-03-01
DON_50418,VOL_10023,10.0,2026-03-08
DON_50419,VOL_10023,25.0,2026-03-19
DON_50420,VOL_10023,50.0,2026-03-19
DON_50421,VOL_10023,50.0,2026-03-22
DON_50422,VOL_10023,50.0,2026-04-02
DON_50423,VOL_10024,25.0,2026-02-26
DON_50424,VOL_10024,100.0,2026-03-08
DON_50425,VOL_10024,50.0,2026-03-19
DON_50426,VOL_10024,25.0,2026-03-26
DON_50427,VOL_10024,25.0,2026-03-26
DON_50428,VOL_10024,25.0,2026-03-29
DON_50429,VOL_10024,10.0,2026-04-02
DON_50430,VOL_10024,10.0,2026-04-26
DON_50431,VOL_10026,10.0,2025-02-20
DON_50432,VOL_10026,10.0,2025-02-27
DON_50433,VOL_10026,10.0,2025-03-09
DON_50434,VOL_10026,50.0,2025-03-16
DON_50435,VOL_10026,25.0,2025-04-10
DON_50436,VOL_10026,10.0,2025-05-01
DON_50437,VOL_10026,50.0,2025-05-18
DON_50438,VOL_10026,50.0,2025-05-25
DON_50439,VOL_10026,10.0,2025-06-01
DON_50440,VOL_10026,10.0,2025-06-08
DON_50441,VOL_10026,25.0,2025-06-15
DON_50442,VOL_10026,100.0,2025-06-22
DON_50443,VOL_10026,25.0,2025-06-29
DON_50444,VOL_10026,10.0,2025-07-17
DON_50445,VOL_10026,10.0,2025-08-17
DON_50446,VOL_10026,25.0,2025-08-21
DON_50447,VOL_10026,10.0,2025-08-24
DON_50448,VOL_10026,10.0,2025-09-04
DON_50449,VOL_10026,10.0,2025-09-21
DON_50450,VOL_10026,25.0,2025-10-05
DON_50451,VOL_10026,10.0,2025-10-26
DON_50452,VOL_10026,10.0,2025-11-02
DON_50453,VOL_10026,50.0,2025-11-02
DON_50454,VOL_10026,10.0,2025-11-23
DON_50455,VOL_10026,50.0,2025-11-30
DON_50456,VOL_10026,25.0,2025-12-14
DON_50457,VOL_10026,50.0,2025-12-21
DON_50458,VOL_10026,10.0,2026-01-04
DON_50459,VOL_10026,25.0,2026-01-15
DON_50460,VOL_10026,10.0,2026-02-12
DON_50461,VOL_10026,10.0,2026-02-15
DON_50462,VOL_10026,50.0,2026-02-22
DON_50463,VOL_10026,25.0,2026-03-05
DON_50464,VOL_10026,10.0,2026-04-09
DON_50465,VOL_10027,10.0,2025-02-20
DON_50466,VOL_10027,25.0,2025-03-06
DON_50467,VOL_10027,25.0,2025-03-09
DON_50468,VOL_10027,50.0,2025-04-13
DON_50469,VOL_10027,25.0,2025-04-17
DON_50470,VOL_10027,25.0,2025-04-24
DON_50471,VOL_10027,10.0,2025-04-24
DON_50472,VOL_10027,25.0,2025-04-27
DON_50473,VOL_10027,10.0,2025-05-25
DON_50474,VOL_10027,10.0,2025-05-29
DON_50475,VOL_10027,25.0,2025-06-15
DON_50476,VOL_10027,25.0,2025-06-22
DON_50477,VOL_10027,10.0,2025-07-06
DON_50478,VOL_10027,50.0,2025-07-27
DON_50479,VOL_10027,10.0,2025-07-27
DON_50480,VOL_10027,25.0,2025-08-17
DON_50481,VOL_10027,10.0,2025-08-17
DON_50482,VOL_10027,100.0,2025-08-31
DON_50483,VOL_10027,10.0,2025-10-02
DON_50484,VOL_10027,100.0,2025-10-26
DON_50485,VOL_10027,10.0,2025-10-30
DON_50486,VOL_10027,10.0,2025-11-30
DON_50487,VOL_10027,25.0,2026-01-08
DON_50488,VOL_10027,10.0,2026-01-08
DON_50489,VOL_10027,25.0,2026-01-15
DON_50490,VOL_10027,10.0,2026-02-19
DON_50491,VOL_10027,50.0,2026-02-19
DON_50492,VOL_10027,100.0,2026-02-22
DON_50493,VOL_10027,25.0,2026-03-05
DON_50494,VOL_10027,10.0,2026-03-05
DON_50495,VOL_10027,10.0,2026-03-26
DON_50496,VOL_10027,100.0,2026-03-29
DON_50497,VOL_10027,10.0,2026-04-02
DON_50498,VOL_10027,10.0,2026-04-16
DON_50499,VOL_10027,25.0,2026-04-23
DON_50500,VOL_10027,50.0,2026-04-26
DON_50501,VOL_10027,100.0,2026-04-30
DON_50502,VOL_10028,10.0,2026-01-08
DON_50503,VOL_10028,25.0,2026-02-05
DON_50504,VOL_10028,10.0,2026-02-08
DON_50505,VOL_10028,10.0,2026-03-08
DON_50506,VOL_10028,10.0,2026-03-15
DON_50507,VOL_10028,10.0,2026-03-15
DON_50508,VOL_10029,50.0,2025-09-21
DON_50509,VOL_10029,25.0,2025-09-28
DON_50510,VOL_10029,50.0,2025-10-02
DON_50511,VOL_10029,50.0,2025-10-19
DON_50512,VOL_10030,10.0,2025-12-11
DON_50513,VOL_10030,10.0,2025-12-28
DON_50514,VOL_10030,25.0,2026-01-18
DON_50515,VOL_10030,25.0,2026-02-26
DON_50516,VOL_10030,25.0,2026-03-01
DON_50517,VOL_10030,25.0,2026-03-05
DON_50518,VOL_10030,25.0,2026-03-19
DON_50519,VOL_10031,50.0,2025-11-09
DON_50520,VOL_10031,25.0,2026-02-01
DON_50521,VOL_10031,100.0,2026-02-08
DON_50522,VOL_10031,25.0,2026-03-12
DON_50523,VOL_10032,25.0,2025-08-21
DON_50524,VOL_10033,10.0,2026-03-01
DON_50525,VOL_10033,10.0,2026-03-05
DON_50526,VOL_10033,10.0,2026-04-26
DON_50527,VOL_10033,50.0,2026-04-30
DON_50528,VOL_10034,100.0,2025-06-19
DON_50529,VOL_10034,10.0,2025-06-22
DON_50530,VOL_10035,100.0,2025-11-09
DON_50531,VOL_10035,100.0,2026-02-08
DON_50532,VOL_10035,25.0,2026-02-12
DON_50533,VOL_10035,50.0,2026-02-26
DON_50534,VOL_10035,10.0,2026-03-19
DON_50535,VOL_10035,10.0,2026-03-29
DON_50536,VOL_10036,50.0,2026-01-15
DON_50537,VOL_10036,50.0,2026-01-29
DON_50538,VOL_10036,25.0,2026-02-01
DON_50539,VOL_10036,25.0,2026-02-15
DON_50540,VOL_10036,10.0,2026-02-22
DON_50541,VOL_10036,50.0,2026-03-05
DON_50542,VOL_10036,10.0,2026-03-05
DON_50543,VOL_10036,10.0,2026-03-05
DON_50544,VOL_10036,10.0,2026-04-02
DON_50545,VOL_10036,10.0,2026-04-09
DON_50546,VOL_10036,25.0,2026-04-16
DON_50547,VOL_10036,10.0,2026-04-26
DON_50548,VOL_10037,50.0,2025-09-21
DON_50549,VOL_10037,50.0,2025-10-05
DON_50550,VOL_10037,100.0,2025-10-19
DON_50551,VOL_10037,10.0,2025-11-13
DON_50552,VOL_10037,25.0,2025-11-16
DON_50553,VOL_10037,10.0,2025-11-20
DON_50554,VOL_10037,10.0,2025-11-27
DON_50555,VOL_10037,50.0,2025-12-07
DON_50556,VOL_10037,10.0,2025-12-18
DON_50557,VOL_10037,50.0,2025-12-25
DON_50558,VOL_10037,50.0,2026-01-25
DON_50559,VOL_10037,25.0,2026-02-05
DON_50560,VOL_10037,50.0,2026-02-12
DON_50561,VOL_10037,25.0,2026-02-26
DON_50562,VOL_10037,10.0,2026-03-29
DON_50563,VOL_10037,25.0,2026-04-30
DON_50564,VOL_10038,10.0,2026-01-18
DON_50565,VOL_10038,50.0,2026-02-01
DON_50566,VOL_10038,50.0,2026-02-22
DON_50567,VOL_10038,10.0,2026-03-19
DON_50568,VOL_10038,10.0,2026-03-29
DON_50569,VOL_10038,10.0,2026-04-02
DON_50570,VOL_10038,50.0,2026-04-02
DON_50571,VOL_10038,25.0,2026-04-16
DON_50572,VOL_10039,10.0,2025-12-07
DON_50573,VOL_10039,50.0,2026-02-15
DON_50574,VOL_10039,10.0,2026-04-05
DON_50575,VOL_10040,50.0,2025-11-09
DON_50576,VOL_10040,25.0,2025-11-16
DON_50577,VOL_10040,10.0,2025-11-20
DON_50578,VOL_10040,10.0,2025-11-23
DON_50579,VOL_10040,50.0,2025-11-27
DON_50580,VOL_10040,25.0,2025-12-04
DON_50581,VOL_10040,50.0,2025-12-04
DON_50582,VOL_10040,10.0,2025-12-14
DON_50583,VOL_10040,25.0,2025-12-25
DON_50584,VOL_10040,10.0,2026-01-01
DON_50585,VOL_10040,10.0,2026-01-22
DON_50586,VOL_10040,50.0,2026-02-19
DON_50587,VOL_10040,25.0,2026-03-08
DON_50588,VOL_10040,25.0,2026-04-09
DON_50589,VOL_10041,10.0,2025-02-02
DON_50590,VOL_10041,50.0,2025-03-02
DON_50591,VOL_10041,10.0,2025-03-27
DON_50592,VOL_10041,25.0,2025-04-13
DON_50593,VOL_10041,10.0,2025-04-17
DON_50594,VOL_10041,10.0,2025-04-27
DON_50595,VOL_10041,10.0,2025-05-04
DON_50596,VOL_10041,100.0,2025-05-08
DON_50597,VOL_10041,10.0,2025-05-11
DON_50598,VOL_10041,10.0,2025-05-18
DON_50599,VOL_10041,25.0,2025-07-20
DON_50600,VOL_10041,10.0,2025-07-27
DON_50601,VOL_10041,10.0,2025-08-03
DON_50602,VOL_10041,50.0,2025-08-10
DON_50603,VOL_10041,25.0,2025-08-28
DON_50604,VOL_10041,10.0,2025-09-11
DON_50605,VOL_10041,25.0,2025-09-28
DON_50606,VOL_10041,50.0,2025-10-30
DON_50607,VOL_10041,10.0,2025-11-13
DON_50608,VOL_10041,25.0,2025-11-13
DON_50609,VOL_10041,10.0,2025-12-04
DON_50610,VOL_10041,10.0,2025-12-07
DON_50611,VOL_10041,10.0,2026-01-08
DON_50612,VOL_10041,25.0,2026-01-15
DON_50613,VOL_10041,10.0,2026-02-08
DON_50614,VOL_10041,10.0,2026-02-12
DON_50615,VOL_10041,50.0,2026-02-12
DON_50616,VOL_10041,100.0,2026-02-15
DON_50617,VOL_10041,10.0,2026-03-19
DON_50618,VOL_10041,25.0,2026-04-05
DON_50619,VOL_10041,10.0,2026-04-23
DON_50620,VOL_10042,50.0,2025-04-17
DON_50621,VOL_10042,50.0,2025-05-29
DON_50622,VOL_10042,100.0,2025-07-13
DON_50623,VOL_10042,10.0,2025-07-20
DON_50624,VOL_10042,50.0,2025-08-14
DON_50625,VOL_10042,10.0,2025-08-17
DON_50626,VOL_10042,25.0,2025-11-06
DON_50627,VOL_10042,10.0,2025-11-16
DON_50628,VOL_10042,10.0,2025-12-04
DON_50629,VOL_10042,25.0,2025-12-07
DON_50630,VOL_10042,10.0,2025-12-25
DON_50631,VOL_10042,25.0,2026-03-08
DON_50632,VOL_10042,10.0,2026-03-26
DON_50633,VOL_10042,10.0,2026-04-16
DON_50634,VOL_10042,10.0,2026-04-30
DON_50635,VOL_10042,100.0,2026-04-30
DON_50636,VOL_10043,10.0,2025-05-11
DON_50637,VOL_10043,25.0,2025-05-15
DON_50638,VOL_10043,10.0,2025-05-29
DON_50639,VOL_10043,10.0,2025-06-12
DON_50640,VOL_10043,10.0,2025-07-06
DON_50641,VOL_10043,25.0,2025-07-20
DON_50642,VOL_10043,10.0,2025-08-21
DON_50643,VOL_10043,25.0,2025-10-02
DON_50644,VOL_10043,10.0,2025-10-16
DON_50645,VOL_10043,10.0,2025-10-23
DON_50646,VOL_10043,10.0,2025-10-26
DON_50647,VOL_10043,25.0,2025-11-09
DON_50648,VOL_10043,25.0,2025-12-04
DON_50649,VOL_10043,25.0,2025-12-28
DON_50650,VOL_10043,25.0,2025-12-28
DON_50651,VOL_10043,100.0,2026-01-29
DON_50652,VOL_10043,10.0,2026-02-08
DON_50653,VOL_10043,10.0,2026-02-12
DON_50654,VOL_10043,25.0,2026-03-12
DON_50655,VOL_10043,25.0,2026-03-15
DON_50656,VOL_10043,100.0,2026-03-26
DON_50657,VOL_10043,25.0,2026-04-09
DON_50658,VOL_10043,25.0,2026-04-16
DON_50659,VOL_10043,10.0,2026-04-16
DON_50660,VOL_10043,10.0,2026-04-19
DON_50661,VOL_10043,100.0,2026-04-30
DON_50662,VOL_10044,100.0,2025-02-23
DON_50663,VOL_10044,25.0,2025-02-27
DON_50664,VOL_10044,10.0,2025-03-16
DON_50665,VOL_10044,100.0,2025-04-13
DON_50666,VOL_10044,10.0,2025-05-15
DON_50667,VOL_10044,10.0,2025-05-18
DON_50668,VOL_10044,50.0,2025-08-14
DON_50669,VOL_10044,100.0,2025-08-24
DON_50670,VOL_10044,25.0,2025-09-28
DON_50671,VOL_10044,10.0,2025-11-06
DON_50672,VOL_10044,10.0,2025-11-20
DON_50673,VOL_10044,50.0,2025-11-23
DON_50674,VOL_10044,25.0,2025-12-28
DON_50675,VOL_10044,100.0,2026-01-25
DON_50676,VOL_10044,25.0,2026-01-29
DON_50677,VOL_10044,50.0,2026-02-26
DON_50678,VOL_10044,100.0,2026-03-05
DON_50679,VOL_10044,10.0,2026-03-08
DON_50680,VOL_10044,25.0,2026-03-12
DON_50681,VOL_10044,25.0,2026-03-22
DON_50682,VOL_10044,100.0,2026-04-23
DON_50683,VOL_10045,25.0,2025-04-17
DON_50684,VOL_10046,50.0,2025-02-27
DON_50685,VOL_10046,10.0,2025-03-13
DON_50686,VOL_10046,50.0,2025-03-27
DON_50687,VOL_10046,10.0,2025-04-06
DON_50688,VOL_10046,25.0,2025-04-17
DON_50689,VOL_10046,50.0,2025-07-06
DON_50690,VOL_10046,50.0,2025-07-17
DON_50691,VOL_10046,10.0,2025-07-20
DON_50692,VOL_10046,25.0,2025-07-20
DON_50693,VOL_10046,25.0,2025-07-27
DON_50694,VOL_10046,10.0,2025-08-10
DON_50695,VOL_10046,10.0,2025-08-17
DON_50696,VOL_10046,10.0,2025-09-14
DON_50697,VOL_10046,10.0,2025-10-19
DON_50698,VOL_10046,10.0,2025-10-26
DON_50699,VOL_10046,50.0,2025-10-30
DON_50700,VOL_10046,10.0,2025-10-30
DON_50701,VOL_10046,25.0,2025-11-06
DON_50702,VOL_10046,10.0,2025-11-23
DON_50703,VOL_10046,100.0,2025-12-04
DON_50704,VOL_10046,25.0,2026-01-01
DON_50705,VOL_10046,100.0,2026-01-04
DON_50706,VOL_10046,25.0,2026-01-08
DON_50707,VOL_10046,50.0,2026-01-18
DON_50708,VOL_10046,10.0,2026-01-22
DON_50709,VOL_10046,10.0,2026-02-12
DON_50710,VOL_10046,25.0,2026-02-15
DON_50711,VOL_10046,10.0,2026-02-19
DON_50712,VOL_10046,10.0,2026-03-12
DON_50713,VOL_10046,10.0,2026-03-22
DON_50714,VOL_10046,10.0,2026-04-09
DON_50715,VOL_10046,10.0,2026-04-16
DON_50716,VOL_10046,25.0,2026-04-26
DON_50717,VOL_10047,100.0,2025-05-01
DON_50718,VOL_10047,25.0,2025-05-04
DON_50719,VOL_10047,25.0,2025-05-04
DON_50720,VOL_10047,25.0,2025-05-15
DON_50721,VOL_10047,50.0,2025-05-22
DON_50722,VOL_10047,10.0,2025-05-29
DON_50723,VOL_10047,10.0,2025-06-08
DON_50724,VOL_10047,50.0,2025-06-19
DON_50725,VOL_10047,10.0,2025-06-26
DON_50726,VOL_10047,25.0,2025-07-06
DON_50727,VOL_10047,25.0,2025-07-10
DON_50728,VOL_10047,10.0,2025-07-20
DON_50729,VOL_10047,25.0,2025-07-24
DON_50730,VOL_10047,25.0,2025-08-14
DON_50731,VOL_10047,10.0,2025-08-28
DON_50732,VOL_10047,100.0,2025-09-28
DON_50733,VOL_10047,10.0,2025-10-02
DON_50734,VOL_10047,25.0,2025-10-05
DON_50735,VOL_10047,50.0,2025-10-12
DON_50736,VOL_10047,10.0,2025-11-02
DON_50737,VOL_10047,100.0,2025-11-16
DON_50738,VOL_10047,10.0,2025-11-23
DON_50739,VOL_10047,10.0,2025-12-21
DON_50740,VOL_10047,100.0,2026-01-25
DON_50741,VOL_10047,100.0,2026-02-19
DON_50742,VOL_10047,10.0,2026-02-19
DON_50743,VOL_10047,100.0,2026-02-26
DON_50744,VOL_10047,10.0,2026-03-08
DON_50745,VOL_10047,50.0,2026-04-16
DON_50746,VOL_10047,50.0,2026-04-26
DON_50747,VOL_10048,50.0,2025-10-12
DON_50748,VOL_10048,10.0,2025-10-12
DON_50749,VOL_10048,25.0,2025-10-19
DON_50750,VOL_10048,25.0,2025-11-09
DON_50751,VOL_10048,100.0,2025-11-09
DON_50752,VOL_10048,25.0,2025-11-09
DON_50753,VOL_10048,10.0,2025-11-09
DON_50754,VOL_10048,50.0,2025-12-28
DON_50755,VOL_10048,10.0,2026-01-22
DON_50756,VOL_10048,25.0,2026-01-25
DON_50757,VOL_10048,100.0,2026-02-22
DON_50758,VOL_10048,10.0,2026-03-05
DON_50759,VOL_10048,10.0,2026-03-08
DON_50760,VOL_10048,10.0,2026-04-12
DON_50761,VOL_10048,50.0,2026-04-16
DON_50762,VOL_10048,10.0,2026-04-16
DON_50763,VOL_10049,50.0,2025-06-12
DON_50764,VOL_10049,10.0,2025-06-19
DON_50765,VOL_10049,100.0,2025-07-06
DON_50766,VOL_10049,100.0,2025-07-13
DON_50767,VOL_10049,10.0,2025-07-13
DON_50768,VOL_10049,100.0,2025-07-20
DON_50769,VOL_10049,10.0,2025-08-10
DON_50770,VOL_10049,50.0,2025-08-17
DON_50771,VOL_10049,10.0,2025-08-17
DON_50772,VOL_10049,50.0,2025-08-24
DON_50773,VOL_10049,10.0,2025-09-25
DON_50774,VOL_10049,100.0,2025-10-12
DON_50775,VOL_10049,10.0,2025-10-19
DON_50776,VOL_10049,10.0,2025-10-26
DON_50777,VOL_10049,50.0,2025-11-23
DON_50778,VOL_10049,100.0,2025-11-23
DON_50779,VOL_10049,10.0,2025-12-04
DON_50780,VOL_10049,25.0,2025-12-14
DON_50781,VOL_10049,10.0,2025-12-18
DON_50782,VOL_10049,10.0,2025-12-25
DON_50783,VOL_10049,25.0,2026-02-01
DON_50784,VOL_10049,10.0,2026-02-08
DON_50785,VOL_10049,10.0,2026-02-15
DON_50786,VOL_10049,50.0,2026-02-26
DON_50787,VOL_10049,25.0,2026-03-01
DON_50788,VOL_10049,50.0,2026-04-12
DON_50789,VOL_10050,25.0,2025-06-19
DON_50790,VOL_10050,10.0,2025-07-17
DON_50791,VOL_10050,25.0,2025-07-17
DON_50792,VOL_10050,50.0,2025-07-17
DON_50793,VOL_10050,25.0,2025-07-20
DON_50794,VOL_10050,25.0,2025-07-20
DON_50795,VOL_10050,100.0,2025-07-24
DON_50796,VOL_10050,50.0,2025-08-24
DON_50797,VOL_10050,25.0,2025-09-18
DON_50798,VOL_10050,50.0,2025-09-25
DON_50799,VOL_10050,10.0,2025-10-02
DON_50800,VOL_10050,50.0,2025-10-05
DON_50801,VOL_10050,25.0,2025-10-16
DON_50802,VOL_10050,10.0,2025-10-19
DON_50803,VOL_10050,50.0,2025-10-23
DON_50804,VOL_10050,100.0,2025-11-09
DON_50805,VOL_10050,10.0,2025-11-16
DON_50806,VOL_10050,25.0,2025-11-16
DON_50807,VOL_10050,10.0,2025-12-07
DON_50808,VOL_10050,50.0,2025-12-21
DON_50809,VOL_10050,10.0,2025-12-28
DON_50810,VOL_10050,25.0,2026-01-04
DON_50811,VOL_10050,10.0,2026-01-25
DON_50812,VOL_10050,50.0,2026-02-26
DON_50813,VOL_10050,10.0,2026-03-12
DON_50814,VOL_10050,50.0,2026-03-12
DON_50815,VOL_10050,10.0,2026-03-12
DON_50816,VOL_10050,25.0,2026-03-29
DON_50817,VOL_10050,25.0,2026-04-09
DON_50818,VOL_10050,10.0,2026-04-16
DON_50819,VOL_10050,10.0,2026-04-16
DON_50820,VOL_10051,50.0,2025-04-10
DON_50821,VOL_10051,25.0,2025-04-20
DON_50822,VOL_10051,10.0,2025-04-24
DON_50823,VOL_10051,100.0,2025-04-27
DON_50824,VOL_10051,10.0,2025-05-01
DON_50825,VOL_10051,25.0,2025-05-18
DON_50826,VOL_10051,10.0,2025-05-25
DON_50827,VOL_10051,50.0,2025-06-01
DON_50828,VOL_10051,10.0,2025-06-15
DON_50829,VOL_10051,10.0,2025-06-19
DON_50830,VOL_10051,25.0,2025-06-22
DON_50831,VOL_10051,10.0,2025-07-17
DON_50832,VOL_10051,10.0,2025-07-24
DON_50833,VOL_10051,10.0,2025-08-07
DON_50834,VOL_10051,10.0,2025-08-14
DON_50835,VOL_10051,25.0,2025-08-17
DON_50836,VOL_10051,10.0,2025-09-04
DON_50837,VOL_10051,10.0,2025-10-12
DON_50838,VOL_10051,10.0,2025-10-16
DON_50839,VOL_10051,10.0,2025-10-23
DON_50840,VOL_10051,25.0,2025-11-02
DON_50841,VOL_10051,10.0,2025-11-16
DON_50842,VOL_10051,50.0,2025-11-27
DON_50843,VOL_10051,10.0,2025-11-27
DON_50844,VOL_10051,25.0,2025-12-04
DON_50845,VOL_10051,100.0,2025-12-21
DON_50846,VOL_10051,10.0,2025-12-25
DON_50847,VOL_10051,25.0,2025-12-28
DON_50848,VOL_10051,50.0,2026-01-01
DON_50849,VOL_10051,10.0,2026-01-18
DON_50850,VOL_10051,50.0,2026-02-15
DON_50851,VOL_10051,25.0,2026-02-26
DON_50852,VOL_10051,100.0,2026-02-26
DON_50853,VOL_10051,100.0,2026-03-05
DON_50854,VOL_10051,10.0,2026-03-15
DON_50855,VOL_10051,25.0,2026-04-09
DON_50856,VOL_10051,25.0,2026-04-26
DON_50857,VOL_10052,10.0,2025-05-04
DON_50858,VOL_10052,25.0,2025-05-08
DON_50859,VOL_10052,25.0,2025-05-15
DON_50860,VOL_10052,50.0,2025-05-22
DON_50861,VOL_10052,10.0,2025-05-25
DON_50862,VOL_10052,100.0,2025-06-01
DON_50863,VOL_10052,25.0,2025-06-08
DON_50864,VOL_10052,50.0,2025-06-08
DON_50865,VOL_10052,10.0,2025-06-26
DON_50866,VOL_10052,25.0,2025-07-13
DON_50867,VOL_10052,10.0,2025-07-17
DON_50868,VOL_10052,25.0,2025-07-20
DON_50869,VOL_10052,10.0,2025-07-27
DON_50870,VOL_10052,100.0,2025-08-14
DON_50871,VOL_10052,25.0,2025-08-24
DON_50872,VOL_10052,25.0,2025-10-30
DON_50873,VOL_10052,25.0,2025-11-02
DON_50874,VOL_10052,100.0,2025-11-06
DON_50875,VOL_10052,10.0,2025-11-16
DON_50876,VOL_10052,10.0,2025-11-27
DON_50877,VOL_10052,25.0,2025-11-27
DON_50878,VOL_10052,10.0,2025-11-27
DON_50879,VOL_10052,100.0,2025-12-18
DON_50880,VOL_10052,10.0,2025-12-18
DON_50881,VOL_10052,10.0,2026-02-26
DON_50882,VOL_10052,10.0,2026-03-15
DON_50883,VOL_10052,25.0,2026-03-26
DON_50884,VOL_10052,100.0,2026-04-09
DON_50885,VOL_10052,10.0,2026-04-26
DON_50886,VOL_10052,25.0,2026-04-30
DON_50887,VOL_10053,10.0,2026-02-26
DON_50888,VOL_10053,10.0,2026-02-26
DON_50889,VOL_10053,25.0,2026-03-05
DON_50890,VOL_10053,10.0,2026-03-12
DON_50891,VOL_10053,100.0,2026-03-19
DON_50892,VOL_10053,25.0,2026-04-12
DON_50893,VOL_10053,10.0,2026-04-19
DON_50894,VOL_10053,25.0,2026-04-23
DON_50895,VOL_10053,25.0,2026-04-26
DON_50896,VOL_10054,25.0,2025-10-05
DON_50897,VOL_10054,25.0,2025-10-30
DON_50898,VOL_10054,50.0,2025-11-23
DON_50899,VOL_10054,50.0,2026-01-08
DON_50900,VOL_10054,10.0,2026-02-19
DON_50901,VOL_10054,10.0,2026-03-05
DON_50902,VOL_10054,10.0,2026-03-12
DON_50903,VOL_10054,50.0,2026-04-12
DON_50904,VOL_10055,25.0,2025-09-28
DON_50905,VOL_10055,10.0,2025-09-28
DON_50906,VOL_10055,10.0,2025-10-02
DON_50907,VOL_10055,25.0,2025-10-23
DON_50908,VOL_10055,100.0,2025-10-26
DON_50909,VOL_10055,25.0,2025-11-09
DON_50910,VOL_10055,10.0,2025-11-09
DON_50911,VOL_10055,10.0,2025-11-27
DON_50912,VOL_10055,10.0,2025-12-04
DON_50913,VOL_10055,10.0,2025-12-18
DON_50914,VOL_10055,25.0,2025-12-21
DON_50915,VOL_10055,50.0,2025-12-28
DON_50916,VOL_10055,25.0,2026-01-04
DON_50917,VOL_10055,50.0,2026-01-15
DON_50918,VOL_10055,100.0,2026-01-18
DON_50919,VOL_10055,10.0,2026-01-18
DON_50920,VOL_10055,100.0,2026-03-12
DON_50921,VOL_10055,10.0,2026-03-19
DON_50922,VOL_10055,10.0,2026-03-26
DON_50923,VOL_10055,50.0,2026-04-30
DON_50924,VOL_10056,25.0,2025-04-10
DON_50925,VOL_10057,25.0,2025-11-27
DON_50926,VOL_10057,25.0,2025-11-27
DON_50927,VOL_10057,25.0,2025-11-30
DON_50928,VOL_10057,10.0,2025-12-25
DON_50929,VOL_10057,10.0,2026-01-04
DON_50930,VOL_10057,25.0,2026-01-15
DON_50931,VOL_10057,25.0,2026-02-12
DON_50932,VOL_10057,50.0,2026-02-19
DON_50933,VOL_10057,50.0,2026-02-22
DON_50934,VOL_10057,100.0,2026-02-26
DON_50935,VOL_10057,10.0,2026-03-05
DON_50936,VOL_10057,10.0,2026-03-12
DON_50937,VOL_10057,100.0,2026-04-23
DON_50938,VOL_10058,10.0,2025-04-17
DON_50939,VOL_10058,100.0,2025-04-17
DON_50940,VOL_10058,25.0,2025-04-20
DON_50941,VOL_10058,100.0,2025-04-24
DON_50942,VOL_10058,50.0,2025-05-25
DON_50943,VOL_10058,10.0,2025-06-01
DON_50944,VOL_10058,50.0,2025-06-05
DON_50945,VOL_10058,10.0,2025-06-22
DON_50946,VOL_10058,25.0,2025-06-22
DON_50947,VOL_10058,100.0,2025-07-06
DON_50948,VOL_10058,25.0,2025-07-17
DON_50949,VOL_10058,10.0,2025-07-20
DON_50950,VOL_10058,10.0,2025-07-20
DON_50951,VOL_10058,50.0,2025-07-27
DON_50952,VOL_10058,25.0,2025-10-05
DON_50953,VOL_10058,100.0,2025-10-23
DON_50954,VOL_10058,10.0,2025-11-06
DON_50955,VOL_10058,50.0,2025-11-09
DON_50956,VOL_10058,10.0,2025-11-16
DON_50957,VOL_10058,25.0,2025-11-20
DON_50958,VOL_10058,25.0,2025-12-07
DON_50959,VOL_10058,10.0,2025-12-14
DON_50960,VOL_10058,10.0,2025-12-28
DON_50961,VOL_10058,25.0,2026-01-22
DON_50962,VOL_10058,10.0,2026-01-25
DON_50963,VOL_10058,50.0,2026-01-29
DON_50964,VOL_10058,50.0,2026-02-01
DON_50965,VOL_10058,25.0,2026-03-12
DON_50966,VOL_10058,50.0,2026-03-15
DON_50967,VOL_10058,50.0,2026-03-19
DON_50968,VOL_10058,10.0,2026-03-22
DON_50969,VOL_10058,25.0,2026-04-02
DON_50970,VOL_10058,10.0,2026-04-19
DON_50971,VOL_10058,10.0,2026-04-26
DON_50972,VOL_10060,100.0,2026-03-01
DON_50973,VOL_10060,10.0,2026-03-15
DON_50974,VOL_10060,25.0,2026-04-16
DON_50975,VOL_10060,10.0,2026-04-19
DON_50976,VOL_10060,25.0,2026-04-23
DON_50977,VOL_10061,10.0,2025-10-23
DON_50978,VOL_10061,50.0,2025-10-30
DON_50979,VOL_10061,25.0,2025-11-13
DON_50980,VOL_10061,10.0,2025-11-13
DON_50981,VOL_10061,100.0,2025-11-27
DON_50982,VOL_10061,25.0,2025-12-07
DON_50983,VOL_10061,10.0,2025-12-14
DON_50984,VOL_10061,50.0,2025-12-18
DON_50985,VOL_10061,10.0,2025-12-18
DON_50986,VOL_10061,25.0,2026-01-08
DON_50987,VOL_10061,10.0,2026-01-08
DON_50988,VOL_10061,50.0,2026-01-15
DON_50989,VOL_10061,100.0,2026-01-22
DON_50990,VOL_10061,100.0,2026-01-22
DON_50991,VOL_10061,25.0,2026-02-12
DON_50992,VOL_10061,10.0,2026-03-01
DON_50993,VOL_10061,10.0,2026-04-19
DON_50994,VOL_10061,25.0,2026-04-26
DON_50995,VOL_10063,10.0,2025-11-02
DON_50996,VOL_10063,10.0,2025-11-09
DON_50997,VOL_10063,10.0,2025-11-13
DON_50998,VOL_10063,50.0,2025-11-20
DON_50999,VOL_10063,10.0,2025-11-27
DON_51000,VOL_10063,10.0,2025-11-27
DON_51001,VOL_10063,25.0,2025-12-25
DON_51002,VOL_10063,25.0,2026-02-01
DON_51003,VOL_10063,25.0,2026-02-19
DON_51004,VOL_10063,25.0,2026-04-09
DON_51005,VOL_10063,25.0,2026-04-09
DON_51006,VOL_10063,10.0,2026-04-26
DON_51007,VOL_10064,25.0,2026-01-08
DON_51008,VOL_10064,25.0,2026-01-22
DON_51009,VOL_10064,25.0,2026-01-22
DON_51010,VOL_10064,25.0,2026-01-22
DON_51011,VOL_10064,10.0,2026-02-08
DON_51012,VOL_10064,10.0,2026-02-26
DON_51013,VOL_10064,10.0,2026-02-26
DON_51014,VOL_10064,50.0,2026-03-08
DON_51015,VOL_10064,10.0,2026-03-08
DON_51016,VOL_10064,10.0,2026-03-12
DON_51017,VOL_10064,10.0,2026-04-09
DON_51018,VOL_10064,25.0,2026-04-16
DON_51019,VOL_10064,25.0,2026-04-23
DON_51020,VOL_10065,100.0,2025-12-04
DON_51021,VOL_10065,10.0,2025-12-04
DON_51022,VOL_10065,10.0,2025-12-07
DON_51023,VOL_10065,50.0,2026-01-08
DON_51024,VOL_10065,25.0,2026-01-29
DON_51025,VOL_10065,10.0,2026-02-05
DON_51026,VOL_10065,10.0,2026-02-12
DON_51027,VOL_10065,10.0,2026-02-12
DON_51028,VOL_10065,25.0,2026-02-22
DON_51029,VOL_10065,50.0,2026-03-08
DON_51030,VOL_10065,10.0,2026-03-12
DON_51031,VOL_10065,100.0,2026-04-23
DON_51032,VOL_10065,25.0,2026-04-30
DON_51033,VOL_10067,25.0,2025-01-16
DON_51034,VOL_10067,10.0,2025-01-19
DON_51035,VOL_10067,25.0,2025-02-09
DON_51036,VOL_10067,100.0,2025-02-27
DON_51037,VOL_10067,25.0,2025-03-13
DON_51038,VOL_10067,25.0,2025-03-20
DON_51039,VOL_10067,25.0,2025-04-03
DON_51040,VOL_10067,10.0,2025-04-13
DON_51041,VOL_10067,25.0,2025-04-17
DON_51042,VOL_10067,10.0,2025-04-27
DON_51043,VOL_10067,25.0,2025-05-11
DON_51044,VOL_10067,25.0,2025-05-29
DON_51045,VOL_10067,100.0,2025-06-12
DON_51046,VOL_10067,50.0,2025-06-15
DON_51047,VOL_10067,100.0,2025-06-15
DON_51048,VOL_10067,10.0,2025-07-06
DON_51049,VOL_10067,50.0,2025-07-13
DON_51050,VOL_10067,50.0,2025-07-31
DON_51051,VOL_10067,10.0,2025-07-31
DON_51052,VOL_10067,100.0,2025-07-31
DON_51053,VOL_10067,10.0,2025-07-31
DON_51054,VOL_10067,10.0,2025-08-10
DON_51055,VOL_10067,10.0,2025-08-10
DON_51056,VOL_10067,25.0,2025-10-02
DON_51057,VOL_10067,50.0,2025-10-02
DON_51058,VOL_10067,10.0,2025-10-23
DON_51059,VOL_10067,10.0,2025-12-04
DON_51060,VOL_10067,25.0,2026-02-08
DON_51061,VOL_10067,10.0,2026-02-15
DON_51062,VOL_10067,10.0,2026-02-22
DON_51063,VOL_10067,10.0,2026-02-26
DON_51064,VOL_10067,10.0,2026-03-05
DON_51065,VOL_10067,25.0,2026-03-19
DON_51066,VOL_10067,50.0,2026-03-19
DON_51067,VOL_10067,10.0,2026-04-12
DON_51068,VOL_10067,10.0,2026-04-16
DON_51069,VOL_10067,25.0,2026-04-23
DON_51070,VOL_10067,50.0,2026-04-26
DON_51071,VOL_10067,50.0,2026-04-26
DON_51072,VOL_10068,10.0,2025-05-29
DON_51073,VOL_10069,50.0,2025-05-04
DON_51074,VOL_10070,100.0,2025-04-27
DON_51075,VOL_10070,10.0,2025-06-15
DON_51076,VOL_10070,10.0,2025-06-26
DON_51077,VOL_10070,25.0,2025-06-26
DON_51078,VOL_10070,25.0,2025-06-29
DON_51079,VOL_10070,10.0,2025-06-29
DON_51080,VOL_10070,50.0,2025-07-06
DON_51081,VOL_10070,50.0,2025-07-24
DON_51082,VOL_10070,10.0,2025-07-27
DON_51083,VOL_10070,25.0,2025-07-31
DON_51084,VOL_10070,100.0,2025-08-10
DON_51085,VOL_10070,100.0,2025-09-28
DON_51086,VOL_10070,10.0,2025-10-05
DON_51087,VOL_10070,25.0,2025-10-12
DON_51088,VOL_10070,100.0,2025-10-12
DON_51089,VOL_10070,25.0,2025-11-09
DON_51090,VOL_10070,25.0,2025-11-16
DON_51091,VOL_10070,25.0,2025-11-23
DON_51092,VOL_10070,50.0,2025-11-27
DON_51093,VOL_10070,10.0,2025-12-18
DON_51094,VOL_10070,25.0,2025-12-25
DON_51095,VOL_10070,50.0,2025-12-25
DON_51096,VOL_10070,100.0,2025-12-28
DON_51097,VOL_10070,10.0,2026-01-15
DON_51098,VOL_10070,10.0,2026-02-01
DON_51099,VOL_10070,100.0,2026-02-01
DON_51100,VOL_10070,10.0,2026-02-15
DON_51101,VOL_10070,10.0,2026-02-26
DON_51102,VOL_10070,100.0,2026-03-08
DON_51103,VOL_10070,10.0,2026-03-12
DON_51104,VOL_10070,100.0,2026-03-15
DON_51105,VOL_10070,25.0,2026-03-29
DON_51106,VOL_10070,25.0,2026-03-29
DON_51107,VOL_10070,25.0,2026-04-19
DON_51108,VOL_10070,10.0,2026-04-30
DON_51109,VOL_10071,10.0,2026-02-08
DON_51110,VOL_10071,10.0,2026-02-26
DON_51111,VOL_10071,10.0,2026-02-26
DON_51112,VOL_10071,25.0,2026-03-05
DON_51113,VOL_10071,10.0,2026-03-19
DON_51114,VOL_10071,50.0,2026-03-22
DON_51115,VOL_10071,25.0,2026-04-16
DON_51116,VOL_10071,100.0,2026-04-23
DON_51117,VOL_10071,50.0,2026-04-26
DON_51118,VOL_10072,10.0,2026-02-08
DON_51119,VOL_10072,100.0,2026-02-26
DON_51120,VOL_10072,25.0,2026-02-26
DON_51121,VOL_10072,10.0,2026-03-08
DON_51122,VOL_10072,10.0,2026-03-19
DON_51123,VOL_10072,10.0,2026-03-26
DON_51124,VOL_10072,25.0,2026-04-12
DON_51125,VOL_10072,100.0,2026-04-16
DON_51126,VOL_10073,25.0,2025-05-15
DON_51127,VOL_10073,10.0,2025-06-08
DON_51128,VOL_10073,10.0,2025-06-15
DON_51129,VOL_10073,10.0,2025-06-15
DON_51130,VOL_10073,25.0,2025-06-29
DON_51131,VOL_10073,25.0,2025-07-10
DON_51132,VOL_10073,100.0,2025-08-31
DON_51133,VOL_10073,10.0,2025-09-04
DON_51134,VOL_10073,100.0,2025-09-28
DON_51135,VOL_10073,50.0,2025-10-02
DON_51136,VOL_10073,10.0,2025-11-13
DON_51137,VOL_10073,25.0,2025-11-13
DON_51138,VOL_10073,10.0,2025-12-04
DON_51139,VOL_10073,25.0,2025-12-21
DON_51140,VOL_10073,50.0,2025-12-25
DON_51141,VOL_10073,10.0,2025-12-28
DON_51142,VOL_10073,10.0,2026-01-11
DON_51143,VOL_10073,50.0,2026-01-29
DON_51144,VOL_10073,10.0,2026-02-08
DON_51145,VOL_10073,25.0,2026-02-15
DON_51146,VOL_10073,25.0,2026-02-19
DON_51147,VOL_10073,10.0,2026-03-12
DON_51148,VOL_10073,10.0,2026-03-19
DON_51149,VOL_10073,25.0,2026-04-19
DON_51150,VOL_10074,25.0,2025-11-09
DON_51151,VOL_10074,10.0,2025-11-13
DON_51152,VOL_10074,50.0,2025-11-16
DON_51153,VOL_10074,50.0,2025-12-04
DON_51154,VOL_10074,25.0,2025-12-07
DON_51155,VOL_10074,50.0,2025-12-28
DON_51156,VOL_10074,25.0,2026-01-11
DON_51157,VOL_10074,10.0,2026-01-15
DON_51158,VOL_10074,25.0,2026-02-01
DON_51159,VOL_10074,100.0,2026-02-08
DON_51160,VOL_10074,50.0,2026-02-19
DON_51161,VOL_10074,50.0,2026-02-22
DON_51162,VOL_10074,10.0,2026-03-05
DON_51163,VOL_10074,50.0,2026-04-12
DON_51164,VOL_10074,25.0,2026-04-26
DON_51165,VOL_10075,10.0,2025-08-31
DON_51166,VOL_10075,10.0,2025-09-14
DON_51167,VOL_10075,100.0,2025-10-16
DON_51168,VOL_10075,25.0,2025-10-23
DON_51169,VOL_10075,25.0,2025-10-30
DON_51170,VOL_10075,25.0,2025-11-02
DON_51171,VOL_10075,10.0,2025-11-23
DON_51172,VOL_10075,10.0,2025-11-27
DON_51173,VOL_10075,25.0,2026-02-22
DON_51174,VOL_10075,100.0,2026-04-19
DON_51175,VOL_10075,25.0,2026-04-26
DON_51176,VOL_10076,25.0,2026-02-01
DON_51177,VOL_10076,50.0,2026-02-05
DON_51178,VOL_10076,50.0,2026-03-15
DON_51179,VOL_10076,10.0,2026-03-19
DON_51180,VOL_10076,50.0,2026-04-30
DON_51181,VOL_10077,25.0,2025-07-31
DON_51182,VOL_10077,50.0,2025-08-10
DON_51183,VOL_10077,25.0,2025-08-31
DON_51184,VOL_10077,10.0,2025-09-11
DON_51185,VOL_10077,25.0,2025-10-05
DON_51186,VOL_10077,25.0,2025-11-16
DON_51187,VOL_10077,25.0,2025-11-23
DON_51188,VOL_10077,50.0,2025-12-18
DON_51189,VOL_10077,25.0,2026-02-01
DON_51190,VOL_10077,10.0,2026-02-01
DON_51191,VOL_10077,100.0,2026-03-05
DON_51192,VOL_10077,50.0,2026-03-08
DON_51193,VOL_10077,25.0,2026-03-12
DON_51194,VOL_10077,10.0,2026-03-12
DON_51195,VOL_10077,25.0,2026-03-15
DON_51196,VOL_10077,100.0,2026-03-19
DON_51197,VOL_10077,25.0,2026-03-22
DON_51198,VOL_10077,25.0,2026-04-02
DON_51199,VOL_10078,50.0,2025-04-27
DON_51200,VOL_10078,50.0,2025-04-27
DON_51201,VOL_10078,10.0,2025-05-04
DON_51202,VOL_10078,10.0,2025-05-08
DON_51203,VOL_10078,10.0,2025-05-11
DON_51204,VOL_10078,10.0,2025-05-18
DON_51205,VOL_10078,10.0,2025-05-18
DON_51206,VOL_10078,10.0,2025-05-29
DON_51207,VOL_10078,10.0,2025-06-15
DON_51208,VOL_10078,100.0,2025-06-22
DON_51209,VOL_10078,100.0,2025-06-22
DON_51210,VOL_10078,25.0,2025-06-26
DON_51211,VOL_10078,10.0,2025-08-07
DON_51212,VOL_10078,10.0,2025-08-10
DON_51213,VOL_10078,10.0,2025-08-24
DON_51214,VOL_10078,10.0,2025-08-24
DON_51215,VOL_10078,50.0,2025-08-24
DON_51216,VOL_10078,100.0,2025-09-04
DON_51217,VOL_10078,10.0,2025-09-11
DON_51218,VOL_10078,10.0,2025-09-14
DON_51219,VOL_10078,50.0,2025-09-21
DON_51220,VOL_10078,10.0,2025-09-21
DON_51221,VOL_10078,10.0,2025-10-16
DON_51222,VOL_10078,10.0,2025-11-02
DON_51223,VOL_10078,25.0,2025-11-13
DON_51224,VOL_10078,50.0,2025-11-13
DON_51225,VOL_10078,100.0,2025-11-30
DON_51226,VOL_10078,10.0,2025-12-04
DON_51227,VOL_10078,25.0,2025-12-18
DON_51228,VOL_10078,50.0,2026-01-15
DON_51229,VOL_10078,25.0,2026-01-22
DON_51230,VOL_10078,10.0,2026-01-29
DON_51231,VOL_10078,10.0,2026-02-08
DON_51232,VOL_10078,100.0,2026-02-22
DON_51233,VOL_10078,10.0,2026-03-05
DON_51234,VOL_10078,25.0,2026-03-12
DON_51235,VOL_10078,10.0,2026-03-26
DON_51236,VOL_10078,25.0,2026-03-29
DON_51237,VOL_10078,10.0,2026-04-09
DON_51238,VOL_10079,10.0,2025-04-20
DON_51239,VOL_10079,10.0,2025-05-08
DON_51240,VOL_10079,10.0,2025-05-29
DON_51241,VOL_10079,10.0,2025-07-24
DON_51242,VOL_10079,100.0,2025-07-27
DON_51243,VOL_10079,10.0,2025-08-03
DON_51244,VOL_10079,100.0,2025-08-17
DON_51245,VOL_10079,10.0,2025-09-11
DON_51246,VOL_10079,50.0,2025-09-21
DON_51247,VOL_10079,10.0,2025-10-12
DON_51248,VOL_10079,50.0,2025-10-26
DON_51249,VOL_10079,25.0,2025-10-30
DON_51250,VOL_10079,50.0,2025-11-06
DON_51251,VOL_10079,10.0,2025-11-09
DON_51252,VOL_10079,50.0,2025-11-23
DON_51253,VOL_10079,10.0,2025-11-27
DON_51254,VOL_10079,50.0,2025-12-04
DON_51255,VOL_10079,10.0,2025-12-04
DON_51256,VOL_10079,25.0,2026-01-11
DON_51257,VOL_10079,25.0,2026-03-05
DON_51258,VOL_10079,25.0,2026-03-05
DON_51259,VOL_10079,10.0,2026-03-19
DON_51260,VOL_10079,10.0,2026-03-19
DON_51261,VOL_10079,25.0,2026-04-16
DON_51262,VOL_10080,10.0,2025-09-14
DON_51263,VOL_10080,10.0,2025-09-14
DON_51264,VOL_10080,100.0,2025-09-18
DON_51265,VOL_10080,50.0,2025-09-21
DON_51266,VOL_10080,10.0,2025-09-28
DON_51267,VOL_10080,10.0,2025-10-02
DON_51268,VOL_10080,25.0,2025-10-12
DON_51269,VOL_10080,100.0,2025-11-06
DON_51270,VOL_10080,25.0,2025-11-09
DON_51271,VOL_10080,25.0,2025-11-09
DON_51272,VOL_10080,10.0,2025-11-27
DON_51273,VOL_10080,50.0,2025-11-27
DON_51274,VOL_10080,10.0,2025-11-30
DON_51275,VOL_10080,25.0,2025-12-04
DON_51276,VOL_10080,10.0,2025-12-07
DON_51277,VOL_10080,50.0,2025-12-11
DON_51278,VOL_10080,10.0,2025-12-18
DON_51279,VOL_10080,10.0,2025-12-21
DON_51280,VOL_10080,25.0,2025-12-25
DON_51281,VOL_10080,50.0,2026-01-01
DON_51282,VOL_10080,25.0,2026-01-08
DON_51283,VOL_10080,10.0,2026-01-22
DON_51284,VOL_10080,25.0,2026-02-01
DON_51285,VOL_10080,50.0,2026-03-19
DON_51286,VOL_10080,25.0,2026-03-19
DON_51287,VOL_10080,10.0,2026-03-19
DON_51288,VOL_10080,100.0,2026-03-29
DON_51289,VOL_10080,10.0,2026-04-23
DON_51290,VOL_10080,100.0,2026-04-30
DON_51291,VOL_10081,10.0,2025-04-27
DON_51292,VOL_10081,25.0,2025-06-05
DON_51293,VOL_10081,50.0,2025-07-06
DON_51294,VOL_10081,25.0,2025-07-06
DON_51295,VOL_10081,25.0,2025-07-31
DON_51296,VOL_10081,10.0,2025-09-04
DON_51297,VOL_10081,50.0,2025-09-28
DON_51298,VOL_10081,50.0,2025-11-09
DON_51299,VOL_10081,100.0,2025-11-20
DON_51300,VOL_10081,25.0,2025-11-20
DON_51301,VOL_10081,100.0,2025-12-07
DON_51302,VOL_10081,25.0,2026-02-08
DON_51303,VOL_10081,50.0,2026-03-05
DON_51304,VOL_10081,50.0,2026-03-08
DON_51305,VOL_10081,10.0,2026-03-15
DON_51306,VOL_10081,50.0,2026-03-19
DON_51307,VOL_10081,100.0,2026-04-09
DON_51308,VOL_10081,10.0,2026-04-12
DON_51309,VOL_10082,100.0,2025-09-14
DON_51310,VOL_10083,25.0,2026-01-25
DON_51311,VOL_10083,50.0,2026-01-29
DON_51312,VOL_10083,10.0,2026-02-19
DON_51313,VOL_10083,10.0,2026-02-22
DON_51314,VOL_10083,25.0,2026-03-05
DON_51315,VOL_10083,25.0,2026-03-12
DON_51316,VOL_10083,50.0,2026-03-22
DON_51317,VOL_10083,25.0,2026-04-02
DON_51318,VOL_10083,50.0,2026-04-12
DON_51319,VOL_10083,50.0,2026-04-30
DON_51320,VOL_10084,50.0,2025-06-22
DON_51321,VOL_10084,50.0,2025-07-06
DON_51322,VOL_10084,25.0,2025-07-17
DON_51323,VOL_10084,25.0,2025-07-17
DON_51324,VOL_10084,10.0,2025-07-20
DON_51325,VOL_10084,10.0,2025-08-14
DON_51326,VOL_10084,25.0,2025-08-17
DON_51327,VOL_10084,10.0,2025-08-24
DON_51328,VOL_10084,10.0,2025-10-02
DON_51329,VOL_10084,100.0,2025-10-12
DON_51330,VOL_10084,10.0,2025-10-26
DON_51331,VOL_10084,25.0,2025-11-20
DON_51332,VOL_10084,25.0,2025-12-11
DON_51333,VOL_10084,10.0,2025-12-11
DON_51334,VOL_10084,100.0,2025-12-21
DON_51335,VOL_10084,25.0,2026-01-08
DON_51336,VOL_10084,10.0,2026-01-08
DON_51337,VOL_10084,25.0,2026-01-18
DON_51338,VOL_10084,50.0,2026-01-22
DON_51339,VOL_10084,50.0,2026-03-05
DON_51340,VOL_10084,10.0,2026-03-26
DON_51341,VOL_10084,50.0,2026-04-02
DON_51342,VOL_10084,50.0,2026-04-05
DON_51343,VOL_10084,50.0,2026-04-09
DON_51344,VOL_10084,100.0,2026-04-23
DON_51345,VOL_10084,25.0,2026-04-30
DON_51346,VOL_10086,100.0,2026-03-05
DON_51347,VOL_10086,100.0,2026-03-12
DON_51348,VOL_10086,50.0,2026-04-05
DON_51349,VOL_10086,25.0,2026-04-26
DON_51350,VOL_10086,25.0,2026-04-26
DON_51351,VOL_10087,10.0,2025-08-14
DON_51352,VOL_10087,25.0,2025-08-17
DON_51353,VOL_10087,50.0,2025-08-17
DON_51354,VOL_10088,25.0,2025-03-30
DON_51355,VOL_10088,10.0,2025-04-03
DON_51356,VOL_10088,10.0,2025-04-10
DON_51357,VOL_10088,50.0,2025-04-20
DON_51358,VOL_10088,25.0,2025-04-27
DON_51359,VOL_10088,50.0,2025-05-25
DON_51360,VOL_10088,25.0,2025-07-06
DON_51361,VOL_10088,10.0,2025-07-10
DON_51362,VOL_10088,25.0,2025-07-10
DON_51363,VOL_10088,10.0,2025-08-07
DON_51364,VOL_10088,10.0,2025-08-10
DON_51365,VOL_10088,50.0,2025-08-14
DON_51366,VOL_10088,100.0,2025-09-21
DON_51367,VOL_10088,10.0,2025-09-28
DON_51368,VOL_10088,50.0,2025-10-19
DON_51369,VOL_10088,10.0,2025-10-23
DON_51370,VOL_10088,100.0,2025-10-26
DON_51371,VOL_10088,25.0,2025-11-09
DON_51372,VOL_10088,25.0,2025-11-13
DON_51373,VOL_10088,10.0,2025-12-07
DON_51374,VOL_10088,100.0,2025-12-07
DON_51375,VOL_10088,25.0,2025-12-11
DON_51376,VOL_10088,50.0,2026-01-08
DON_51377,VOL_10088,25.0,2026-01-08
DON_51378,VOL_10088,25.0,2026-01-15
DON_51379,VOL_10088,50.0,2026-01-15
DON_51380,VOL_10088,10.0,2026-01-25
DON_51381,VOL_10088,50.0,2026-03-12
DON_51382,VOL_10088,10.0,2026-03-15
DON_51383,VOL_10089,50.0,2025-02-06
DON_51384,VOL_10089,25.0,2025-02-23
DON_51385,VOL_10089,10.0,2025-02-23
DON_51386,VOL_10089,25.0,2025-02-27
DON_51387,VOL_10089,100.0,2025-03-20
DON_51388,VOL_10089,10.0,2025-03-20
DON_51389,VOL_10089,10.0,2025-04-03
DON_51390,VOL_10089,25.0,2025-04-03
DON_51391,VOL_10089,50.0,2025-04-03
DON_51392,VOL_10089,25.0,2025-04-24
DON_51393,VOL_10089,10.0,2025-04-27
DON_51394,VOL_10089,25.0,2025-06-01
DON_51395,VOL_10089,25.0,2025-06-05
DON_51396,VOL_10089,50.0,2025-07-03
DON_51397,VOL_10089,100.0,2025-07-10
DON_51398,VOL_10089,100.0,2025-07-13
DON_51399,VOL_10089,50.0,2025-07-20
DON_51400,VOL_10089,25.0,2025-07-20
DON_51401,VOL_10089,10.0,2025-08-03
DON_51402,VOL_10089,10.0,2025-08-17
DON_51403,VOL_10089,25.0,2025-08-21
DON_51404,VOL_10089,25.0,2025-09-21
DON_51405,VOL_10089,100.0,2025-09-21
DON_51406,VOL_10089,50.0,2025-10-12
DON_51407,VOL_10089,10.0,2025-10-12
DON_51408,VOL_10089,25.0,2025-10-23
DON_51409,VOL_10089,10.0,2025-10-23
DON_51410,VOL_10089,50.0,2025-11-13
DON_51411,VOL_10089,10.0,2025-11-20
DON_51412,VOL_10089,10.0,2025-12-11
DON_51413,VOL_10089,25.0,2025-12-18
DON_51414,VOL_10089,10.0,2025-12-18
DON_51415,VOL_10089,25.0,2026-01-18
DON_51416,VOL_10089,10.0,2026-02-01
DON_51417,VOL_10089,10.0,2026-02-08
DON_51418,VOL_10089,50.0,2026-03-08
DON_51419,VOL_10089,10.0,2026-03-19
DON_51420,VOL_10089,50.0,2026-03-22
DON_51421,VOL_10089,25.0,2026-03-26
DON_51422,VOL_10089,50.0,2026-04-12
DON_51423,VOL_10090,50.0,2025-03-09
DON_51424,VOL_10090,10.0,2025-03-27
DON_51425,VOL_10090,50.0,2025-04-03
DON_51426,VOL_10092,10.0,2025-12-04
DON_51427,VOL_10092,25.0,2025-12-18
DON_51428,VOL_10092,10.0,2026-01-18
DON_51429,VOL_10092,25.0,2026-02-01
DON_51430,VOL_10092,25.0,2026-02-08
DON_51431,VOL_10092,100.0,2026-02-26
DON_51432,VOL_10092,10.0,2026-03-12
DON_51433,VOL_10092,10.0,2026-03-12
DON_51434,VOL_10092,25.0,2026-03-29
DON_51435,VOL_10092,25.0,2026-04-09
DON_51436,VOL_10092,10.0,2026-04-16
DON_51437,VOL_10092,50.0,2026-04-23
DON_51438,VOL_10092,50.0,2026-04-23
DON_51439,VOL_10092,25.0,2026-04-23
DON_51440,VOL_10092,10.0,2026-04-26
DON_51441,VOL_10093,10.0,2025-07-17
DON_51442,VOL_10093,25.0,2025-07-20
DON_51443,VOL_10093,10.0,2025-07-24
DON_51444,VOL_10094,50.0,2025-02-20
DON_51445,VOL_10094,25.0,2025-03-13
DON_51446,VOL_10094,100.0,2025-03-16
DON_51447,VOL_10094,50.0,2025-04-24
DON_51448,VOL_10094,25.0,2025-05-18
DON_51449,VOL_10094,50.0,2025-05-18
DON_51450,VOL_10094,100.0,2025-05-22
DON_51451,VOL_10094,10.0,2025-05-25
DON_51452,VOL_10094,25.0,2025-05-29
DON_51453,VOL_10094,10.0,2025-06-01
DON_51454,VOL_10094,100.0,2025-06-26
DON_51455,VOL_10094,10.0,2025-07-13
DON_51456,VOL_10094,10.0,2025-08-07
DON_51457,VOL_10094,10.0,2025-08-14
DON_51458,VOL_10094,25.0,2025-09-11
DON_51459,VOL_10094,25.0,2025-09-21
DON_51460,VOL_10094,10.0,2025-10-23
DON_51461,VOL_10094,10.0,2025-11-09
DON_51462,VOL_10094,50.0,2025-11-13
DON_51463,VOL_10094,50.0,2025-11-27
DON_51464,VOL_10094,10.0,2025-12-18
DON_51465,VOL_10094,50.0,2025-12-21
DON_51466,VOL_10094,50.0,2026-01-15
DON_51467,VOL_10094,50.0,2026-01-25
DON_51468,VOL_10094,10.0,2026-02-15
DON_51469,VOL_10094,10.0,2026-02-19
DON_51470,VOL_10094,25.0,2026-02-22
DON_51471,VOL_10094,100.0,2026-03-05
DON_51472,VOL_10094,25.0,2026-03-22
DON_51473,VOL_10094,100.0,2026-03-26
DON_51474,VOL_10094,50.0,2026-04-09
DON_51475,VOL_10094,10.0,2026-04-09
DON_51476,VOL_10095,10.0,2025-06-15
DON_51477,VOL_10096,10.0,2026-03-08
DON_51478,VOL_10096,100.0,2026-03-26
DON_51479,VOL_10096,50.0,2026-04-02
DON_51480,VOL_10096,10.0,2026-04-05
DON_51481,VOL_10096,10.0,2026-04-26
DON_51482,VOL_10096,50.0,2026-04-30
DON_51483,VOL_10097,25.0,2025-08-14
DON_51484,VOL_10097,25.0,2025-08-31
DON_51485,VOL_10097,10.0,2025-09-25
DON_51486,VOL_10097,10.0,2025-09-28
DON_51487,VOL_10097,50.0,2025-09-28
DON_51488,VOL_10097,25.0,2025-10-02
DON_51489,VOL_10097,50.0,2025-10-30
DON_51490,VOL_10097,100.0,2025-11-16
DON_51491,VOL_10097,10.0,2026-01-04
DON_51492,VOL_10097,25.0,2026-01-04
DON_51493,VOL_10097,50.0,2026-01-15
DON_51494,VOL_10097,25.0,2026-02-05
DON_51495,VOL_10097,25.0,2026-02-12
DON_51496,VOL_10097,25.0,2026-02-15
DON_51497,VOL_10097,25.0,2026-02-26
DON_51498,VOL_10097,25.0,2026-03-05
DON_51499,VOL_10097,100.0,2026-03-19
DON_51500,VOL_10097,10.0,2026-03-29
DON_51501,VOL_10097,25.0,2026-04-09
DON_51502,VOL_10097,50.0,2026-04-19
DON_51503,VOL_10098,50.0,2026-02-19
DON_51504,VOL_10098,100.0,2026-02-26
DON_51505,VOL_10098,25.0,2026-03-08
DON_51506,VOL_10098,25.0,2026-03-12
DON_51507,VOL_10098,25.0,2026-04-23
DON_51508,VOL_10098,10.0,2026-04-26
DON_51509,VOL_10099,25.0,2026-01-22
DON_51510,VOL_10099,100.0,2026-02-22
DON_51511,VOL_10099,10.0,2026-03-19
DON_51512,VOL_10099,25.0,2026-03-29
DON_51513,VOL_10099,10.0,2026-04-19
DON_51514,VOL_10099,50.0,2026-04-26
DON_51515,VOL_10100,10.0,2025-02-13
DON_51516,VOL_10100,25.0,2025-02-13
DON_51517,VOL_10100,50.0,2025-02-20
DON_51518,VOL_10100,10.0,2025-03-02
DON_51519,VOL_10100,10.0,2025-03-13
DON_51520,VOL_10100,25.0,2025-03-20
DON_51521,VOL_10100,25.0,2025-03-30
DON_51522,VOL_10100,25.0,2025-04-13
DON_51523,VOL_10100,100.0,2025-04-17
DON_51524,VOL_10100,50.0,2025-04-27
DON_51525,VOL_10100,10.0,2025-04-27
DON_51526,VOL_10100,10.0,2025-05-08
DON_51527,VOL_10100,50.0,2025-05-18
DON_51528,VOL_10100,50.0,2025-06-08
DON_51529,VOL_10100,10.0,2025-06-12
DON_51530,VOL_10100,10.0,2025-06-19
DON_51531,VOL_10100,25.0,2025-06-19
DON_51532,VOL_10100,50.0,2025-06-26
DON_51533,VOL_10100,10.0,2025-07-10
DON_51534,VOL_10100,25.0,2025-07-24
DON_51535,VOL_10100,50.0,2025-07-24
DON_51536,VOL_10100,100.0,2025-07-31
DON_51537,VOL_10100,25.0,2025-08-03
DON_51538,VOL_10100,10.0,2025-08-10
DON_51539,VOL_10100,10.0,2025-08-14
DON_51540,VOL_10100,25.0,2025-10-02
DON_51541,VOL_10100,10.0,2025-10-05
DON_51542,VOL_10100,10.0,2025-10-23
DON_51543,VOL_10100,10.0,2025-10-26
DON_51544,VOL_10100,25.0,2025-11-02
DON_51545,VOL_10100,50.0,2025-11-06
DON_51546,VOL_10100,100.0,2025-11-13
DON_51547,VOL_10100,10.0,2025-11-27
DON_51548,VOL_10100,10.0,2025-11-27
DON_51549,VOL_10100,50.0,2025-11-30
DON_51550,VOL_10100,10.0,2025-12-18
DON_51551,VOL_10100,10.0,2026-01-15
DON_51552,VOL_10100,10.0,2026-01-22
DON_51553,VOL_10100,10.0,2026-02-15
DON_51554,VOL_10100,25.0,2026-02-22
DON_51555,VOL_10100,50.0,2026-02-22
DON_51556,VOL_10100,10.0,2026-02-26
DON_51557,VOL_10100,10.0,2026-03-15
DON_51558,VOL_10100,10.0,2026-04-02
DON_51559,VOL_10100,25.0,2026-04-05
DON_51560,VOL_10100,100.0,2026-04-26
DON_51561,VOL_10100,10.0,2026-04-26
DON_51562,VOL_10100,10.0,2026-04-30
DON_51563,VOL_10101,10.0,2025-11-13
DON_51564,VOL_10101,10.0,2025-11-13
DON_51565,VOL_10101,25.0,2025-11-20
DON_51566,VOL_10101,10.0,2025-11-27
DON_51567,VOL_10101,10.0,2025-11-30
DON_51568,VOL_10101,25.0,2025-12-14
DON_51569,VOL_10101,50.0,2025-12-18
DON_51570,VOL_10101,25.0,2025-12-25
DON_51571,VOL_10101,25.0,2026-01-25
DON_51572,VOL_10101,50.0,2026-01-29
DON_51573,VOL_10101,10.0,2026-02-15
DON_51574,VOL_10101,10.0,2026-03-12
DON_51575,VOL_10101,25.0,2026-04-30
DON_51576,VOL_10102,10.0,2025-10-19
DON_51577,VOL_10102,25.0,2025-11-09
DON_51578,VOL_10102,25.0,2025-11-13
DON_51579,VOL_10102,50.0,2025-11-30
DON_51580,VOL_10102,50.0,2025-12-04
DON_51581,VOL_10102,10.0,2025-12-11
DON_51582,VOL_10102,10.0,2025-12-14
DON_51583,VOL_10102,10.0,2025-12-18
DON_51584,VOL_10102,10.0,2026-01-04
DON_51585,VOL_10102,25.0,2026-01-22
DON_51586,VOL_10102,50.0,2026-02-19
DON_51587,VOL_10102,25.0,2026-02-19
DON_51588,VOL_10102,25.0,2026-03-01
DON_51589,VOL_10102,10.0,2026-03-19
DON_51590,VOL_10102,25.0,2026-03-29
DON_51591,VOL_10102,10.0,2026-04-09
DON_51592,VOL_10102,10.0,2026-04-12
DON_51593,VOL_10102,10.0,2026-04-16
DON_51594,VOL_10102,10.0,2026-04-23
DON_51595,VOL_10103,100.0,2025-08-28
DON_51596,VOL_10103,10.0,2025-08-28
DON_51597,VOL_10103,25.0,2025-09-18
DON_51598,VOL_10103,10.0,2025-09-25
DON_51599,VOL_10103,10.0,2025-10-16
DON_51600,VOL_10103,100.0,2025-10-19
DON_51601,VOL_10103,50.0,2025-10-26
DON_51602,VOL_10103,10.0,2026-01-04
DON_51603,VOL_10103,10.0,2026-01-18
DON_51604,VOL_10103,50.0,2026-02-01
DON_51605,VOL_10103,25.0,2026-02-19
DON_51606,VOL_10103,10.0,2026-03-12
DON_51607,VOL_10103,10.0,2026-03-19
DON_51608,VOL_10103,25.0,2026-03-22
DON_51609,VOL_10103,25.0,2026-03-26
DON_51610,VOL_10103,100.0,2026-04-26
DON_51611,VOL_10103,25.0,2026-04-30
DON_51612,VOL_10104,25.0,2025-05-25
DON_51613,VOL_10104,50.0,2025-06-01
DON_51614,VOL_10104,10.0,2025-06-15
DON_51615,VOL_10104,10.0,2025-06-19
DON_51616,VOL_10104,25.0,2025-06-22
DON_51617,VOL_10104,10.0,2025-07-24
DON_51618,VOL_10104,25.0,2025-07-24
DON_51619,VOL_10104,100.0,2025-08-03
DON_51620,VOL_10104,50.0,2025-08-07
DON_51621,VOL_10104,10.0,2025-08-14
DON_51622,VOL_10104,10.0,2025-08-28
DON_51623,VOL_10104,100.0,2025-08-28
DON_51624,VOL_10104,10.0,2025-09-25
DON_51625,VOL_10104,50.0,2025-09-28
DON_51626,VOL_10104,10.0,2025-10-05
DON_51627,VOL_10104,10.0,2025-10-19
DON_51628,VOL_10104,50.0,2025-10-26
DON_51629,VOL_10104,50.0,2025-10-30
DON_51630,VOL_10104,25.0,2025-10-30
DON_51631,VOL_10104,10.0,2025-11-09
DON_51632,VOL_10104,50.0,2025-11-13
DON_51633,VOL_10104,10.0,2025-11-20
DON_51634,VOL_10104,10.0,2025-11-27
DON_51635,VOL_10104,50.0,2025-12-04
DON_51636,VOL_10104,25.0,2026-02-15
DON_51637,VOL_10104,25.0,2026-02-22
DON_51638,VOL_10104,100.0,2026-03-12
DON_51639,VOL_10104,25.0,2026-03-19
DON_51640,VOL_10104,10.0,2026-04-02
DON_51641,VOL_10104,25.0,2026-04-05
DON_51642,VOL_10105,100.0,2025-10-16
DON_51643,VOL_10105,10.0,2025-11-16
DON_51644,VOL_10105,10.0,2025-11-27
DON_51645,VOL_10105,25.0,2025-11-30
DON_51646,VOL_10105,25.0,2025-12-04
DON_51647,VOL_10105,25.0,2025-12-07
DON_51648,VOL_10105,10.0,2025-12-07
DON_51649,VOL_10105,100.0,2026-01-11
DON_51650,VOL_10105,25.0,2026-02-05
DON_51651,VOL_10105,10.0,2026-02-19
DON_51652,VOL_10105,25.0,2026-02-22
DON_51653,VOL_10105,25.0,2026-03-05
DON_51654,VOL_10105,10.0,2026-03-05
DON_51655,VOL_10105,10.0,2026-03-19
DON_51656,VOL_10105,50.0,2026-03-19
DON_51657,VOL_10105,10.0,2026-04-05
DON_51658,VOL_10105,10.0,2026-04-09
DON_51659,VOL_10105,10.0,2026-04-23
DON_51660,VOL_10105,10.0,2026-04-26
DON_51661,VOL_10106,25.0,2025-03-06
DON_51662,VOL_10106,50.0,2025-03-09
DON_51663,VOL_10106,50.0,2025-04-06
DON_51664,VOL_10106,25.0,2025-04-10
DON_51665,VOL_10106,50.0,2025-05-04
DON_51666,VOL_10106,10.0,2025-05-15
DON_51667,VOL_10106,25.0,2025-05-18
DON_51668,VOL_10106,10.0,2025-06-08
DON_51669,VOL_10106,25.0,2025-06-12
DON_51670,VOL_10106,10.0,2025-06-15
DON_51671,VOL_10106,10.0,2025-06-29
DON_51672,VOL_10106,100.0,2025-06-29
DON_51673,VOL_10106,10.0,2025-07-17
DON_51674,VOL_10106,25.0,2025-08-24
DON_51675,VOL_10106,100.0,2025-10-23
DON_51676,VOL_10106,50.0,2025-10-30
DON_51677,VOL_10106,25.0,2025-11-02
DON_51678,VOL_10106,10.0,2025-11-06
DON_51679,VOL_10106,25.0,2025-11-06
DON_51680,VOL_10106,100.0,2025-11-13
DON_51681,VOL_10106,25.0,2025-11-13
DON_51682,VOL_10106,25.0,2025-11-27
DON_51683,VOL_10106,10.0,2025-12-25
DON_51684,VOL_10106,10.0,2026-01-04
DON_51685,VOL_10106,25.0,2026-01-29
DON_51686,VOL_10106,50.0,2026-02-01
DON_51687,VOL_10106,10.0,2026-02-08
DON_51688,VOL_10106,50.0,2026-02-12
DON_51689,VOL_10106,10.0,2026-02-12
DON_51690,VOL_10106,25.0,2026-02-22
DON_51691,VOL_10106,50.0,2026-02-26
DON_51692,VOL_10106,100.0,2026-03-19
DON_51693,VOL_10106,25.0,2026-03-19
DON_51694,VOL_10107,10.0,2025-07-17
DON_51695,VOL_10107,50.0,2025-09-14
DON_51696,VOL_10107,25.0,2025-09-25
DON_51697,VOL_10107,50.0,2025-10-12
DON_51698,VOL_10107,10.0,2025-10-12
DON_51699,VOL_10107,100.0,2025-11-27
DON_51700,VOL_10107,10.0,2025-12-11
DON_51701,VOL_10107,100.0,2026-01-04
DON_51702,VOL_10107,50.0,2026-01-22
DON_51703,VOL_10107,100.0,2026-02-19
DON_51704,VOL_10107,10.0,2026-03-01
DON_51705,VOL_10107,50.0,2026-03-15
DON_51706,VOL_10107,10.0,2026-03-29
DON_51707,VOL_10107,25.0,2026-04-09
DON_51708,VOL_10108,100.0,2025-07-17
DON_51709,VOL_10108,25.0,2025-07-17
DON_51710,VOL_10108,10.0,2025-07-20
DON_51711,VOL_10109,10.0,2026-03-01
DON_51712,VOL_10109,10.0,2026-03-15
DON_51713,VOL_10110,100.0,2026-01-15
DON_51714,VOL_10110,10.0,2026-01-22
DON_51715,VOL_10110,100.0,2026-03-01
DON_51716,VOL_10111,10.0,2025-04-24
DON_51717,VOL_10111,25.0,2025-04-24
DON_51718,VOL_10111,50.0,2025-04-24
DON_51719,VOL_10111,10.0,2025-05-04
DON_51720,VOL_10111,50.0,2025-05-18
DON_51721,VOL_10111,50.0,2025-06-15
DON_51722,VOL_10111,10.0,2025-07-10
DON_51723,VOL_10111,10.0,2025-07-17
DON_51724,VOL_10111,50.0,2025-10-12
DON_51725,VOL_10111,25.0,2025-10-19
DON_51726,VOL_10111,10.0,2025-10-26
DON_51727,VOL_10111,100.0,2025-11-09
DON_51728,VOL_10111,25.0,2025-11-16
DON_51729,VOL_10111,10.0,2025-11-20
DON_51730,VOL_10111,10.0,2025-12-04
DON_51731,VOL_10111,50.0,2025-12-14
DON_51732,VOL_10111,10.0,2025-12-18
DON_51733,VOL_10111,50.0,2025-12-25
DON_51734,VOL_10111,10.0,2026-01-15
DON_51735,VOL_10111,10.0,2026-01-22
DON_51736,VOL_10111,25.0,2026-01-22
DON_51737,VOL_10111,50.0,2026-02-05
DON_51738,VOL_10111,25.0,2026-02-08
DON_51739,VOL_10111,10.0,2026-02-15
DON_51740,VOL_10111,25.0,2026-02-15
DON_51741,VOL_10111,10.0,2026-02-26
DON_51742,VOL_10111,50.0,2026-03-12
DON_51743,VOL_10111,10.0,2026-03-15
DON_51744,VOL_10111,25.0,2026-03-29
DON_51745,VOL_10111,25.0,2026-04-05
DON_51746,VOL_10111,100.0,2026-04-12
DON_51747,VOL_10112,10.0,2025-08-21
DON_51748,VOL_10112,10.0,2025-11-13
DON_51749,VOL_10112,10.0,2025-11-23
DON_51750,VOL_10112,25.0,2025-11-30
DON_51751,VOL_10112,10.0,2025-11-30
DON_51752,VOL_10112,50.0,2025-12-04
DON_51753,VOL_10112,50.0,2025-12-18
DON_51754,VOL_10112,25.0,2026-01-08
DON_51755,VOL_10112,25.0,2026-01-15
DON_51756,VOL_10112,10.0,2026-01-22
DON_51757,VOL_10112,50.0,2026-03-12
DON_51758,VOL_10112,25.0,2026-03-29
DON_51759,VOL_10112,100.0,2026-04-12
DON_51760,VOL_10113,10.0,2025-03-27
DON_51761,VOL_10113,10.0,2025-04-03
DON_51762,VOL_10113,25.0,2025-04-06
DON_51763,VOL_10113,10.0,2025-04-10
DON_51764,VOL_10113,10.0,2025-04-10
DON_51765,VOL_10113,50.0,2025-04-27
DON_51766,VOL_10113,50.0,2025-05-18
DON_51767,VOL_10113,50.0,2025-07-20
DON_51768,VOL_10113,50.0,2025-07-24
DON_51769,VOL_10113,10.0,2025-08-10
DON_51770,VOL_10113,25.0,2025-08-10
DON_51771,VOL_10113,10.0,2025-08-17
DON_51772,VOL_10113,25.0,2025-08-24
DON_51773,VOL_10113,50.0,2025-09-28
DON_51774,VOL_10113,50.0,2025-10-02
DON_51775,VOL_10113,10.0,2025-11-02
DON_51776,VOL_10113,25.0,2025-11-06
DON_51777,VOL_10113,50.0,2025-11-20
DON_51778,VOL_10113,10.0,2025-11-23
DON_51779,VOL_10113,10.0,2025-12-11
DON_51780,VOL_10113,10.0,2025-12-11
DON_51781,VOL_10113,100.0,2025-12-18
DON_51782,VOL_10113,10.0,2025-12-25
DON_51783,VOL_10113,100.0,2026-01-01
DON_51784,VOL_10113,10.0,2026-01-15
DON_51785,VOL_10113,10.0,2026-01-18
DON_51786,VOL_10113,10.0,2026-01-25
DON_51787,VOL_10113,25.0,2026-01-29
DON_51788,VOL_10113,10.0,2026-02-08
DON_51789,VOL_10113,10.0,2026-02-12
DON_51790,VOL_10113,10.0,2026-02-26
DON_51791,VOL_10113,50.0,2026-02-26
DON_51792,VOL_10113,50.0,2026-03-08
DON_51793,VOL_10113,100.0,2026-03-19
DON_51794,VOL_10113,50.0,2026-03-26
DON_51795,VOL_10114,10.0,2026-02-19
DON_51796,VOL_10114,50.0,2026-03-12
DON_51797,VOL_10114,10.0,2026-04-02
DON_51798,VOL_10114,100.0,2026-04-16
DON_51799,VOL_10115,10.0,2026-01-15
DON_51800,VOL_10115,100.0,2026-01-22
DON_51801,VOL_10115,10.0,2026-01-22
DON_51802,VOL_10115,100.0,2026-01-29
DON_51803,VOL_10115,10.0,2026-01-29
DON_51804,VOL_10115,10.0,2026-02-01
DON_51805,VOL_10115,10.0,2026-03-05
DON_51806,VOL_10115,50.0,2026-04-02
DON_51807,VOL_10115,100.0,2026-04-12
DON_51808,VOL_10115,100.0,2026-04-12
DON_51809,VOL_10115,25.0,2026-04-23
DON_51810,VOL_10115,50.0,2026-04-30
DON_51811,VOL_10116,25.0,2025-05-08
DON_51812,VOL_10116,100.0,2025-05-15
DON_51813,VOL_10116,25.0,2025-05-29
DON_51814,VOL_10116,10.0,2025-06-01
DON_51815,VOL_10116,100.0,2025-06-29
DON_51816,VOL_10116,50.0,2025-06-29
DON_51817,VOL_10116,25.0,2025-07-06
DON_51818,VOL_10116,10.0,2025-07-13
DON_51819,VOL_10116,10.0,2025-07-20
DON_51820,VOL_10116,50.0,2025-07-20
DON_51821,VOL_10116,25.0,2025-07-24
DON_51822,VOL_10116,25.0,2025-07-27
DON_51823,VOL_10116,25.0,2025-08-14
DON_51824,VOL_10116,25.0,2025-08-21
DON_51825,VOL_10116,25.0,2025-08-24
DON_51826,VOL_10116,50.0,2025-10-02
DON_51827,VOL_10116,50.0,2025-10-05
DON_51828,VOL_10116,50.0,2025-10-19
DON_51829,VOL_10116,50.0,2025-11-13
DON_51830,VOL_10116,10.0,2025-11-13
DON_51831,VOL_10116,100.0,2025-11-23
DON_51832,VOL_10116,10.0,2025-11-27
DON_51833,VOL_10116,10.0,2025-12-07
DON_51834,VOL_10116,25.0,2025-12-11
DON_51835,VOL_10116,10.0,2025-12-18
DON_51836,VOL_10116,50.0,2026-01-04
DON_51837,VOL_10116,100.0,2026-02-01
DON_51838,VOL_10116,100.0,2026-02-12
DON_51839,VOL_10116,50.0,2026-02-26
DON_51840,VOL_10116,10.0,2026-03-01
DON_51841,VOL_10116,50.0,2026-03-08
DON_51842,VOL_10116,25.0,2026-03-12
DON_51843,VOL_10116,25.0,2026-04-23
DON_51844,VOL_10116,10.0,2026-04-23
DON_51845,VOL_10117,25.0,2025-10-26
DON_51846,VOL_10117,25.0,2025-11-09
DON_51847,VOL_10117,10.0,2025-11-23
DON_51848,VOL_10117,50.0,2025-12-07
DON_51849,VOL_10117,100.0,2025-12-28
DON_51850,VOL_10117,10.0,2026-01-04
DON_51851,VOL_10117,25.0,2026-01-22
DON_51852,VOL_10117,10.0,2026-01-25
DON_51853,VOL_10117,100.0,2026-01-25
DON_51854,VOL_10117,100.0,2026-03-05
DON_51855,VOL_10117,25.0,2026-03-08
DON_51856,VOL_10117,100.0,2026-04-26
DON_51857,VOL_10117,10.0,2026-04-26
DON_51858,VOL_10117,10.0,2026-04-30
DON_51859,VOL_10118,25.0,2025-09-18
DON_51860,VOL_10118,50.0,2025-09-25
DON_51861,VOL_10118,25.0,2025-09-28
DON_51862,VOL_10118,50.0,2025-10-26
DON_51863,VOL_10118,25.0,2025-11-09
DON_51864,VOL_10118,10.0,2025-11-27
DON_51865,VOL_10118,10.0,2025-12-18
DON_51866,VOL_10118,25.0,2026-02-01
DON_51867,VOL_10118,50.0,2026-02-08
DON_51868,VOL_10118,25.0,2026-02-19
DON_51869,VOL_10118,50.0,2026-03-01
DON_51870,VOL_10118,10.0,2026-03-05
DON_51871,VOL_10118,10.0,2026-03-19
DON_51872,VOL_10118,10.0,2026-04-05
DON_51873,VOL_10118,50.0,2026-04-16
DON_51874,VOL_10118,10.0,2026-04-16
DON_51875,VOL_10119,100.0,2025-03-30
DON_51876,VOL_10119,25.0,2025-04-13
DON_51877,VOL_10119,50.0,2025-04-17
DON_51878,VOL_10119,100.0,2025-04-20
DON_51879,VOL_10119,10.0,2025-05-15
DON_51880,VOL_10119,25.0,2025-05-15
DON_51881,VOL_10119,25.0,2025-05-29
DON_51882,VOL_10119,100.0,2025-06-01
DON_51883,VOL_10119,10.0,2025-06-29
DON_51884,VOL_10119,10.0,2025-07-17
DON_51885,VOL_10119,25.0,2025-07-17
DON_51886,VOL_10119,100.0,2025-07-20
DON_51887,VOL_10119,25.0,2025-07-31
DON_51888,VOL_10119,50.0,2025-07-31
DON_51889,VOL_10119,25.0,2025-08-10
DON_51890,VOL_10119,25.0,2025-08-24
DON_51891,VOL_10119,10.0,2025-08-24
DON_51892,VOL_10119,10.0,2025-08-31
DON_51893,VOL_10119,10.0,2025-09-21
DON_51894,VOL_10119,10.0,2025-09-28
DON_51895,VOL_10119,25.0,2025-09-28
DON_51896,VOL_10119,100.0,2025-10-05
DON_51897,VOL_10119,50.0,2025-10-16
DON_51898,VOL_10119,25.0,2025-10-23
DON_51899,VOL_10119,50.0,2025-10-26
DON_51900,VOL_10119,25.0,2025-10-26
DON_51901,VOL_10119,50.0,2025-10-30
DON_51902,VOL_10119,10.0,2025-11-23
DON_51903,VOL_10119,10.0,2025-12-18
DON_51904,VOL_10119,25.0,2026-01-04
DON_51905,VOL_10119,10.0,2026-01-08
DON_51906,VOL_10119,100.0,2026-01-08
DON_51907,VOL_10119,10.0,2026-01-25
DON_51908,VOL_10119,10.0,2026-02-05
DON_51909,VOL_10119,10.0,2026-02-19
DON_51910,VOL_10119,25.0,2026-02-22
DON_51911,VOL_10119,100.0,2026-03-12
DON_51912,VOL_10119,25.0,2026-03-19
DON_51913,VOL_10120,25.0,2025-12-11
DON_51914,VOL_10120,50.0,2025-12-14
DON_51915,VOL_10121,50.0,2025-08-21
DON_51916,VOL_10121,10.0,2025-09-14
DON_51917,VOL_10121,10.0,2025-10-12
DON_51918,VOL_10121,50.0,2025-11-13
DON_51919,VOL_10121,25.0,2025-11-16
DON_51920,VOL_10121,10.0,2026-01-22
DON_51921,VOL_10121,10.0,2026-01-25
DON_51922,VOL_10121,50.0,2026-01-29
DON_51923,VOL_10121,100.0,2026-03-05
DON_51924,VOL_10121,25.0,2026-03-12
DON_51925,VOL_10121,25.0,2026-04-02
DON_51926,VOL_10121,50.0,2026-04-12
DON_51927,VOL_10121,25.0,2026-04-23
DON_51928,VOL_10121,50.0,2026-04-26
DON_51929,VOL_10121,10.0,2026-04-30
DON_51930,VOL_10122,10.0,2025-12-11
DON_51931,VOL_10122,25.0,2025-12-21
DON_51932,VOL_10122,10.0,2025-12-28
DON_51933,VOL_10122,25.0,2026-01-25
DON_51934,VOL_10122,25.0,2026-02-15
DON_51935,VOL_10122,10.0,2026-02-15
DON_51936,VOL_10122,25.0,2026-02-19
DON_51937,VOL_10122,25.0,2026-02-19
DON_51938,VOL_10122,25.0,2026-03-12
DON_51939,VOL_10122,25.0,2026-03-26
DON_51940,VOL_10124,50.0,2025-01-05
DON_51941,VOL_10124,100.0,2025-01-05
DON_51942,VOL_10124,10.0,2025-01-05
DON_51943,VOL_10124,10.0,2025-01-23
DON_51944,VOL_10124,10.0,2025-02-06
DON_51945,VOL_10124,50.0,2025-02-23
DON_51946,VOL_10124,10.0,2025-04-20
DON_51947,VOL_10124,10.0,2025-04-24
DON_51948,VOL_10124,10.0,2025-04-24
DON_51949,VOL_10124,25.0,2025-05-04
DON_51950,VOL_10124,100.0,2025-05-11
DON_51951,VOL_10124,100.0,2025-06-08
DON_51952,VOL_10124,25.0,2025-06-15
DON_51953,VOL_10124,25.0,2025-06-19
DON_51954,VOL_10124,25.0,2025-06-29
DON_51955,VOL_10124,50.0,2025-07-13
DON_51956,VOL_10124,10.0,2025-07-13
DON_51957,VOL_10124,50.0,2025-07-20
DON_51958,VOL_10124,10.0,2025-07-31
DON_51959,VOL_10124,50.0,2025-07-31
DON_51960,VOL_10124,50.0,2025-08-07
DON_51961,VOL_10124,25.0,2025-08-07
DON_51962,VOL_10124,25.0,2025-08-24
DON_51963,VOL_10124,25.0,2025-09-21
DON_51964,VOL_10124,25.0,2025-11-06
DON_51965,VOL_10124,10.0,2025-11-23
DON_51966,VOL_10124,100.0,2025-11-27
DON_51967,VOL_10124,50.0,2025-11-30
DON_51968,VOL_10124,10.0,2026-02-01
DON_51969,VOL_10124,50.0,2026-02-22
DON_51970,VOL_10124,10.0,2026-03-01
DON_51971,VOL_10124,25.0,2026-03-01
DON_51972,VOL_10124,10.0,2026-03-05
DON_51973,VOL_10124,25.0,2026-03-12
DON_51974,VOL_10124,10.0,2026-03-12
DON_51975,VOL_10124,25.0,2026-03-12
DON_51976,VOL_10124,50.0,2026-04-23
DON_51977,VOL_10125,10.0,2025-06-01
DON_51978,VOL_10125,100.0,2025-06-26
DON_51979,VOL_10125,50.0,2025-07-13
DON_51980,VOL_10125,25.0,2025-07-24
DON_51981,VOL_10125,50.0,2025-07-31
DON_51982,VOL_10125,25.0,2025-08-07
DON_51983,VOL_10125,10.0,2025-08-10
DON_51984,VOL_10125,50.0,2025-08-17
DON_51985,VOL_10125,10.0,2025-09-28
DON_51986,VOL_10125,10.0,2025-10-12
DON_51987,VOL_10125,50.0,2025-10-16
DON_51988,VOL_10125,10.0,2025-10-26
DON_51989,VOL_10125,50.0,2025-10-26
DON_51990,VOL_10125,25.0,2025-11-16
DON_51991,VOL_10125,10.0,2025-12-18
DON_51992,VOL_10125,50.0,2025-12-28
DON_51993,VOL_10125,25.0,2026-01-01
DON_51994,VOL_10125,25.0,2026-01-04
DON_51995,VOL_10125,10.0,2026-01-08
DON_51996,VOL_10125,10.0,2026-01-11
DON_51997,VOL_10125,10.0,2026-01-15
DON_51998,VOL_10125,50.0,2026-01-18
DON_51999,VOL_10125,25.0,2026-01-29
DON_52000,VOL_10125,10.0,2026-01-29
DON_52001,VOL_10125,50.0,2026-02-01
DON_52002,VOL_10125,50.0,2026-02-08
DON_52003,VOL_10125,10.0,2026-04-30
DON_52004,VOL_10126,25.0,2025-01-19
DON_52005,VOL_10126,10.0,2025-02-09
DON_52006,VOL_10126,50.0,2025-02-23
DON_52007,VOL_10126,50.0,2025-03-20
DON_52008,VOL_10126,100.0,2025-03-20
DON_52009,VOL_10126,10.0,2025-03-23
DON_52010,VOL_10126,100.0,2025-04-06
DON_52011,VOL_10126,10.0,2025-04-10
DON_52012,VOL_10126,25.0,2025-04-20
DON_52013,VOL_10126,10.0,2025-04-24
DON_52014,VOL_10126,50.0,2025-05-22
DON_52015,VOL_10126,10.0,2025-06-01
DON_52016,VOL_10126,50.0,2025-06-15
DON_52017,VOL_10126,10.0,2025-06-15
DON_52018,VOL_10126,25.0,2025-06-19
DON_52019,VOL_10126,10.0,2025-06-19
DON_52020,VOL_10126,10.0,2025-07-03
DON_52021,VOL_10126,50.0,2025-07-17
DON_52022,VOL_10126,50.0,2025-08-03
DON_52023,VOL_10126,100.0,2025-08-07
DON_52024,VOL_10126,25.0,2025-09-04
DON_52025,VOL_10126,10.0,2025-09-21
DON_52026,VOL_10126,10.0,2025-10-19
DON_52027,VOL_10126,10.0,2025-11-27
DON_52028,VOL_10126,50.0,2025-12-18
DON_52029,VOL_10126,25.0,2025-12-18
DON_52030,VOL_10126,10.0,2025-12-21
DON_52031,VOL_10126,25.0,2025-12-25
DON_52032,VOL_10126,100.0,2026-01-01
DON_52033,VOL_10126,50.0,2026-01-04
DON_52034,VOL_10126,10.0,2026-01-08
DON_52035,VOL_10126,10.0,2026-02-01
DON_52036,VOL_10126,10.0,2026-02-15
DON_52037,VOL_10126,10.0,2026-03-05
DON_52038,VOL_10126,10.0,2026-04-02
DON_52039,VOL_10126,50.0,2026-04-26
DON_52040,VOL_10127,25.0,2026-02-15
DON_52041,VOL_10127,25.0,2026-02-19
DON_52042,VOL_10127,10.0,2026-03-05
DON_52043,VOL_10127,25.0,2026-03-05
DON_52044,VOL_10127,10.0,2026-04-05
DON_52045,VOL_10127,10.0,2026-04-23
DON_52046,VOL_10128,100.0,2026-01-18
DON_52047,VOL_10128,10.0,2026-02-05
DON_52048,VOL_10128,10.0,2026-02-26
DON_52049,VOL_10128,10.0,2026-02-26
DON_52050,VOL_10128,10.0,2026-03-05
DON_52051,VOL_10128,10.0,2026-03-15
DON_52052,VOL_10128,10.0,2026-03-19
DON_52053,VOL_10128,10.0,2026-03-26
DON_52054,VOL_10128,10.0,2026-04-23
DON_52055,VOL_10128,50.0,2026-04-26
DON_52056,VOL_10129,100.0,2025-12-21
DON_52057,VOL_10129,50.0,2025-12-28
DON_52058,VOL_10129,50.0,2026-01-08
DON_52059,VOL_10129,100.0,2026-01-18
DON_52060,VOL_10129,25.0,2026-02-12
DON_52061,VOL_10129,25.0,2026-02-26
DON_52062,VOL_10129,50.0,2026-03-15
DON_52063,VOL_10129,10.0,2026-04-09
DON_52064,VOL_10129,10.0,2026-04-26
DON_52065,VOL_10130,100.0,2025-05-18
DON_52066,VOL_10130,10.0,2025-05-18
DON_52067,VOL_10130,10.0,2025-05-25
DON_52068,VOL_10130,10.0,2025-06-12
DON_52069,VOL_10130,50.0,2025-06-19
DON_52070,VOL_10130,25.0,2025-07-13
DON_52071,VOL_10130,10.0,2025-07-20
DON_52072,VOL_10130,25.0,2025-07-31
DON_52073,VOL_10130,10.0,2025-08-10
DON_52074,VOL_10130,100.0,2025-09-04
DON_52075,VOL_10130,10.0,2025-09-21
DON_52076,VOL_10130,25.0,2025-10-02
DON_52077,VOL_10130,10.0,2025-10-05
DON_52078,VOL_10130,25.0,2025-10-12
DON_52079,VOL_10130,10.0,2025-10-26
DON_52080,VOL_10130,25.0,2025-11-06
DON_52081,VOL_10130,25.0,2025-11-13
DON_52082,VOL_10130,10.0,2025-11-16
DON_52083,VOL_10130,10.0,2025-11-30
DON_52084,VOL_10130,100.0,2025-12-07
DON_52085,VOL_10130,50.0,2025-12-11
DON_52086,VOL_10130,50.0,2025-12-14
DON_52087,VOL_10130,10.0,2025-12-21
DON_52088,VOL_10130,10.0,2025-12-21
DON_52089,VOL_10130,50.0,2025-12-28
DON_52090,VOL_10130,50.0,2026-01-04
DON_52091,VOL_10130,10.0,2026-01-08
DON_52092,VOL_10130,100.0,2026-02-05
DON_52093,VOL_10130,25.0,2026-02-19
DON_52094,VOL_10130,25.0,2026-02-22
DON_52095,VOL_10130,10.0,2026-03-08
DON_52096,VOL_10130,25.0,2026-04-19
DON_52097,VOL_10130,10.0,2026-04-23
DON_52098,VOL_10130,50.0,2026-04-30
DON_52099,VOL_10131,25.0,2025-02-20
DON_52100,VOL_10131,10.0,2025-02-20
DON_52101,VOL_10131,100.0,2025-03-02
DON_52102,VOL_10131,25.0,2025-03-13
DON_52103,VOL_10131,25.0,2025-03-23
DON_52104,VOL_10131,10.0,2025-04-13
DON_52105,VOL_10131,50.0,2025-04-17
DON_52106,VOL_10131,10.0,2025-04-24
DON_52107,VOL_10131,25.0,2025-04-27
DON_52108,VOL_10131,10.0,2025-05-25
DON_52109,VOL_10131,25.0,2025-06-01
DON_52110,VOL_10131,10.0,2025-06-05
DON_52111,VOL_10131,10.0,2025-06-08
DON_52112,VOL_10131,25.0,2025-06-15
DON_52113,VOL_10131,25.0,2025-06-22
DON_52114,VOL_10131,50.0,2025-06-22
DON_52115,VOL_10131,25.0,2025-07-10
DON_52116,VOL_10131,25.0,2025-07-31
DON_52117,VOL_10131,25.0,2025-08-07
DON_52118,VOL_10131,25.0,2025-08-10
DON_52119,VOL_10131,10.0,2025-09-21
DON_52120,VOL_10131,25.0,2025-10-05
DON_52121,VOL_10131,50.0,2025-10-12
DON_52122,VOL_10131,50.0,2025-10-12
DON_52123,VOL_10131,25.0,2025-10-30
DON_52124,VOL_10131,25.0,2025-10-30
DON_52125,VOL_10131,10.0,2025-11-13
DON_52126,VOL_10131,50.0,2025-12-25
DON_52127,VOL_10131,50.0,2026-02-08
DON_52128,VOL_10131,50.0,2026-02-12
DON_52129,VOL_10131,10.0,2026-03-12
DON_52130,VOL_10131,25.0,2026-04-16
DON_52131,VOL_10132,50.0,2026-01-29
DON_52132,VOL_10133,10.0,2026-02-22
DON_52133,VOL_10133,25.0,2026-02-26
DON_52134,VOL_10133,25.0,2026-03-12
DON_52135,VOL_10133,50.0,2026-03-12
DON_52136,VOL_10133,25.0,2026-03-29
DON_52137,VOL_10133,25.0,2026-04-09
DON_52138,VOL_10133,10.0,2026-04-16
DON_52139,VOL_10133,25.0,2026-04-26
DON_52140,VOL_10134,10.0,2025-03-09
DON_52141,VOL_10134,10.0,2025-03-13
DON_52142,VOL_10134,25.0,2025-03-16
DON_52143,VOL_10134,25.0,2025-03-23
DON_52144,VOL_10134,25.0,2025-04-13
DON_52145,VOL_10134,25.0,2025-05-01
DON_52146,VOL_10134,25.0,2025-05-15
DON_52147,VOL_10134,50.0,2025-06-12
DON_52148,VOL_10134,50.0,2025-06-19
DON_52149,VOL_10134,50.0,2025-06-22
DON_52150,VOL_10134,10.0,2025-06-26
DON_52151,VOL_10134,10.0,2025-07-13
DON_52152,VOL_10134,100.0,2025-07-17
DON_52153,VOL_10134,10.0,2025-07-24
DON_52154,VOL_10134,50.0,2025-08-03
DON_52155,VOL_10134,10.0,2025-08-07
DON_52156,VOL_10134,100.0,2025-10-19
DON_52157,VOL_10134,10.0,2025-10-19
DON_52158,VOL_10134,25.0,2025-11-23
DON_52159,VOL_10134,25.0,2025-12-07
DON_52160,VOL_10134,25.0,2025-12-11
DON_52161,VOL_10134,25.0,2025-12-18
DON_52162,VOL_10134,10.0,2026-01-15
DON_52163,VOL_10134,10.0,2026-01-18
DON_52164,VOL_10134,25.0,2026-01-25
DON_52165,VOL_10134,10.0,2026-02-05
DON_52166,VOL_10134,10.0,2026-02-15
DON_52167,VOL_10134,100.0,2026-02-19
DON_52168,VOL_10134,25.0,2026-02-26
DON_52169,VOL_10134,25.0,2026-02-26
DON_52170,VOL_10134,10.0,2026-03-12
DON_52171,VOL_10134,25.0,2026-03-19
DON_52172,VOL_10134,10.0,2026-03-29
DON_52173,VOL_10134,10.0,2026-04-12
DON_52174,VOL_10134,10.0,2026-04-16
DON_52175,VOL_10134,50.0,2026-04-26
DON_52176,VOL_10135,50.0,2025-08-10
DON_52177,VOL_10135,10.0,2025-08-17
DON_52178,VOL_10135,10.0,2025-08-21
DON_52179,VOL_10135,25.0,2025-08-24
DON_52180,VOL_10136,25.0,2025-02-09
DON_52181,VOL_10136,10.0,2025-03-06
DON_52182,VOL_10136,25.0,2025-03-13
DON_52183,VOL_10136,10.0,2025-03-16
DON_52184,VOL_10136,50.0,2025-04-03
DON_52185,VOL_10136,50.0,2025-04-03
DON_52186,VOL_10136,25.0,2025-04-17
DON_52187,VOL_10136,50.0,2025-04-24
DON_52188,VOL_10136,25.0,2025-04-24
DON_52189,VOL_10136,100.0,2025-04-27
DON_52190,VOL_10136,10.0,2025-05-04
DON_52191,VOL_10136,10.0,2025-05-08
DON_52192,VOL_10136,10.0,2025-05-08
DON_52193,VOL_10136,10.0,2025-05-18
DON_52194,VOL_10136,100.0,2025-05-25
DON_52195,VOL_10136,10.0,2025-06-19
DON_52196,VOL_10136,10.0,2025-06-26
DON_52197,VOL_10136,25.0,2025-07-10
DON_52198,VOL_10136,10.0,2025-08-07
DON_52199,VOL_10136,10.0,2025-08-14
DON_52200,VOL_10136,10.0,2025-08-17
DON_52201,VOL_10136,10.0,2025-09-14
DON_52202,VOL_10136,10.0,2025-09-18
DON_52203,VOL_10136,25.0,2025-09-21
DON_52204,VOL_10136,10.0,2025-10-26
DON_52205,VOL_10136,25.0,2025-10-30
DON_52206,VOL_10136,10.0,2025-11-09
DON_52207,VOL_10136,10.0,2025-11-13
DON_52208,VOL_10136,50.0,2025-11-30
DON_52209,VOL_10136,25.0,2025-12-07
DON_52210,VOL_10136,50.0,2025-12-18
DON_52211,VOL_10136,25.0,2025-12-18
DON_52212,VOL_10136,25.0,2025-12-21
DON_52213,VOL_10136,25.0,2025-12-25
DON_52214,VOL_10136,100.0,2025-12-25
DON_52215,VOL_10136,50.0,2026-01-04
DON_52216,VOL_10136,25.0,2026-02-08
DON_52217,VOL_10136,50.0,2026-02-19
DON_52218,VOL_10136,10.0,2026-03-05
DON_52219,VOL_10136,50.0,2026-03-05
DON_52220,VOL_10136,10.0,2026-03-12
DON_52221,VOL_10136,100.0,2026-04-12
DON_52222,VOL_10136,50.0,2026-04-16
DON_52223,VOL_10137,10.0,2025-12-11
DON_52224,VOL_10137,50.0,2025-12-14
DON_52225,VOL_10137,10.0,2025-12-18
DON_52226,VOL_10137,25.0,2025-12-18
DON_52227,VOL_10137,10.0,2025-12-21
DON_52228,VOL_10137,25.0,2026-01-01
DON_52229,VOL_10137,10.0,2026-01-18
DON_52230,VOL_10137,25.0,2026-01-25
DON_52231,VOL_10137,25.0,2026-02-08
DON_52232,VOL_10137,10.0,2026-02-08
DON_52233,VOL_10137,25.0,2026-02-15
DON_52234,VOL_10137,100.0,2026-02-26
DON_52235,VOL_10137,10.0,2026-03-05
DON_52236,VOL_10137,10.0,2026-03-05
DON_52237,VOL_10137,10.0,2026-03-26
DON_52238,VOL_10137,10.0,2026-03-29
DON_52239,VOL_10137,50.0,2026-04-09
DON_52240,VOL_10137,10.0,2026-04-19
DON_52241,VOL_10137,25.0,2026-04-26
DON_52242,VOL_10137,10.0,2026-04-26
DON_52243,VOL_10137,10.0,2026-04-30
DON_52244,VOL_10137,10.0,2026-04-30
DON_52245,VOL_10138,10.0,2025-12-11
DON_52246,VOL_10138,10.0,2025-12-18
DON_52247,VOL_10138,10.0,2026-01-08
DON_52248,VOL_10138,10.0,2026-01-18
DON_52249,VOL_10138,10.0,2026-01-29
DON_52250,VOL_10138,25.0,2026-02-08
DON_52251,VOL_10138,50.0,2026-02-22
DON_52252,VOL_10138,100.0,2026-03-08
DON_52253,VOL_10138,50.0,2026-03-15
DON_52254,VOL_10138,25.0,2026-04-26
DON_52255,VOL_10138,10.0,2026-04-26
DON_52256,VOL_10139,10.0,2025-03-06
DON_52257,VOL_10139,10.0,2025-03-27
DON_52258,VOL_10139,25.0,2025-04-03
DON_52259,VOL_10139,10.0,2025-04-17
DON_52260,VOL_10139,10.0,2025-05-18
DON_52261,VOL_10139,10.0,2025-05-25
DON_52262,VOL_10139,10.0,2025-05-25
DON_52263,VOL_10139,100.0,2025-06-01
DON_52264,VOL_10139,10.0,2025-06-12
DON_52265,VOL_10139,25.0,2025-06-15
DON_52266,VOL_10139,50.0,2025-06-19
DON_52267,VOL_10139,100.0,2025-06-26
DON_52268,VOL_10139,10.0,2025-06-29
DON_52269,VOL_10139,25.0,2025-07-17
DON_52270,VOL_10139,25.0,2025-08-03
DON_52271,VOL_10139,25.0,2025-08-07
DON_52272,VOL_10139,100.0,2025-08-21
DON_52273,VOL_10139,25.0,2025-09-28
DON_52274,VOL_10139,25.0,2025-10-02
DON_52275,VOL_10139,50.0,2025-10-30
DON_52276,VOL_10139,50.0,2025-11-06
DON_52277,VOL_10139,50.0,2025-11-27
DON_52278,VOL_10139,10.0,2025-12-07
DON_52279,VOL_10139,50.0,2026-01-04
DON_52280,VOL_10139,10.0,2026-01-08
DON_52281,VOL_10139,100.0,2026-01-29
DON_52282,VOL_10139,50.0,2026-02-12
DON_52283,VOL_10139,25.0,2026-02-22
DON_52284,VOL_10139,10.0,2026-02-26
DON_52285,VOL_10139,25.0,2026-03-05
DON_52286,VOL_10139,10.0,2026-03-19
DON_52287,VOL_10139,25.0,2026-03-19
DON_52288,VOL_10139,10.0,2026-03-22
DON_52289,VOL_10139,25.0,2026-03-29
DON_52290,VOL_10139,10.0,2026-04-16
DON_52291,VOL_10139,25.0,2026-04-23
DON_52292,VOL_10140,10.0,2025-07-24
DON_52293,VOL_10140,25.0,2025-08-10
DON_52294,VOL_10140,10.0,2025-08-10
DON_52295,VOL_10143,10.0,2026-01-08
DON_52296,VOL_10143,10.0,2026-04-09
DON_52297,VOL_10143,10.0,2026-04-19
DON_52298,VOL_10144,10.0,2025-07-06
DON_52299,VOL_10144,25.0,2025-07-13
DON_52300,VOL_10144,25.0,2025-07-13
DON_52301,VOL_10144,50.0,2025-07-20
DON_52302,VOL_10144,50.0,2025-07-24
DON_52303,VOL_10144,10.0,2025-08-03
DON_52304,VOL_10144,10.0,2025-09-25
DON_52305,VOL_10144,10.0,2025-09-28
DON_52306,VOL_10144,25.0,2025-10-26
DON_52307,VOL_10144,10.0,2025-10-30
DON_52308,VOL_10144,25.0,2025-11-09
DON_52309,VOL_10144,10.0,2025-11-16
DON_52310,VOL_10144,10.0,2025-11-20
DON_52311,VOL_10144,10.0,2025-12-18
DON_52312,VOL_10144,10.0,2025-12-25
DON_52313,VOL_10144,10.0,2026-01-29
DON_52314,VOL_10144,10.0,2026-02-05
DON_52315,VOL_10144,10.0,2026-02-12
DON_52316,VOL_10144,25.0,2026-02-26
DON_52317,VOL_10144,25.0,2026-03-12
DON_52318,VOL_10144,10.0,2026-03-15
DON_52319,VOL_10144,25.0,2026-03-22
DON_52320,VOL_10144,10.0,2026-03-26
DON_52321,VOL_10144,25.0,2026-04-09
DON_52322,VOL_10145,50.0,2025-04-03
DON_52323,VOL_10145,25.0,2025-04-13
DON_52324,VOL_10145,50.0,2025-04-17
DON_52325,VOL_10145,10.0,2025-04-17
DON_52326,VOL_10145,10.0,2025-05-01
DON_52327,VOL_10145,50.0,2025-05-08
DON_52328,VOL_10145,25.0,2025-05-25
DON_52329,VOL_10145,25.0,2025-06-01
DON_52330,VOL_10145,50.0,2025-06-08
DON_52331,VOL_10145,10.0,2025-06-15
DON_52332,VOL_10145,10.0,2025-07-06
DON_52333,VOL_10145,10.0,2025-07-27
DON_52334,VOL_10145,10.0,2025-07-27
DON_52335,VOL_10145,10.0,2025-08-14
DON_52336,VOL_10145,10.0,2025-08-17
DON_52337,VOL_10145,25.0,2025-08-17
DON_52338,VOL_10145,50.0,2025-09-14
DON_52339,VOL_10145,10.0,2025-09-28
DON_52340,VOL_10145,100.0,2025-11-06
DON_52341,VOL_10145,25.0,2025-11-13
DON_52342,VOL_10145,100.0,2025-11-13
DON_52343,VOL_10145,25.0,2025-11-16
DON_52344,VOL_10145,10.0,2025-11-16
DON_52345,VOL_10145,25.0,2025-12-11
DON_52346,VOL_10145,50.0,2025-12-21
DON_52347,VOL_10145,50.0,2025-12-25
DON_52348,VOL_10145,10.0,2025-12-28
DON_52349,VOL_10145,25.0,2025-12-28
DON_52350,VOL_10145,25.0,2026-01-08
DON_52351,VOL_10145,50.0,2026-02-08
DON_52352,VOL_10145,10.0,2026-03-05
DON_52353,VOL_10145,25.0,2026-03-12
DON_52354,VOL_10145,100.0,2026-03-22
DON_52355,VOL_10145,25.0,2026-04-09
DON_52356,VOL_10145,100.0,2026-04-12
DON_52357,VOL_10145,25.0,2026-04-30
DON_52358,VOL_10146,10.0,2025-08-24
DON_52359,VOL_10146,50.0,2025-09-14
DON_52360,VOL_10146,10.0,2025-09-14
DON_52361,VOL_10146,50.0,2025-10-16
DON_52362,VOL_10146,100.0,2025-10-19
DON_52363,VOL_10146,25.0,2025-10-30
DON_52364,VOL_10146,10.0,2025-11-20
DON_52365,VOL_10146,10.0,2025-12-04
DON_52366,VOL_10146,50.0,2025-12-04
DON_52367,VOL_10146,10.0,2025-12-25
DON_52368,VOL_10146,10.0,2025-12-28
DON_52369,VOL_10146,100.0,2026-01-04
DON_52370,VOL_10146,25.0,2026-02-15
DON_52371,VOL_10146,25.0,2026-04-16
DON_52372,VOL_10146,10.0,2026-04-23
DON_52373,VOL_10146,25.0,2026-04-26
DON_52374,VOL_10146,50.0,2026-04-26
DON_52375,VOL_10146,10.0,2026-04-30
DON_52376,VOL_10147,25.0,2025-11-09
DON_52377,VOL_10147,10.0,2025-11-09
DON_52378,VOL_10147,100.0,2025-11-13
DON_52379,VOL_10147,100.0,2025-12-04
DON_52380,VOL_10147,10.0,2025-12-11
DON_52381,VOL_10147,50.0,2025-12-11
DON_52382,VOL_10147,25.0,2025-12-25
DON_52383,VOL_10147,50.0,2026-01-15
DON_52384,VOL_10147,25.0,2026-01-22
DON_52385,VOL_10147,10.0,2026-02-08
DON_52386,VOL_10147,25.0,2026-02-12
DON_52387,VOL_10147,100.0,2026-02-15
DON_52388,VOL_10147,50.0,2026-03-12
DON_52389,VOL_10147,25.0,2026-03-22
DON_52390,VOL_10147,10.0,2026-04-16
DON_52391,VOL_10147,50.0,2026-04-19
DON_52392,VOL_10147,25.0,2026-04-23
DON_52393,VOL_10147,50.0,2026-04-26
DON_52394,VOL_10148,50.0,2025-04-03
DON_52395,VOL_10148,10.0,2025-04-06
DON_52396,VOL_10148,10.0,2025-04-20
DON_52397,VOL_10148,25.0,2025-05-08
DON_52398,VOL_10148,25.0,2025-05-11
DON_52399,VOL_10148,10.0,2025-05-18
DON_52400,VOL_10148,25.0,2025-05-18
DON_52401,VOL_10148,10.0,2025-05-29
DON_52402,VOL_10148,10.0,2025-06-01
DON_52403,VOL_10148,10.0,2025-06-22
DON_52404,VOL_10148,100.0,2025-06-22
DON_52405,VOL_10148,50.0,2025-06-29
DON_52406,VOL_10148,50.0,2025-08-07
DON_52407,VOL_10148,25.0,2025-08-17
DON_52408,VOL_10148,10.0,2025-08-28
DON_52409,VOL_10148,100.0,2025-09-04
DON_52410,VOL_10148,10.0,2025-11-09
DON_52411,VOL_10148,10.0,2025-12-14
DON_52412,VOL_10148,25.0,2026-01-04
DON_52413,VOL_10148,25.0,2026-02-26
DON_52414,VOL_10148,10.0,2026-03-12
DON_52415,VOL_10148,100.0,2026-04-02
DON_52416,VOL_10148,10.0,2026-04-09
DON_52417,VOL_10148,10.0,2026-04-16
DON_52418,VOL_10148,10.0,2026-04-16
DON_52419,VOL_10148,10.0,2026-04-23
DON_52420,VOL_10148,25.0,2026-04-26
DON_52421,VOL_10148,10.0,2026-04-26
DON_52422,VOL_10149,10.0,2025-06-05
DON_52423,VOL_10149,25.0,2025-06-15
DON_52424,VOL_10149,10.0,2025-06-19
DON_52425,VOL_10149,50.0,2025-06-22
DON_52426,VOL_10149,25.0,2025-07-10
DON_52427,VOL_10149,10.0,2025-07-17
DON_52428,VOL_10149,10.0,2025-07-20
DON_52429,VOL_10149,50.0,2025-09-04
DON_52430,VOL_10149,10.0,2025-09-14
DON_52431,VOL_10149,25.0,2025-09-14
DON_52432,VOL_10149,25.0,2025-09-18
DON_52433,VOL_10149,10.0,2025-10-02
DON_52434,VOL_10149,10.0,2025-11-27
DON_52435,VOL_10149,25.0,2025-11-30
DON_52436,VOL_10149,50.0,2025-12-25
DON_52437,VOL_10149,50.0,2026-01-04
DON_52438,VOL_10149,25.0,2026-01-08
DON_52439,VOL_10149,10.0,2026-01-29
DON_52440,VOL_10149,25.0,2026-02-01
DON_52441,VOL_10149,25.0,2026-02-08
DON_52442,VOL_10149,25.0,2026-02-19
DON_52443,VOL_10149,25.0,2026-02-26
DON_52444,VOL_10149,10.0,2026-03-12
DON_52445,VOL_10149,25.0,2026-04-16
DON_52446,VOL_10149,25.0,2026-04-16
DON_52447,VOL_10151,10.0,2025-10-05
DON_52448,VOL_10151,25.0,2025-11-06
DON_52449,VOL_10151,25.0,2025-11-09
DON_52450,VOL_10151,10.0,2025-11-09
DON_52451,VOL_10151,100.0,2025-11-27
DON_52452,VOL_10151,25.0,2025-12-25
DON_52453,VOL_10151,50.0,2026-01-01
DON_52454,VOL_10151,25.0,2026-01-11
DON_52455,VOL_10151,10.0,2026-01-18
DON_52456,VOL_10151,100.0,2026-01-25
DON_52457,VOL_10151,25.0,2026-02-08
DON_52458,VOL_10151,10.0,2026-03-01
DON_52459,VOL_10151,10.0,2026-03-05
DON_52460,VOL_10151,50.0,2026-03-15
DON_52461,VOL_10151,10.0,2026-03-29
DON_52462,VOL_10151,10.0,2026-04-05
DON_52463,VOL_10151,100.0,2026-04-26
DON_52464,VOL_10152,25.0,2025-07-10
DON_52465,VOL_10152,50.0,2025-07-13
DON_52466,VOL_10152,25.0,2025-07-27
DON_52467,VOL_10152,50.0,2025-08-14
DON_52468,VOL_10152,25.0,2025-08-17
DON_52469,VOL_10152,10.0,2025-08-24
DON_52470,VOL_10152,25.0,2025-09-28
DON_52471,VOL_10152,25.0,2025-10-12
DON_52472,VOL_10152,25.0,2025-10-16
DON_52473,VOL_10152,25.0,2025-10-19
DON_52474,VOL_10152,10.0,2025-10-23
DON_52475,VOL_10152,25.0,2025-11-06
DON_52476,VOL_10152,50.0,2025-11-23
DON_52477,VOL_10152,10.0,2025-12-07
DON_52478,VOL_10152,10.0,2025-12-18
DON_52479,VOL_10152,10.0,2026-01-22
DON_52480,VOL_10152,25.0,2026-02-01
DON_52481,VOL_10152,50.0,2026-02-26
DON_52482,VOL_10152,25.0,2026-03-08
DON_52483,VOL_10152,25.0,2026-03-12
DON_52484,VOL_10152,10.0,2026-03-15
DON_52485,VOL_10152,50.0,2026-04-02
DON_52486,VOL_10152,50.0,2026-04-16
DON_52487,VOL_10153,100.0,2025-08-24
DON_52488,VOL_10154,25.0,2025-03-02
DON_52489,VOL_10154,10.0,2025-03-06
DON_52490,VOL_10154,50.0,2025-05-04
DON_52491,VOL_10154,10.0,2025-05-29
DON_52492,VOL_10154,10.0,2025-07-17
DON_52493,VOL_10154,50.0,2025-07-27
DON_52494,VOL_10154,50.0,2025-08-03
DON_52495,VOL_10154,10.0,2025-08-03
DON_52496,VOL_10154,50.0,2025-08-10
DON_52497,VOL_10154,100.0,2025-09-04
DON_52498,VOL_10154,10.0,2025-09-11
DON_52499,VOL_10154,10.0,2025-09-11
DON_52500,VOL_10154,10.0,2025-09-14
DON_52501,VOL_10154,25.0,2025-09-28
DON_52502,VOL_10154,25.0,2025-10-05
DON_52503,VOL_10154,10.0,2025-10-16
DON_52504,VOL_10154,10.0,2025-10-16
DON_52505,VOL_10154,50.0,2025-11-06
DON_52506,VOL_10154,50.0,2025-11-06
DON_52507,VOL_10154,10.0,2025-11-13
DON_52508,VOL_10154,10.0,2025-11-16
DON_52509,VOL_10154,50.0,2025-11-23
DON_52510,VOL_10154,25.0,2025-12-28
DON_52511,VOL_10154,10.0,2026-01-04
DON_52512,VOL_10154,100.0,2026-01-15
DON_52513,VOL_10154,10.0,2026-02-08
DON_52514,VOL_10154,25.0,2026-02-19
DON_52515,VOL_10154,10.0,2026-02-22
DON_52516,VOL_10154,25.0,2026-02-26
DON_52517,VOL_10154,10.0,2026-03-08
DON_52518,VOL_10154,100.0,2026-03-12
DON_52519,VOL_10154,25.0,2026-03-22
DON_52520,VOL_10154,25.0,2026-04-23
DON_52521,VOL_10154,10.0,2026-04-26
DON_52522,VOL_10155,10.0,2025-04-13
DON_52523,VOL_10155,50.0,2025-04-24
DON_52524,VOL_10155,25.0,2025-04-24
DON_52525,VOL_10155,50.0,2025-05-08
DON_52526,VOL_10155,10.0,2025-06-08
DON_52527,VOL_10155,10.0,2025-06-15
DON_52528,VOL_10155,25.0,2025-06-26
DON_52529,VOL_10155,100.0,2025-07-31
DON_52530,VOL_10155,50.0,2025-07-31
DON_52531,VOL_10155,10.0,2025-08-07
DON_52532,VOL_10155,10.0,2025-08-10
DON_52533,VOL_10155,50.0,2025-08-10
DON_52534,VOL_10155,10.0,2025-09-11
DON_52535,VOL_10155,50.0,2025-09-21
DON_52536,VOL_10155,10.0,2025-09-21
DON_52537,VOL_10155,25.0,2025-10-12
DON_52538,VOL_10155,25.0,2025-10-26
DON_52539,VOL_10155,100.0,2025-11-02
DON_52540,VOL_10155,10.0,2025-11-09
DON_52541,VOL_10155,25.0,2025-11-09
DON_52542,VOL_10155,10.0,2025-11-16
DON_52543,VOL_10155,25.0,2025-11-23
DON_52544,VOL_10155,25.0,2025-11-30
DON_52545,VOL_10155,100.0,2026-01-18
DON_52546,VOL_10155,50.0,2026-02-26
DON_52547,VOL_10155,25.0,2026-02-26
DON_52548,VOL_10155,10.0,2026-03-05
DON_52549,VOL_10155,50.0,2026-03-19
DON_52550,VOL_10155,50.0,2026-03-29
DON_52551,VOL_10155,50.0,2026-04-09
DON_52552,VOL_10155,25.0,2026-04-09
DON_52553,VOL_10155,25.0,2026-04-12
DON_52554,VOL_10155,25.0,2026-04-16
DON_52555,VOL_10155,10.0,2026-04-23
DON_52556,VOL_10155,100.0,2026-04-26
DON_52557,VOL_10156,25.0,2025-06-08
DON_52558,VOL_10156,50.0,2025-07-27
DON_52559,VOL_10156,10.0,2025-08-10
DON_52560,VOL_10156,10.0,2025-08-24
DON_52561,VOL_10156,10.0,2025-09-21
DON_52562,VOL_10156,100.0,2025-09-28
DON_52563,VOL_10156,10.0,2025-11-06
DON_52564,VOL_10156,50.0,2025-11-09
DON_52565,VOL_10156,10.0,2025-11-30
DON_52566,VOL_10156,25.0,2025-12-07
DON_52567,VOL_10156,100.0,2025-12-14
DON_52568,VOL_10156,25.0,2025-12-21
DON_52569,VOL_10156,10.0,2026-01-25
DON_52570,VOL_10156,10.0,2026-02-26
DON_52571,VOL_10156,25.0,2026-03-01
DON_52572,VOL_10156,25.0,2026-03-05
DON_52573,VOL_10156,50.0,2026-03-19
DON_52574,VOL_10156,10.0,2026-03-22
DON_52575,VOL_10156,10.0,2026-04-23
DON_52576,VOL_10156,100.0,2026-04-23
DON_52577,VOL_10157,10.0,2025-09-21
DON_52578,VOL_10157,50.0,2025-10-19
DON_52579,VOL_10157,10.0,2025-11-06
DON_52580,VOL_10157,50.0,2025-11-09
DON_52581,VOL_10157,10.0,2025-11-13
DON_52582,VOL_10157,10.0,2025-11-16
DON_52583,VOL_10157,100.0,2025-11-23
DON_52584,VOL_10157,50.0,2025-11-30
DON_52585,VOL_10157,25.0,2025-12-04
DON_52586,VOL_10157,50.0,2025-12-25
DON_52587,VOL_10157,25.0,2026-02-22
DON_52588,VOL_10157,10.0,2026-03-12
DON_52589,VOL_10157,25.0,2026-03-29
DON_52590,VOL_10157,100.0,2026-04-02
DON_52591,VOL_10157,10.0,2026-04-12
DON_52592,VOL_10157,50.0,2026-04-30
DON_52593,VOL_10158,100.0,2025-04-20
DON_52594,VOL_10158,25.0,2025-04-20
DON_52595,VOL_10158,50.0,2025-04-27
DON_52596,VOL_10158,10.0,2025-05-15
DON_52597,VOL_10158,10.0,2025-05-22
DON_52598,VOL_10158,25.0,2025-05-25
DON_52599,VOL_10158,10.0,2025-05-25
DON_52600,VOL_10158,50.0,2025-06-01
DON_52601,VOL_10158,10.0,2025-07-06
DON_52602,VOL_10158,25.0,2025-07-17
DON_52603,VOL_10158,10.0,2025-07-31
DON_52604,VOL_10158,25.0,2025-07-31
DON_52605,VOL_10158,50.0,2025-08-10
DON_52606,VOL_10158,10.0,2025-08-10
DON_52607,VOL_10158,25.0,2025-08-14
DON_52608,VOL_10158,10.0,2025-08-14
DON_52609,VOL_10158,10.0,2025-08-17
DON_52610,VOL_10158,100.0,2025-09-25
DON_52611,VOL_10158,10.0,2025-09-28
DON_52612,VOL_10158,25.0,2025-10-19
DON_52613,VOL_10158,25.0,2025-11-06
DON_52614,VOL_10158,10.0,2025-11-09
DON_52615,VOL_10158,10.0,2025-11-13
DON_52616,VOL_10158,50.0,2025-11-16
DON_52617,VOL_10158,10.0,2025-11-16
DON_52618,VOL_10158,10.0,2025-11-30
DON_52619,VOL_10158,25.0,2025-12-07
DON_52620,VOL_10158,10.0,2025-12-18
DON_52621,VOL_10158,25.0,2026-01-22
DON_52622,VOL_10158,50.0,2026-01-25
DON_52623,VOL_10158,50.0,2026-01-29
DON_52624,VOL_10158,50.0,2026-02-08
DON_52625,VOL_10158,25.0,2026-02-12
DON_52626,VOL_10158,10.0,2026-02-15
DON_52627,VOL_10158,100.0,2026-03-19
DON_52628,VOL_10158,10.0,2026-04-12
DON_52629,VOL_10158,25.0,2026-04-23
DON_52630,VOL_10158,50.0,2026-04-30
DON_52631,VOL_10159,25.0,2025-04-24
DON_52632,VOL_10159,50.0,2025-05-25
DON_52633,VOL_10159,10.0,2025-06-12
DON_52634,VOL_10159,50.0,2025-07-03
DON_52635,VOL_10159,10.0,2025-07-20
DON_52636,VOL_10159,50.0,2025-07-31
DON_52637,VOL_10159,10.0,2025-08-03
DON_52638,VOL_10159,10.0,2025-08-28
DON_52639,VOL_10159,25.0,2025-09-04
DON_52640,VOL_10159,25.0,2025-10-02
DON_52641,VOL_10159,10.0,2025-10-02
DON_52642,VOL_10159,25.0,2025-10-05
DON_52643,VOL_10159,25.0,2025-10-19
DON_52644,VOL_10159,50.0,2025-10-26
DON_52645,VOL_10159,100.0,2025-11-02
DON_52646,VOL_10159,50.0,2025-11-13
DON_52647,VOL_10159,50.0,2025-11-20
DON_52648,VOL_10159,10.0,2025-12-14
DON_52649,VOL_10159,25.0,2026-01-08
DON_52650,VOL_10159,10.0,2026-01-22
DON_52651,VOL_10159,10.0,2026-01-22
DON_52652,VOL_10159,25.0,2026-01-25
DON_52653,VOL_10159,10.0,2026-02-19
DON_52654,VOL_10159,25.0,2026-03-05
DON_52655,VOL_10159,50.0,2026-03-05
DON_52656,VOL_10159,10.0,2026-03-12
DON_52657,VOL_10159,50.0,2026-03-19
DON_52658,VOL_10159,25.0,2026-03-22
DON_52659,VOL_10159,50.0,2026-03-26
DON_52660,VOL_10159,10.0,2026-03-29
DON_52661,VOL_10159,25.0,2026-04-09
DON_52662,VOL_10159,25.0,2026-04-26
DON_52663,VOL_10160,25.0,2025-02-06
DON_52664,VOL_10160,10.0,2025-02-13
DON_52665,VOL_10160,50.0,2025-03-02
DON_52666,VOL_10160,50.0,2025-03-30
DON_52667,VOL_10160,25.0,2025-04-03
DON_52668,VOL_10160,25.0,2025-04-06
DON_52669,VOL_10160,10.0,2025-04-10
DON_52670,VOL_10160,10.0,2025-04-20
DON_52671,VOL_10160,25.0,2025-04-27
DON_52672,VOL_10160,25.0,2025-05-11
DON_52673,VOL_10160,10.0,2025-05-18
DON_52674,VOL_10160,10.0,2025-06-01
DON_52675,VOL_10160,100.0,2025-06-12
DON_52676,VOL_10160,10.0,2025-06-26
DON_52677,VOL_10160,10.0,2025-07-10
DON_52678,VOL_10160,10.0,2025-07-17
DON_52679,VOL_10160,25.0,2025-08-17
DON_52680,VOL_10160,25.0,2025-10-12
DON_52681,VOL_10160,10.0,2025-10-19
DON_52682,VOL_10160,10.0,2025-10-23
DON_52683,VOL_10160,10.0,2025-10-26
DON_52684,VOL_10160,10.0,2025-10-30
DON_52685,VOL_10160,10.0,2025-11-09
DON_52686,VOL_10160,25.0,2025-11-23
DON_52687,VOL_10160,10.0,2025-12-11
DON_52688,VOL_10160,10.0,2026-01-08
DON_52689,VOL_10160,25.0,2026-02-05
DON_52690,VOL_10160,10.0,2026-02-26
DON_52691,VOL_10160,10.0,2026-03-15
DON_52692,VOL_10160,25.0,2026-03-19
DON_52693,VOL_10160,10.0,2026-03-29
DON_52694,VOL_10160,10.0,2026-04-16
DON_52695,VOL_10160,10.0,2026-04-26
DON_52696,VOL_10160,50.0,2026-04-26
DON_52697,VOL_10161,50.0,2025-09-28
DON_52698,VOL_10161,10.0,2025-10-02
DON_52699,VOL_10161,25.0,2025-10-02
DON_52700,VOL_10161,50.0,2025-10-12
DON_52701,VOL_10161,25.0,2025-10-12
DON_52702,VOL_10161,100.0,2025-10-12
DON_52703,VOL_10161,10.0,2025-10-23
DON_52704,VOL_10161,25.0,2025-10-26
DON_52705,VOL_10161,50.0,2025-10-26
DON_52706,VOL_10161,10.0,2025-11-09
DON_52707,VOL_10161,25.0,2025-11-13
DON_52708,VOL_10161,10.0,2025-12-07
DON_52709,VOL_10161,25.0,2025-12-14
DON_52710,VOL_10161,10.0,2025-12-21
DON_52711,VOL_10161,25.0,2025-12-21
DON_52712,VOL_10161,25.0,2025-12-25
DON_52713,VOL_10161,10.0,2026-01-04
DON_52714,VOL_10161,25.0,2026-01-15
DON_52715,VOL_10161,10.0,2026-01-18
DON_52716,VOL_10161,50.0,2026-01-22
DON_52717,VOL_10161,10.0,2026-01-29
DON_52718,VOL_10161,10.0,2026-02-05
DON_52719,VOL_10161,25.0,2026-02-08
DON_52720,VOL_10161,100.0,2026-02-12
DON_52721,VOL_10161,10.0,2026-02-26
DON_52722,VOL_10161,25.0,2026-04-26
DON_52723,VOL_10162,10.0,2025-04-24
DON_52724,VOL_10162,25.0,2025-05-01
DON_52725,VOL_10162,25.0,2025-05-01
DON_52726,VOL_10162,10.0,2025-05-11
DON_52727,VOL_10162,50.0,2025-05-18
DON_52728,VOL_10162,25.0,2025-06-29
DON_52729,VOL_10162,25.0,2025-07-20
DON_52730,VOL_10162,10.0,2025-07-24
DON_52731,VOL_10162,10.0,2025-08-14
DON_52732,VOL_10162,10.0,2025-10-16
DON_52733,VOL_10162,50.0,2025-10-26
DON_52734,VOL_10162,10.0,2025-11-09
DON_52735,VOL_10162,25.0,2025-11-20
DON_52736,VOL_10162,50.0,2025-12-21
DON_52737,VOL_10162,25.0,2026-01-15
DON_52738,VOL_10162,50.0,2026-01-18
DON_52739,VOL_10162,10.0,2026-01-29
DON_52740,VOL_10162,25.0,2026-02-08
DON_52741,VOL_10162,10.0,2026-02-15
DON_52742,VOL_10162,25.0,2026-03-05
DON_52743,VOL_10162,25.0,2026-03-15
DON_52744,VOL_10162,100.0,2026-04-30
DON_52745,VOL_10163,10.0,2026-01-29
DON_52746,VOL_10163,25.0,2026-02-08
DON_52747,VOL_10163,10.0,2026-03-12
DON_52748,VOL_10163,100.0,2026-03-19
DON_52749,VOL_10163,25.0,2026-03-19
DON_52750,VOL_10163,50.0,2026-03-26
DON_52751,VOL_10163,10.0,2026-03-29
DON_52752,VOL_10163,50.0,2026-04-30
DON_52753,VOL_10164,10.0,2026-01-15
DON_52754,VOL_10164,50.0,2026-02-08
DON_52755,VOL_10164,50.0,2026-03-01
DON_52756,VOL_10164,10.0,2026-03-12
DON_52757,VOL_10164,100.0,2026-03-19
DON_52758,VOL_10164,25.0,2026-04-16
DON_52759,VOL_10164,50.0,2026-04-19
DON_52760,VOL_10165,25.0,2025-02-02
DON_52761,VOL_10165,25.0,2025-02-09
DON_52762,VOL_10165,10.0,2025-02-27
DON_52763,VOL_10165,10.0,2025-02-27
DON_52764,VOL_10165,25.0,2025-03-09
DON_52765,VOL_10165,25.0,2025-04-17
DON_52766,VOL_10165,25.0,2025-05-15
DON_52767,VOL_10165,10.0,2025-07-03
DON_52768,VOL_10165,100.0,2025-07-13
DON_52769,VOL_10165,10.0,2025-08-03
DON_52770,VOL_10165,25.0,2025-08-10
DON_52771,VOL_10165,50.0,2025-08-14
DON_52772,VOL_10165,50.0,2025-08-31
DON_52773,VOL_10165,25.0,2025-09-18
DON_52774,VOL_10165,50.0,2025-10-12
DON_52775,VOL_10165,10.0,2025-10-26
DON_52776,VOL_10165,100.0,2025-10-30
DON_52777,VOL_10165,10.0,2025-11-23
DON_52778,VOL_10165,25.0,2025-12-11
DON_52779,VOL_10165,25.0,2026-01-04
DON_52780,VOL_10165,25.0,2026-01-08
DON_52781,VOL_10165,10.0,2026-01-29
DON_52782,VOL_10165,25.0,2026-01-29
DON_52783,VOL_10165,10.0,2026-02-08
DON_52784,VOL_10165,25.0,2026-02-12
DON_52785,VOL_10165,25.0,2026-02-19
DON_52786,VOL_10165,25.0,2026-02-26
DON_52787,VOL_10165,10.0,2026-02-26
DON_52788,VOL_10165,25.0,2026-03-12
DON_52789,VOL_10165,100.0,2026-03-15
DON_52790,VOL_10165,10.0,2026-03-19
DON_52791,VOL_10165,25.0,2026-03-29
DON_52792,VOL_10165,50.0,2026-03-29
DON_52793,VOL_10165,25.0,2026-04-12
DON_52794,VOL_10165,100.0,2026-04-23
DON_52795,VOL_10166,25.0,2025-04-27
DON_52796,VOL_10166,50.0,2025-05-08
DON_52797,VOL_10166,50.0,2025-05-11
DON_52798,VOL_10166,25.0,2025-05-29
DON_52799,VOL_10166,10.0,2025-07-06
DON_52800,VOL_10166,100.0,2025-07-13
DON_52801,VOL_10166,10.0,2025-08-10
DON_52802,VOL_10166,25.0,2025-08-14
DON_52803,VOL_10166,25.0,2025-08-14
DON_52804,VOL_10166,50.0,2025-08-31
DON_52805,VOL_10166,10.0,2025-09-14
DON_52806,VOL_10166,50.0,2025-10-16
DON_52807,VOL_10166,10.0,2025-11-09
DON_52808,VOL_10166,50.0,2025-11-09
DON_52809,VOL_10166,10.0,2025-11-16
DON_52810,VOL_10166,25.0,2025-11-16
DON_52811,VOL_10166,10.0,2025-11-30
DON_52812,VOL_10166,25.0,2025-11-30
DON_52813,VOL_10166,25.0,2025-12-07
DON_52814,VOL_10166,50.0,2025-12-11
DON_52815,VOL_10166,10.0,2025-12-25
DON_52816,VOL_10166,10.0,2026-01-08
DON_52817,VOL_10166,50.0,2026-01-29
DON_52818,VOL_10166,10.0,2026-02-01
DON_52819,VOL_10166,10.0,2026-02-19
DON_52820,VOL_10166,50.0,2026-04-12
DON_52821,VOL_10166,50.0,2026-04-16
DON_52822,VOL_10167,25.0,2025-10-16
DON_52823,VOL_10167,25.0,2025-10-26
DON_52824,VOL_10167,25.0,2025-10-30
DON_52825,VOL_10167,10.0,2025-11-02
DON_52826,VOL_10167,10.0,2025-11-13
DON_52827,VOL_10167,10.0,2025-11-20
DON_52828,VOL_10167,100.0,2025-11-30
DON_52829,VOL_10167,25.0,2025-12-28
DON_52830,VOL_10167,25.0,2026-01-04
DON_52831,VOL_10167,10.0,2026-01-08
DON_52832,VOL_10167,10.0,2026-02-22
DON_52833,VOL_10167,25.0,2026-02-22
DON_52834,VOL_10167,100.0,2026-02-26
DON_52835,VOL_10167,10.0,2026-03-19
DON_52836,VOL_10167,50.0,2026-03-29
DON_52837,VOL_10167,10.0,2026-04-02
DON_52838,VOL_10167,50.0,2026-04-09
DON_52839,VOL_10167,50.0,2026-04-26
DON_52840,VOL_10168,25.0,2025-04-06
DON_52841,VOL_10168,100.0,2025-04-06
DON_52842,VOL_10168,10.0,2025-05-11
DON_52843,VOL_10168,50.0,2025-05-29
DON_52844,VOL_10168,50.0,2025-06-08
DON_52845,VOL_10168,10.0,2025-06-19
DON_52846,VOL_10168,25.0,2025-06-22
DON_52847,VOL_10168,10.0,2025-07-06
DON_52848,VOL_10168,10.0,2025-08-14
DON_52849,VOL_10168,10.0,2025-08-17
DON_52850,VOL_10168,25.0,2025-08-17
DON_52851,VOL_10168,50.0,2025-09-28
DON_52852,VOL_10168,50.0,2025-09-28
DON_52853,VOL_10168,10.0,2025-10-02
DON_52854,VOL_10168,50.0,2025-10-16
DON_52855,VOL_10168,100.0,2025-11-06
DON_52856,VOL_10168,10.0,2025-11-09
DON_52857,VOL_10168,10.0,2025-12-25
DON_52858,VOL_10168,25.0,2026-01-15
DON_52859,VOL_10168,10.0,2026-01-18
DON_52860,VOL_10168,10.0,2026-02-08
DON_52861,VOL_10168,10.0,2026-02-15
DON_52862,VOL_10168,50.0,2026-03-01
DON_52863,VOL_10168,50.0,2026-03-15
DON_52864,VOL_10168,25.0,2026-03-19
DON_52865,VOL_10168,50.0,2026-03-19
DON_52866,VOL_10168,10.0,2026-04-30
DON_52867,VOL_10169,10.0,2025-02-27
DON_52868,VOL_10169,100.0,2025-03-16
DON_52869,VOL_10169,10.0,2025-03-20
DON_52870,VOL_10169,50.0,2025-03-20
DON_52871,VOL_10169,50.0,2025-04-17
DON_52872,VOL_10169,25.0,2025-04-17
DON_52873,VOL_10169,10.0,2025-04-27
DON_52874,VOL_10169,10.0,2025-06-26
DON_52875,VOL_10169,10.0,2025-07-10
DON_52876,VOL_10169,25.0,2025-07-17
DON_52877,VOL_10169,10.0,2025-07-31
DON_52878,VOL_10169,25.0,2025-08-03
DON_52879,VOL_10169,25.0,2025-08-10
DON_52880,VOL_10169,10.0,2025-08-24
DON_52881,VOL_10169,10.0,2025-10-16
DON_52882,VOL_10169,50.0,2025-10-26
DON_52883,VOL_10169,10.0,2025-10-30
DON_52884,VOL_10169,25.0,2025-11-16
DON_52885,VOL_10169,25.0,2025-11-16
DON_52886,VOL_10169,50.0,2025-11-27
DON_52887,VOL_10169,25.0,2025-11-30
DON_52888,VOL_10169,100.0,2025-12-07
DON_52889,VOL_10169,10.0,2025-12-14
DON_52890,VOL_10169,10.0,2025-12-14
DON_52891,VOL_10169,50.0,2025-12-18
DON_52892,VOL_10169,10.0,2026-01-04
DON_52893,VOL_10169,50.0,2026-01-18
DON_52894,VOL_10169,50.0,2026-01-25
DON_52895,VOL_10169,10.0,2026-02-01
DON_52896,VOL_10169,100.0,2026-02-05
DON_52897,VOL_10169,50.0,2026-03-05
DON_52898,VOL_10169,100.0,2026-03-12
DON_52899,VOL_10169,25.0,2026-03-19
DON_52900,VOL_10169,10.0,2026-04-30
DON_52901,VOL_10170,25.0,2026-02-05
DON_52902,VOL_10170,50.0,2026-02-15
DON_52903,VOL_10170,10.0,2026-02-15
DON_52904,VOL_10170,25.0,2026-03-05
DON_52905,VOL_10170,25.0,2026-03-12
DON_52906,VOL_10170,50.0,2026-03-15
DON_52907,VOL_10170,100.0,2026-03-19
DON_52908,VOL_10170,50.0,2026-03-26
DON_52909,VOL_10170,10.0,2026-04-02
DON_52910,VOL_10170,25.0,2026-04-19
DON_52911,VOL_10170,10.0,2026-04-30
DON_52912,VOL_10172,25.0,2025-07-31
DON_52913,VOL_10172,25.0,2025-08-07
DON_52914,VOL_10172,25.0,2025-08-10
DON_52915,VOL_10172,10.0,2025-08-17
DON_52916,VOL_10172,25.0,2025-08-24
DON_52917,VOL_10172,50.0,2025-08-24
DON_52918,VOL_10174,10.0,2025-12-25
DON_52919,VOL_10174,100.0,2025-12-28
DON_52920,VOL_10174,25.0,2026-01-04
DON_52921,VOL_10174,10.0,2026-01-15
DON_52922,VOL_10174,50.0,2026-01-22
DON_52923,VOL_10174,50.0,2026-01-29
DON_52924,VOL_10174,10.0,2026-02-08
DON_52925,VOL_10174,50.0,2026-02-19
DON_52926,VOL_10174,10.0,2026-02-19
DON_52927,VOL_10174,25.0,2026-02-26
DON_52928,VOL_10174,50.0,2026-03-15
DON_52929,VOL_10174,50.0,2026-03-15
DON_52930,VOL_10174,10.0,2026-03-19
DON_52931,VOL_10174,10.0,2026-03-22
DON_52932,VOL_10174,10.0,2026-03-26
DON_52933,VOL_10174,50.0,2026-03-29
DON_52934,VOL_10174,100.0,2026-04-05
DON_52935,VOL_10174,25.0,2026-04-16
DON_52936,VOL_10174,100.0,2026-04-23
DON_52937,VOL_10174,10.0,2026-04-26
DON_52938,VOL_10175,10.0,2025-04-03
DON_52939,VOL_10175,10.0,2025-04-13
DON_52940,VOL_10175,50.0,2025-04-24
DON_52941,VOL_10175,25.0,2025-04-27
DON_52942,VOL_10175,25.0,2025-05-08
DON_52943,VOL_10175,25.0,2025-05-25
DON_52944,VOL_10175,100.0,2025-06-22
DON_52945,VOL_10175,10.0,2025-07-20
DON_52946,VOL_10175,25.0,2025-07-24
DON_52947,VOL_10175,25.0,2025-07-31
DON_52948,VOL_10175,10.0,2025-08-17
DON_52949,VOL_10175,50.0,2025-08-28
DON_52950,VOL_10175,50.0,2025-09-11
DON_52951,VOL_10175,10.0,2025-09-25
DON_52952,VOL_10175,10.0,2025-10-12
DON_52953,VOL_10175,10.0,2025-10-19
DON_52954,VOL_10175,100.0,2025-11-23
DON_52955,VOL_10175,10.0,2025-11-27
DON_52956,VOL_10175,100.0,2025-12-04
DON_52957,VOL_10175,50.0,2025-12-28
DON_52958,VOL_10175,10.0,2026-01-18
DON_52959,VOL_10175,10.0,2026-02-05
DON_52960,VOL_10175,10.0,2026-02-12
DON_52961,VOL_10175,25.0,2026-02-15
DON_52962,VOL_10175,100.0,2026-02-26
DON_52963,VOL_10175,10.0,2026-03-05
DON_52964,VOL_10175,25.0,2026-03-05
DON_52965,VOL_10175,50.0,2026-03-12
DON_52966,VOL_10176,50.0,2025-02-27
DON_52967,VOL_10176,10.0,2025-02-27
DON_52968,VOL_10176,25.0,2025-04-17
DON_52969,VOL_10176,25.0,2025-04-17
DON_52970,VOL_10176,100.0,2025-04-20
DON_52971,VOL_10176,100.0,2025-04-24
DON_52972,VOL_10176,50.0,2025-04-24
DON_52973,VOL_10176,25.0,2025-04-27
DON_52974,VOL_10176,50.0,2025-05-04
DON_52975,VOL_10176,10.0,2025-06-01
DON_52976,VOL_10176,10.0,2025-06-05
DON_52977,VOL_10176,10.0,2025-06-26
DON_52978,VOL_10176,10.0,2025-07-10
DON_52979,VOL_10176,10.0,2025-07-17
DON_52980,VOL_10176,10.0,2025-07-31
DON_52981,VOL_10176,25.0,2025-08-07
DON_52982,VOL_10176,10.0,2025-08-14
DON_52983,VOL_10176,10.0,2025-08-17
DON_52984,VOL_10176,10.0,2025-08-21
DON_52985,VOL_10176,25.0,2025-08-21
DON_52986,VOL_10176,100.0,2025-08-28
DON_52987,VOL_10176,10.0,2025-09-21
DON_52988,VOL_10176,50.0,2025-10-16
DON_52989,VOL_10176,100.0,2025-11-30
DON_52990,VOL_10176,100.0,2025-11-30
DON_52991,VOL_10176,100.0,2025-12-25
DON_52992,VOL_10176,25.0,2026-01-15
DON_52993,VOL_10176,10.0,2026-01-18
DON_52994,VOL_10176,50.0,2026-02-05
DON_52995,VOL_10176,25.0,2026-03-19
DON_52996,VOL_10176,10.0,2026-04-02
DON_52997,VOL_10176,10.0,2026-04-02
DON_52998,VOL_10176,50.0,2026-04-05
DON_52999,VOL_10176,10.0,2026-04-23
DON_53000,VOL_10177,50.0,2025-08-14
DON_53001,VOL_10177,10.0,2025-08-14
DON_53002,VOL_10177,25.0,2025-09-04
DON_53003,VOL_10177,50.0,2025-09-11
DON_53004,VOL_10177,25.0,2025-09-14
DON_53005,VOL_10177,25.0,2025-09-21
DON_53006,VOL_10177,10.0,2025-10-02
DON_53007,VOL_10177,10.0,2025-10-02
DON_53008,VOL_10177,25.0,2025-10-05
DON_53009,VOL_10177,50.0,2025-10-16
DON_53010,VOL_10177,25.0,2025-10-19
DON_53011,VOL_10177,10.0,2025-10-19
DON_53012,VOL_10177,25.0,2025-10-26
DON_53013,VOL_10177,50.0,2025-11-20
DON_53014,VOL_10177,10.0,2025-11-23
DON_53015,VOL_10177,25.0,2025-11-27
DON_53016,VOL_10177,100.0,2025-11-30
DON_53017,VOL_10177,10.0,2025-12-11
DON_53018,VOL_10177,50.0,2025-12-14
DON_53019,VOL_10177,50.0,2025-12-18
DON_53020,VOL_10177,10.0,2026-01-15
DON_53021,VOL_10177,10.0,2026-01-22
DON_53022,VOL_10177,10.0,2026-02-05
DON_53023,VOL_10177,25.0,2026-02-12
DON_53024,VOL_10177,100.0,2026-02-19
DON_53025,VOL_10177,10.0,2026-02-22
DON_53026,VOL_10177,25.0,2026-02-26
DON_53027,VOL_10177,25.0,2026-03-05
DON_53028,VOL_10177,25.0,2026-03-12
DON_53029,VOL_10177,10.0,2026-03-19
DON_53030,VOL_10177,10.0,2026-04-02
DON_53031,VOL_10177,50.0,2026-04-05
DON_53032,VOL_10177,50.0,2026-04-09
DON_53033,VOL_10177,100.0,2026-04-19
DON_53034,VOL_10177,25.0,2026-04-19
DON_53035,VOL_10178,25.0,2025-07-17
DON_53036,VOL_10178,50.0,2025-07-20
DON_53037,VOL_10178,50.0,2025-07-24
DON_53038,VOL_10178,50.0,2025-07-27
DON_53039,VOL_10179,10.0,2025-07-24
DON_53040,VOL_10179,25.0,2025-07-27
DON_53041,VOL_10179,100.0,2025-08-14
DON_53042,VOL_10179,10.0,2025-08-14
DON_53043,VOL_10179,25.0,2025-09-14
DON_53044,VOL_10179,50.0,2025-09-21
DON_53045,VOL_10179,100.0,2025-10-02
DON_53046,VOL_10179,10.0,2025-11-09
DON_53047,VOL_10179,10.0,2025-11-09
DON_53048,VOL_10179,10.0,2025-11-16
DON_53049,VOL_10179,50.0,2025-12-25
DON_53050,VOL_10179,10.0,2026-01-04
DON_53051,VOL_10179,50.0,2026-01-15
DON_53052,VOL_10179,10.0,2026-02-05
DON_53053,VOL_10179,10.0,2026-02-15
DON_53054,VOL_10179,10.0,2026-02-19
DON_53055,VOL_10179,10.0,2026-03-05
DON_53056,VOL_10179,25.0,2026-03-08
DON_53057,VOL_10179,10.0,2026-03-12
DON_53058,VOL_10179,10.0,2026-03-22
DON_53059,VOL_10181,100.0,2025-11-02
DON_53060,VOL_10181,50.0,2025-11-16
DON_53061,VOL_10181,10.0,2025-11-23
DON_53062,VOL_10181,50.0,2025-12-11
DON_53063,VOL_10181,100.0,2025-12-18
DON_53064,VOL_10181,10.0,2025-12-18
DON_53065,VOL_10181,25.0,2026-01-04
DON_53066,VOL_10181,10.0,2026-01-15
DON_53067,VOL_10181,25.0,2026-01-22
DON_53068,VOL_10181,10.0,2026-02-19
DON_53069,VOL_10181,10.0,2026-03-26
DON_53070,VOL_10182,25.0,2026-03-01
DON_53071,VOL_10182,10.0,2026-03-05
DON_53072,VOL_10182,50.0,2026-03-12
DON_53073,VOL_10182,10.0,2026-03-12
DON_53074,VOL_10182,25.0,2026-03-29
DON_53075,VOL_10183,10.0,2025-03-02
DON_53076,VOL_10183,10.0,2025-03-20
DON_53077,VOL_10183,100.0,2025-03-27
DON_53078,VOL_10183,25.0,2025-04-03
DON_53079,VOL_10183,100.0,2025-04-10
DON_53080,VOL_10183,10.0,2025-05-18
DON_53081,VOL_10183,50.0,2025-06-15
DON_53082,VOL_10183,25.0,2025-06-15
DON_53083,VOL_10183,10.0,2025-06-29
DON_53084,VOL_10183,100.0,2025-07-03
DON_53085,VOL_10183,50.0,2025-07-06
DON_53086,VOL_10183,50.0,2025-07-27
DON_53087,VOL_10183,50.0,2025-07-31
DON_53088,VOL_10183,100.0,2025-08-07
DON_53089,VOL_10183,25.0,2025-08-14
DON_53090,VOL_10183,50.0,2025-09-14
DON_53091,VOL_10183,50.0,2025-10-12
DON_53092,VOL_10183,25.0,2025-11-09
DON_53093,VOL_10183,25.0,2025-11-13
DON_53094,VOL_10183,50.0,2025-12-07
DON_53095,VOL_10183,25.0,2025-12-07
DON_53096,VOL_10183,25.0,2026-01-15
DON_53097,VOL_10183,10.0,2026-02-01
DON_53098,VOL_10183,50.0,2026-02-01
DON_53099,VOL_10183,10.0,2026-02-15
DON_53100,VOL_10183,25.0,2026-02-19
DON_53101,VOL_10183,25.0,2026-03-05
DON_53102,VOL_10183,100.0,2026-03-26
DON_53103,VOL_10183,10.0,2026-03-29
DON_53104,VOL_10183,10.0,2026-04-26
DON_53105,VOL_10186,25.0,2026-01-04
DON_53106,VOL_10186,25.0,2026-01-08
DON_53107,VOL_10186,50.0,2026-01-22
DON_53108,VOL_10186,10.0,2026-01-22
DON_53109,VOL_10187,50.0,2025-04-27
DON_53110,VOL_10187,10.0,2025-05-01
DON_53111,VOL_10187,50.0,2025-05-01
DON_53112,VOL_10187,25.0,2025-05-04
DON_53113,VOL_10187,10.0,2025-05-11
DON_53114,VOL_10187,50.0,2025-05-15
DON_53115,VOL_10187,10.0,2025-06-15
DON_53116,VOL_10187,25.0,2025-06-15
DON_53117,VOL_10187,50.0,2025-06-22
DON_53118,VOL_10187,10.0,2025-06-26
DON_53119,VOL_10187,25.0,2025-07-03
DON_53120,VOL_10187,100.0,2025-07-24
DON_53121,VOL_10187,10.0,2025-07-31
DON_53122,VOL_10187,10.0,2025-08-17
DON_53123,VOL_10187,50.0,2025-08-17
DON_53124,VOL_10187,25.0,2025-08-24
DON_53125,VOL_10187,10.0,2025-08-28
DON_53126,VOL_10187,10.0,2025-09-14
DON_53127,VOL_10187,10.0,2025-09-28
DON_53128,VOL_10187,25.0,2025-10-23
DON_53129,VOL_10187,25.0,2025-10-26
DON_53130,VOL_10187,25.0,2025-10-30
DON_53131,VOL_10187,10.0,2025-11-16
DON_53132,VOL_10187,25.0,2025-12-11
DON_53133,VOL_10187,10.0,2025-12-14
DON_53134,VOL_10187,25.0,2026-01-01
DON_53135,VOL_10187,25.0,2026-01-04
DON_53136,VOL_10187,10.0,2026-01-29
DON_53137,VOL_10187,25.0,2026-02-15
DON_53138,VOL_10187,10.0,2026-02-19
DON_53139,VOL_10187,10.0,2026-03-08
DON_53140,VOL_10187,10.0,2026-03-08
DON_53141,VOL_10187,50.0,2026-04-16
DON_53142,VOL_10188,25.0,2025-04-10
DON_53143,VOL_10188,25.0,2025-04-24
DON_53144,VOL_10188,10.0,2025-05-08
DON_53145,VOL_10188,25.0,2025-06-19
DON_53146,VOL_10188,100.0,2025-06-29
DON_53147,VOL_10188,25.0,2025-07-06
DON_53148,VOL_10188,10.0,2025-07-10
DON_53149,VOL_10188,100.0,2025-08-14
DON_53150,VOL_10188,25.0,2025-08-17
DON_53151,VOL_10188,10.0,2025-09-21
DON_53152,VOL_10188,50.0,2025-12-14
DON_53153,VOL_10188,100.0,2025-12-18
DON_53154,VOL_10188,100.0,2026-02-12
DON_53155,VOL_10188,100.0,2026-02-15
DON_53156,VOL_10188,25.0,2026-04-09
DON_53157,VOL_10188,10.0,2026-04-16
DON_53158,VOL_10188,100.0,2026-04-30
DON_53159,VOL_10189,100.0,2025-07-17
DON_53160,VOL_10189,50.0,2025-07-20
DON_53161,VOL_10189,10.0,2025-07-27
DON_53162,VOL_10189,100.0,2025-07-31
DON_53163,VOL_10189,50.0,2025-08-03
DON_53164,VOL_10189,50.0,2025-08-07
DON_53165,VOL_10189,10.0,2025-08-14
DON_53166,VOL_10189,50.0,2025-08-21
DON_53167,VOL_10189,10.0,2025-08-24
DON_53168,VOL_10189,25.0,2025-08-31
DON_53169,VOL_10189,25.0,2025-09-04
DON_53170,VOL_10189,25.0,2025-11-09
DON_53171,VOL_10189,25.0,2025-11-13
DON_53172,VOL_10189,25.0,2025-11-13
DON_53173,VOL_10189,100.0,2025-11-16
DON_53174,VOL_10189,50.0,2025-12-07
DON_53175,VOL_10189,10.0,2025-12-18
DON_53176,VOL_10189,25.0,2026-01-01
DON_53177,VOL_10189,25.0,2026-01-08
DON_53178,VOL_10189,25.0,2026-01-15
DON_53179,VOL_10189,10.0,2026-02-15
DON_53180,VOL_10189,50.0,2026-02-22
DON_53181,VOL_10189,50.0,2026-03-15
DON_53182,VOL_10189,100.0,2026-03-19
DON_53183,VOL_10189,10.0,2026-04-09
DON_53184,VOL_10189,10.0,2026-04-26
DON_53185,VOL_10191,25.0,2025-05-25
DON_53186,VOL_10191,25.0,2025-06-22
DON_53187,VOL_10191,50.0,2025-07-10
DON_53188,VOL_10191,50.0,2025-07-17
DON_53189,VOL_10191,25.0,2025-08-07
DON_53190,VOL_10191,50.0,2025-08-10
DON_53191,VOL_10191,10.0,2025-08-17
DON_53192,VOL_10191,10.0,2025-08-17
DON_53193,VOL_10191,50.0,2025-08-24
DON_53194,VOL_10191,25.0,2025-08-31
DON_53195,VOL_10191,10.0,2025-09-18
DON_53196,VOL_10191,100.0,2025-10-05
DON_53197,VOL_10191,10.0,2025-10-12
DON_53198,VOL_10191,10.0,2025-10-23
DON_53199,VOL_10191,10.0,2025-11-13
DON_53200,VOL_10191,25.0,2025-11-16
DON_53201,VOL_10191,10.0,2025-12-04
DON_53202,VOL_10191,100.0,2025-12-07
DON_53203,VOL_10191,50.0,2025-12-11
DON_53204,VOL_10191,25.0,2025-12-14
DON_53205,VOL_10191,25.0,2025-12-25
DON_53206,VOL_10191,10.0,2025-12-28
DON_53207,VOL_10191,100.0,2026-01-18
DON_53208,VOL_10191,50.0,2026-02-05
DON_53209,VOL_10191,10.0,2026-02-08
DON_53210,VOL_10191,10.0,2026-02-19
DON_53211,VOL_10191,25.0,2026-03-01
DON_53212,VOL_10191,50.0,2026-03-12
DON_53213,VOL_10191,10.0,2026-03-12
DON_53214,VOL_10193,25.0,2026-02-05
DON_53215,VOL_10193,10.0,2026-02-26
DON_53216,VOL_10193,50.0,2026-03-05
DON_53217,VOL_10193,50.0,2026-03-29
DON_53218,VOL_10193,10.0,2026-03-29
DON_53219,VOL_10193,100.0,2026-04-05
DON_53220,VOL_10193,10.0,2026-04-09
DON_53221,VOL_10193,10.0,2026-04-23
DON_53222,VOL_10194,10.0,2025-07-10
DON_53223,VOL_10194,50.0,2025-08-03
DON_53224,VOL_10194,10.0,2025-08-07
DON_53225,VOL_10194,10.0,2025-09-21
DON_53226,VOL_10194,10.0,2025-09-25
DON_53227,VOL_10194,50.0,2025-10-05
DON_53228,VOL_10194,10.0,2025-10-23
DON_53229,VOL_10194,50.0,2025-10-26
DON_53230,VOL_10194,50.0,2025-10-30
DON_53231,VOL_10194,10.0,2025-11-13
DON_53232,VOL_10194,100.0,2025-11-13
DON_53233,VOL_10194,100.0,2025-11-27
DON_53234,VOL_10194,25.0,2025-12-07
DON_53235,VOL_10194,50.0,2025-12-14
DON_53236,VOL_10194,25.0,2025-12-28
DON_53237,VOL_10194,10.0,2026-01-04
DON_53238,VOL_10194,10.0,2026-01-08
DON_53239,VOL_10194,10.0,2026-01-15
DON_53240,VOL_10194,100.0,2026-02-05
DON_53241,VOL_10194,10.0,2026-03-15
DON_53242,VOL_10194,10.0,2026-03-15
DON_53243,VOL_10194,10.0,2026-03-15
DON_53244,VOL_10194,100.0,2026-03-22
DON_53245,VOL_10194,10.0,2026-03-26
DON_53246,VOL_10194,10.0,2026-04-09
DON_53247,VOL_10194,10.0,2026-04-12
DON_53248,VOL_10194,25.0,2026-04-26
DON_53249,VOL_10194,10.0,2026-04-30
DON_53250,VOL_10194,10.0,2026-04-30
DON_53251,VOL_10195,100.0,2026-01-18
DON_53252,VOL_10195,25.0,2026-03-01
DON_53253,VOL_10196,10.0,2025-08-31
DON_53254,VOL_10196,10.0,2025-09-04
DON_53255,VOL_10196,10.0,2025-09-11
DON_53256,VOL_10197,10.0,2025-02-02
DON_53257,VOL_10197,50.0,2025-02-16
DON_53258,VOL_10197,10.0,2025-02-20
DON_53259,VOL_10197,25.0,2025-03-09
DON_53260,VOL_10197,10.0,2025-03-13
DON_53261,VOL_10197,10.0,2025-03-20
DON_53262,VOL_10197,25.0,2025-03-20
DON_53263,VOL_10197,50.0,2025-03-20
DON_53264,VOL_10197,100.0,2025-04-17
DON_53265,VOL_10197,10.0,2025-04-20
DON_53266,VOL_10197,10.0,2025-04-24
DON_53267,VOL_10197,10.0,2025-04-27
DON_53268,VOL_10197,25.0,2025-05-01
DON_53269,VOL_10197,10.0,2025-05-15
DON_53270,VOL_10197,10.0,2025-05-29
DON_53271,VOL_10197,25.0,2025-06-05
DON_53272,VOL_10197,25.0,2025-06-15
DON_53273,VOL_10197,100.0,2025-06-19
DON_53274,VOL_10197,10.0,2025-06-26
DON_53275,VOL_10197,10.0,2025-07-10
DON_53276,VOL_10197,50.0,2025-07-31
DON_53277,VOL_10197,50.0,2025-08-03
DON_53278,VOL_10197,25.0,2025-08-28
DON_53279,VOL_10197,100.0,2025-08-31
DON_53280,VOL_10197,50.0,2025-09-04
DON_53281,VOL_10197,10.0,2025-09-14
DON_53282,VOL_10197,50.0,2025-10-26
DON_53283,VOL_10197,25.0,2025-11-02
DON_53284,VOL_10197,10.0,2025-11-06
DON_53285,VOL_10197,10.0,2025-11-13
DON_53286,VOL_10197,10.0,2025-11-16
DON_53287,VOL_10197,25.0,2025-11-23
DON_53288,VOL_10197,50.0,2025-12-07
DON_53289,VOL_10197,50.0,2025-12-14
DON_53290,VOL_10197,10.0,2025-12-28
DON_53291,VOL_10197,10.0,2026-01-11
DON_53292,VOL_10197,10.0,2026-01-22
DON_53293,VOL_10197,50.0,2026-01-22
DON_53294,VOL_10197,10.0,2026-01-25
DON_53295,VOL_10197,10.0,2026-01-29
DON_53296,VOL_10197,10.0,2026-02-12
DON_53297,VOL_10197,10.0,2026-02-15
DON_53298,VOL_10197,10.0,2026-03-12
DON_53299,VOL_10197,25.0,2026-03-12
DON_53300,VOL_10197,50.0,2026-03-19
DON_53301,VOL_10197,25.0,2026-03-26
DON_53302,VOL_10197,10.0,2026-04-05
DON_53303,VOL_10197,25.0,2026-04-23
DON_53304,VOL_10200,10.0,2026-02-19
DON_53305,VOL_10200,10.0,2026-03-12
DON_53306,VOL_10200,25.0,2026-03-15
DON_53307,VOL_10200,10.0,2026-03-29
DON_53308,VOL_10200,25.0,2026-03-29
DON_53309,VOL_10200,10.0,2026-04-02
DON_53310,VOL_10200,10.0,2026-04-12
DON_53311,VOL_10201,25.0,2026-02-01
DON_53312,VOL_10201,10.0,2026-02-26
DON_53313,VOL_10201,25.0,2026-03-12
DON_53314,VOL_10201,25.0,2026-03-15
DON_53315,VOL_10201,10.0,2026-04-19
DON_53316,VOL_10201,25.0,2026-04-23
DON_53317,VOL_10203,25.0,2025-03-16
DON_53318,VOL_10203,25.0,2025-05-29
DON_53319,VOL_10203,10.0,2025-06-15
DON_53320,VOL_10203,50.0,2025-07-03
DON_53321,VOL_10203,25.0,2025-07-20
DON_53322,VOL_10203,10.0,2025-07-31
DON_53323,VOL_10203,10.0,2025-08-07
DON_53324,VOL_10203,10.0,2025-08-07
DON_53325,VOL_10203,100.0,2025-09-14
DON_53326,VOL_10203,50.0,2025-10-30
DON_53327,VOL_10203,10.0,2025-11-13
DON_53328,VOL_10203,10.0,2025-11-16
DON_53329,VOL_10203,50.0,2025-12-07
DON_53330,VOL_10203,10.0,2026-01-29
DON_53331,VOL_10203,50.0,2026-02-08
DON_53332,VOL_10203,10.0,2026-02-15
DON_53333,VOL_10203,50.0,2026-02-26
DON_53334,VOL_10203,10.0,2026-03-19
DON_53335,VOL_10203,25.0,2026-04-02
DON_53336,VOL_10203,10.0,2026-04-12
DON_53337,VOL_10203,25.0,2026-04-16
DON_53338,VOL_10204,10.0,2025-08-07
DON_53339,VOL_10204,10.0,2025-08-07
DON_53340,VOL_10204,25.0,2025-08-10
DON_53341,VOL_10204,10.0,2025-09-25
DON_53342,VOL_10204,100.0,2025-09-25
DON_53343,VOL_10204,25.0,2025-10-12
DON_53344,VOL_10204,25.0,2025-10-23
DON_53345,VOL_10204,10.0,2025-10-23
DON_53346,VOL_10204,10.0,2025-11-06
DON_53347,VOL_10204,10.0,2025-11-09
DON_53348,VOL_10204,100.0,2025-11-13
DON_53349,VOL_10204,25.0,2025-11-20
DON_53350,VOL_10204,10.0,2025-12-07
DON_53351,VOL_10204,25.0,2025-12-18
DON_53352,VOL_10204,10.0,2026-01-08
DON_53353,VOL_10204,10.0,2026-01-25
DON_53354,VOL_10204,10.0,2026-01-29
DON_53355,VOL_10204,10.0,2026-02-15
DON_53356,VOL_10204,25.0,2026-03-12
DON_53357,VOL_10204,10.0,2026-03-29
DON_53358,VOL_10205,25.0,2025-04-03
DON_53359,VOL_10205,25.0,2025-05-01
DON_53360,VOL_10205,10.0,2025-05-18
DON_53361,VOL_10205,10.0,2025-06-08
DON_53362,VOL_10205,25.0,2025-06-22
DON_53363,VOL_10205,25.0,2025-07-03
DON_53364,VOL_10205,25.0,2025-07-10
DON_53365,VOL_10205,100.0,2025-07-20
DON_53366,VOL_10205,25.0,2025-08-10
DON_53367,VOL_10205,10.0,2025-09-25
DON_53368,VOL_10205,25.0,2025-10-23
DON_53369,VOL_10205,25.0,2025-11-09
DON_53370,VOL_10205,25.0,2025-11-30
DON_53371,VOL_10205,50.0,2025-12-11
DON_53372,VOL_10205,25.0,2025-12-11
DON_53373,VOL_10205,50.0,2026-01-08
DON_53374,VOL_10205,100.0,2026-01-22
DON_53375,VOL_10205,50.0,2026-01-29
DON_53376,VOL_10205,25.0,2026-01-29
DON_53377,VOL_10205,25.0,2026-02-05
DON_53378,VOL_10205,10.0,2026-02-12
DON_53379,VOL_10205,10.0,2026-03-05
DON_53380,VOL_10205,10.0,2026-03-19
DON_53381,VOL_10205,50.0,2026-04-19
DON_53382,VOL_10206,10.0,2025-06-22
DON_53383,VOL_10207,25.0,2025-02-06
DON_53384,VOL_10207,10.0,2025-03-09
DON_53385,VOL_10207,100.0,2025-03-13
DON_53386,VOL_10207,100.0,2025-03-23
DON_53387,VOL_10207,10.0,2025-03-30
DON_53388,VOL_10207,25.0,2025-04-13
DON_53389,VOL_10207,10.0,2025-04-24
DON_53390,VOL_10207,10.0,2025-04-24
DON_53391,VOL_10207,50.0,2025-05-01
DON_53392,VOL_10207,10.0,2025-05-08
DON_53393,VOL_10207,50.0,2025-05-25
DON_53394,VOL_10207,10.0,2025-06-12
DON_53395,VOL_10207,10.0,2025-06-22
DON_53396,VOL_10207,10.0,2025-06-22
DON_53397,VOL_10207,10.0,2025-06-26
DON_53398,VOL_10207,50.0,2025-07-24
DON_53399,VOL_10207,25.0,2025-07-27
DON_53400,VOL_10207,25.0,2025-08-07
DON_53401,VOL_10207,100.0,2025-08-14
DON_53402,VOL_10207,25.0,2025-08-17
DON_53403,VOL_10207,25.0,2025-08-24
DON_53404,VOL_10207,100.0,2025-09-21
DON_53405,VOL_10207,25.0,2025-09-21
DON_53406,VOL_10207,10.0,2025-10-05
DON_53407,VOL_10207,25.0,2025-10-05
DON_53408,VOL_10207,10.0,2025-10-16
DON_53409,VOL_10207,25.0,2025-10-19
DON_53410,VOL_10207,50.0,2025-11-13
DON_53411,VOL_10207,25.0,2025-11-16
DON_53412,VOL_10207,10.0,2025-11-27
DON_53413,VOL_10207,50.0,2025-12-11
DON_53414,VOL_10207,100.0,2025-12-14
DON_53415,VOL_10207,25.0,2026-01-04
DON_53416,VOL_10207,10.0,2026-01-18
DON_53417,VOL_10207,100.0,2026-01-22
DON_53418,VOL_10207,10.0,2026-02-26
DON_53419,VOL_10207,50.0,2026-02-26
DON_53420,VOL_10207,25.0,2026-03-12
DON_53421,VOL_10207,100.0,2026-03-19
DON_53422,VOL_10207,100.0,2026-03-29
DON_53423,VOL_10207,10.0,2026-04-12
DON_53424,VOL_10207,25.0,2026-04-12
DON_53425,VOL_10207,10.0,2026-04-19
DON_53426,VOL_10207,25.0,2026-04-26
DON_53427,VOL_10207,50.0,2026-04-30
DON_53428,VOL_10208,25.0,2025-06-12
DON_53429,VOL_10208,50.0,2025-06-15
DON_53430,VOL_10208,50.0,2025-06-22
DON_53431,VOL_10211,50.0,2025-12-07
DON_53432,VOL_10211,10.0,2025-12-18
DON_53433,VOL_10211,10.0,2025-12-25
DON_53434,VOL_10212,50.0,2025-07-31
DON_53435,VOL_10212,100.0,2025-08-24
DON_53436,VOL_10212,50.0,2025-09-04
DON_53437,VOL_10212,10.0,2025-09-04
DON_53438,VOL_10212,25.0,2025-10-23
DON_53439,VOL_10212,10.0,2025-10-30
DON_53440,VOL_10212,25.0,2025-11-16
DON_53441,VOL_10212,25.0,2025-11-20
DON_53442,VOL_10212,100.0,2025-12-14
DON_53443,VOL_10212,10.0,2025-12-28
DON_53444,VOL_10212,100.0,2026-02-19
DON_53445,VOL_10212,50.0,2026-03-15
DON_53446,VOL_10212,10.0,2026-04-12
DON_53447,VOL_10212,50.0,2026-04-26
DON_53448,VOL_10213,10.0,2025-07-20
DON_53449,VOL_10214,10.0,2026-03-05
DON_53450,VOL_10214,10.0,2026-03-12
DON_53451,VOL_10214,25.0,2026-03-29
DON_53452,VOL_10215,25.0,2026-03-05
DON_53453,VOL_10215,10.0,2026-03-19
DON_53454,VOL_10215,25.0,2026-03-29
DON_53455,VOL_10215,25.0,2026-04-02
DON_53456,VOL_10215,25.0,2026-04-09
DON_53457,VOL_10215,25.0,2026-04-12
DON_53458,VOL_10216,25.0,2025-09-18
DON_53459,VOL_10216,25.0,2025-09-28
DON_53460,VOL_10216,25.0,2025-09-28
DON_53461,VOL_10216,25.0,2025-11-16
DON_53462,VOL_10216,25.0,2025-11-20
DON_53463,VOL_10216,10.0,2025-11-23
DON_53464,VOL_10216,10.0,2025-12-04
DON_53465,VOL_10216,50.0,2025-12-11
DON_53466,VOL_10216,10.0,2026-02-01
DON_53467,VOL_10216,10.0,2026-02-08
DON_53468,VOL_10216,10.0,2026-02-26
DON_53469,VOL_10216,100.0,2026-03-01
DON_53470,VOL_10216,50.0,2026-03-08
DON_53471,VOL_10216,25.0,2026-03-12
DON_53472,VOL_10216,50.0,2026-03-12
DON_53473,VOL_10216,10.0,2026-03-29
DON_53474,VOL_10216,100.0,2026-04-19
DON_53475,VOL_10217,100.0,2025-11-06
DON_53476,VOL_10217,10.0,2025-11-06
DON_53477,VOL_10217,25.0,2025-11-09
DON_53478,VOL_10217,10.0,2025-11-23
DON_53479,VOL_10217,25.0,2025-12-04
DON_53480,VOL_10217,50.0,2025-12-07
DON_53481,VOL_10217,10.0,2025-12-28
DON_53482,VOL_10217,10.0,2026-02-01
DON_53483,VOL_10217,25.0,2026-02-08
DON_53484,VOL_10217,10.0,2026-02-19
DON_53485,VOL_10217,25.0,2026-02-22
DON_53486,VOL_10217,50.0,2026-03-12
DON_53487,VOL_10217,50.0,2026-04-05
DON_53488,VOL_10217,50.0,2026-04-16
DON_53489,VOL_10217,10.0,2026-04-26
DON_53490,VOL_10217,25.0,2026-04-26
DON_53491,VOL_10217,10.0,2026-04-30
DON_53492,VOL_10218,25.0,2025-03-30
DON_53493,VOL_10218,50.0,2025-04-13
DON_53494,VOL_10218,25.0,2025-04-24
DON_53495,VOL_10218,10.0,2025-04-27
DON_53496,VOL_10218,10.0,2025-04-27
DON_53497,VOL_10218,10.0,2025-05-18
DON_53498,VOL_10218,10.0,2025-06-26
DON_53499,VOL_10218,10.0,2025-07-31
DON_53500,VOL_10218,100.0,2025-08-21
DON_53501,VOL_10218,10.0,2025-08-24
DON_53502,VOL_10218,10.0,2025-08-31
DON_53503,VOL_10218,10.0,2025-09-14
DON_53504,VOL_10218,25.0,2025-09-18
DON_53505,VOL_10218,50.0,2025-11-27
DON_53506,VOL_10218,10.0,2026-02-19
DON_53507,VOL_10218,50.0,2026-04-05
DON_53508,VOL_10218,10.0,2026-04-16
DON_53509,VOL_10219,10.0,2025-05-11
DON_53510,VOL_10219,25.0,2025-05-25
DON_53511,VOL_10219,100.0,2025-06-01
DON_53512,VOL_10219,25.0,2025-06-22
DON_53513,VOL_10219,25.0,2025-07-10
DON_53514,VOL_10219,25.0,2025-07-17
DON_53515,VOL_10219,10.0,2025-07-17
DON_53516,VOL_10219,25.0,2025-07-27
DON_53517,VOL_10219,10.0,2025-07-31
DON_53518,VOL_10219,50.0,2025-09-14
DON_53519,VOL_10219,10.0,2025-10-05
DON_53520,VOL_10219,10.0,2025-10-23
DON_53521,VOL_10219,10.0,2025-10-26
DON_53522,VOL_10219,10.0,2025-10-30
DON_53523,VOL_10219,25.0,2025-10-30
DON_53524,VOL_10219,25.0,2025-11-06
DON_53525,VOL_10219,25.0,2025-11-13
DON_53526,VOL_10219,25.0,2025-12-04
DON_53527,VOL_10219,50.0,2025-12-04
DON_53528,VOL_10219,25.0,2025-12-11
DON_53529,VOL_10219,25.0,2025-12-18
DON_53530,VOL_10219,50.0,2025-12-25
DON_53531,VOL_10219,50.0,2026-01-08
DON_53532,VOL_10219,50.0,2026-01-18
DON_53533,VOL_10219,25.0,2026-02-01
DON_53534,VOL_10219,10.0,2026-02-12
DON_53535,VOL_10219,10.0,2026-03-12
DON_53536,VOL_10219,10.0,2026-03-26
DON_53537,VOL_10219,50.0,2026-03-26
DON_53538,VOL_10219,25.0,2026-04-09
DON_53539,VOL_10219,10.0,2026-04-30
DON_53540,VOL_10220,10.0,2026-02-19
DON_53541,VOL_10220,10.0,2026-02-19
DON_53542,VOL_10220,50.0,2026-03-29
DON_53543,VOL_10220,25.0,2026-04-23
DON_53544,VOL_10221,25.0,2025-09-18
DON_53545,VOL_10221,10.0,2025-09-28
DON_53546,VOL_10221,10.0,2025-09-28
DON_53547,VOL_10221,50.0,2025-10-19
DON_53548,VOL_10221,10.0,2025-10-23
DON_53549,VOL_10221,100.0,2025-11-20
DON_53550,VOL_10221,50.0,2025-11-23
DON_53551,VOL_10221,10.0,2025-12-07
DON_53552,VOL_10221,25.0,2025-12-14
DON_53553,VOL_10221,10.0,2026-01-08
DON_53554,VOL_10221,25.0,2026-01-15
DON_53555,VOL_10221,50.0,2026-01-22
DON_53556,VOL_10221,100.0,2026-01-29
DON_53557,VOL_10221,50.0,2026-02-12
DON_53558,VOL_10221,50.0,2026-02-12
DON_53559,VOL_10221,10.0,2026-02-15
DON_53560,VOL_10221,25.0,2026-02-22
DON_53561,VOL_10221,10.0,2026-02-26
DON_53562,VOL_10221,50.0,2026-02-26
DON_53563,VOL_10221,10.0,2026-03-12
DON_53564,VOL_10221,100.0,2026-04-12
DON_53565,VOL_10221,100.0,2026-04-23
DON_53566,VOL_10222,25.0,2025-09-14
DON_53567,VOL_10222,100.0,2025-09-14
DON_53568,VOL_10222,10.0,2025-10-12
DON_53569,VOL_10222,10.0,2025-11-16
DON_53570,VOL_10222,10.0,2025-11-16
DON_53571,VOL_10222,100.0,2025-11-23
DON_53572,VOL_10222,25.0,2025-11-30
DON_53573,VOL_10222,25.0,2025-12-18
DON_53574,VOL_10222,50.0,2025-12-28
DON_53575,VOL_10222,25.0,2026-01-08
DON_53576,VOL_10222,10.0,2026-01-15
DON_53577,VOL_10222,10.0,2026-01-29
DON_53578,VOL_10222,50.0,2026-02-08
DON_53579,VOL_10222,10.0,2026-02-15
DON_53580,VOL_10222,10.0,2026-02-19
DON_53581,VOL_10222,25.0,2026-02-26
DON_53582,VOL_10222,25.0,2026-03-29
DON_53583,VOL_10222,10.0,2026-04-23
DON_53584,VOL_10223,10.0,2025-11-16
DON_53585,VOL_10223,25.0,2025-12-18
DON_53586,VOL_10223,50.0,2025-12-21
DON_53587,VOL_10223,25.0,2025-12-21
DON_53588,VOL_10223,10.0,2025-12-28
DON_53589,VOL_10223,10.0,2026-01-01
DON_53590,VOL_10223,10.0,2026-01-22
DON_53591,VOL_10223,25.0,2026-02-08
DON_53592,VOL_10223,10.0,2026-02-26
DON_53593,VOL_10223,100.0,2026-03-19
DON_53594,VOL_10223,25.0,2026-03-19
DON_53595,VOL_10223,10.0,2026-04-16
DON_53596,VOL_10223,50.0,2026-04-23
DON_53597,VOL_10224,25.0,2025-02-02
DON_53598,VOL_10225,10.0,2025-09-28
DON_53599,VOL_10225,10.0,2025-10-05
DON_53600,VOL_10225,50.0,2025-10-30
DON_53601,VOL_10225,10.0,2025-11-13
DON_53602,VOL_10225,100.0,2025-11-23
DON_53603,VOL_10225,25.0,2025-11-27
DON_53604,VOL_10225,10.0,2025-12-04
DON_53605,VOL_10225,10.0,2025-12-18
DON_53606,VOL_10225,25.0,2025-12-28
DON_53607,VOL_10225,10.0,2026-01-15
DON_53608,VOL_10225,10.0,2026-01-29
DON_53609,VOL_10225,25.0,2026-02-05
DON_53610,VOL_10225,10.0,2026-02-08
DON_53611,VOL_10225,25.0,2026-02-08
DON_53612,VOL_10225,25.0,2026-02-22
DON_53613,VOL_10225,50.0,2026-03-08
DON_53614,VOL_10225,50.0,2026-04-05
DON_53615,VOL_10225,50.0,2026-04-12
DON_53616,VOL_10226,100.0,2025-08-28
DON_53617,VOL_10227,25.0,2026-01-15
DON_53618,VOL_10227,25.0,2026-02-12
DON_53619,VOL_10227,50.0,2026-02-22
DON_53620,VOL_10227,100.0,2026-02-26
DON_53621,VOL_10227,10.0,2026-03-01
DON_53622,VOL_10227,10.0,2026-03-29
DON_53623,VOL_10227,10.0,2026-04-16
DON_53624,VOL_10227,25.0,2026-04-26
DON_53625,VOL_10228,10.0,2025-04-17
DON_53626,VOL_10228,10.0,2025-04-24
DON_53627,VOL_10228,25.0,2025-05-29
DON_53628,VOL_10228,10.0,2025-05-29
DON_53629,VOL_10228,25.0,2025-05-29
DON_53630,VOL_10228,50.0,2025-06-01
DON_53631,VOL_10228,10.0,2025-06-01
DON_53632,VOL_10228,10.0,2025-06-12
DON_53633,VOL_10228,10.0,2025-06-22
DON_53634,VOL_10228,100.0,2025-08-28
DON_53635,VOL_10228,25.0,2025-09-04
DON_53636,VOL_10228,50.0,2025-10-02
DON_53637,VOL_10228,100.0,2025-10-12
DON_53638,VOL_10228,50.0,2025-10-26
DON_53639,VOL_10228,100.0,2025-11-09
DON_53640,VOL_10228,50.0,2025-11-23
DON_53641,VOL_10228,25.0,2026-02-01
DON_53642,VOL_10228,50.0,2026-02-08
DON_53643,VOL_10228,10.0,2026-02-15
DON_53644,VOL_10228,50.0,2026-02-22
DON_53645,VOL_10228,100.0,2026-03-15
DON_53646,VOL_10228,25.0,2026-03-26
DON_53647,VOL_10228,50.0,2026-04-09
DON_53648,VOL_10228,50.0,2026-04-19
DON_53649,VOL_10228,25.0,2026-04-23
DON_53650,VOL_10228,10.0,2026-04-30
DON_53651,VOL_10228,10.0,2026-04-30
DON_53652,VOL_10228,10.0,2026-04-30
DON_53653,VOL_10229,10.0,2026-02-26
DON_53654,VOL_10229,10.0,2026-03-12
DON_53655,VOL_10229,25.0,2026-03-12
DON_53656,VOL_10231,10.0,2025-03-23
DON_53657,VOL_10231,25.0,2025-03-27
DON_53658,VOL_10231,10.0,2025-04-27
DON_53659,VOL_10231,25.0,2025-04-27
DON_53660,VOL_10231,25.0,2025-05-15
DON_53661,VOL_10231,50.0,2025-06-01
DON_53662,VOL_10231,10.0,2025-06-01
DON_53663,VOL_10231,50.0,2025-06-15
DON_53664,VOL_10231,50.0,2025-06-22
DON_53665,VOL_10231,50.0,2025-07-06
DON_53666,VOL_10231,10.0,2025-07-17
DON_53667,VOL_10231,10.0,2025-07-17
DON_53668,VOL_10231,100.0,2025-07-24
DON_53669,VOL_10231,100.0,2025-07-31
DON_53670,VOL_10231,25.0,2025-08-17
DON_53671,VOL_10231,10.0,2025-08-21
DON_53672,VOL_10231,100.0,2025-08-28
DON_53673,VOL_10231,50.0,2025-09-04
DON_53674,VOL_10231,50.0,2025-09-04
DON_53675,VOL_10231,25.0,2025-09-25
DON_53676,VOL_10231,50.0,2025-09-25
DON_53677,VOL_10231,50.0,2025-09-28
DON_53678,VOL_10231,50.0,2025-10-12
DON_53679,VOL_10231,10.0,2025-10-16
DON_53680,VOL_10231,10.0,2025-10-30
DON_53681,VOL_10231,10.0,2025-11-06
DON_53682,VOL_10231,10.0,2025-11-23
DON_53683,VOL_10231,10.0,2025-11-27
DON_53684,VOL_10231,50.0,2025-12-14
DON_53685,VOL_10231,10.0,2026-01-08
DON_53686,VOL_10231,10.0,2026-01-22
DON_53687,VOL_10231,10.0,2026-02-01
DON_53688,VOL_10231,10.0,2026-02-15
DON_53689,VOL_10231,10.0,2026-02-19
DON_53690,VOL_10231,100.0,2026-02-22
DON_53691,VOL_10231,25.0,2026-03-01
DON_53692,VOL_10231,25.0,2026-03-12
DON_53693,VOL_10231,25.0,2026-03-15
DON_53694,VOL_10231,25.0,2026-03-29
DON_53695,VOL_10231,50.0,2026-04-02
DON_53696,VOL_10231,10.0,2026-04-12
DON_53697,VOL_10231,10.0,2026-04-26
DON_53698,VOL_10231,100.0,2026-04-30
DON_53699,VOL_10232,100.0,2025-09-21
DON_53700,VOL_10233,50.0,2025-10-30
DON_53701,VOL_10233,25.0,2025-11-06
DON_53702,VOL_10233,10.0,2025-11-27
DON_53703,VOL_10233,10.0,2025-11-30
DON_53704,VOL_10233,50.0,2025-12-04
DON_53705,VOL_10233,10.0,2025-12-07
DON_53706,VOL_10233,10.0,2025-12-11
DON_53707,VOL_10233,50.0,2025-12-28
DON_53708,VOL_10233,25.0,2026-02-08
DON_53709,VOL_10233,10.0,2026-02-12
DON_53710,VOL_10233,10.0,2026-02-19
DON_53711,VOL_10233,25.0,2026-03-05
DON_53712,VOL_10233,50.0,2026-03-15
DON_53713,VOL_10233,100.0,2026-03-19
DON_53714,VOL_10233,25.0,2026-03-29
DON_53715,VOL_10233,10.0,2026-04-23
DON_53716,VOL_10234,10.0,2025-04-24
DON_53717,VOL_10234,25.0,2025-04-27
DON_53718,VOL_10234,10.0,2025-04-27
DON_53719,VOL_10234,50.0,2025-05-15
DON_53720,VOL_10234,50.0,2025-06-15
DON_53721,VOL_10234,25.0,2025-07-20
DON_53722,VOL_10234,10.0,2025-07-27
DON_53723,VOL_10234,50.0,2025-08-07
DON_53724,VOL_10234,25.0,2025-08-14
DON_53725,VOL_10234,10.0,2025-08-17
DON_53726,VOL_10234,10.0,2025-09-28
DON_53727,VOL_10234,10.0,2025-10-16
DON_53728,VOL_10234,100.0,2025-10-23
DON_53729,VOL_10234,10.0,2025-10-26
DON_53730,VOL_10234,10.0,2025-11-02
DON_53731,VOL_10234,10.0,2025-11-06
DON_53732,VOL_10234,50.0,2025-11-06
DON_53733,VOL_10234,25.0,2025-11-20
DON_53734,VOL_10234,25.0,2025-12-07
DON_53735,VOL_10234,10.0,2025-12-18
DON_53736,VOL_10234,10.0,2025-12-21
DON_53737,VOL_10234,10.0,2026-01-18
DON_53738,VOL_10234,100.0,2026-01-29
DON_53739,VOL_10234,25.0,2026-02-15
DON_53740,VOL_10234,10.0,2026-03-05
DON_53741,VOL_10234,10.0,2026-03-08
DON_53742,VOL_10234,25.0,2026-03-12
DON_53743,VOL_10234,100.0,2026-03-12
DON_53744,VOL_10234,50.0,2026-03-15
DON_53745,VOL_10234,50.0,2026-03-29
DON_53746,VOL_10234,10.0,2026-04-05
DON_53747,VOL_10234,50.0,2026-04-23
DON_53748,VOL_10235,50.0,2025-02-23
DON_53749,VOL_10235,10.0,2025-03-27
DON_53750,VOL_10235,10.0,2025-04-03
DON_53751,VOL_10235,10.0,2025-04-03
DON_53752,VOL_10235,10.0,2025-04-20
DON_53753,VOL_10235,100.0,2025-04-24
DON_53754,VOL_10235,25.0,2025-05-04
DON_53755,VOL_10235,25.0,2025-05-18
DON_53756,VOL_10235,25.0,2025-05-25
DON_53757,VOL_10235,25.0,2025-06-05
DON_53758,VOL_10235,10.0,2025-06-15
DON_53759,VOL_10235,10.0,2025-07-10
DON_53760,VOL_10235,25.0,2025-07-17
DON_53761,VOL_10235,50.0,2025-07-24
DON_53762,VOL_10235,25.0,2025-07-27
DON_53763,VOL_10235,100.0,2025-07-31
DON_53764,VOL_10235,10.0,2025-08-17
DON_53765,VOL_10235,25.0,2025-08-21
DON_53766,VOL_10235,10.0,2025-09-18
DON_53767,VOL_10235,25.0,2025-09-18
DON_53768,VOL_10235,10.0,2025-10-02
DON_53769,VOL_10235,50.0,2025-10-30
DON_53770,VOL_10235,25.0,2025-11-16
DON_53771,VOL_10235,25.0,2025-11-30
DON_53772,VOL_10235,50.0,2025-12-25
DON_53773,VOL_10235,25.0,2026-01-22
DON_53774,VOL_10235,100.0,2026-02-19
DON_53775,VOL_10235,50.0,2026-03-29
DON_53776,VOL_10235,10.0,2026-04-02
DON_53777,VOL_10235,25.0,2026-04-02
DON_53778,VOL_10235,10.0,2026-04-26
DON_53779,VOL_10235,10.0,2026-04-26
DON_53780,VOL_10236,10.0,2026-01-15
DON_53781,VOL_10237,10.0,2025-05-11
DON_53782,VOL_10237,100.0,2025-05-15
DON_53783,VOL_10237,50.0,2025-06-19
DON_53784,VOL_10237,50.0,2025-07-03
DON_53785,VOL_10237,50.0,2025-07-13
DON_53786,VOL_10237,10.0,2025-07-13
DON_53787,VOL_10237,10.0,2025-07-17
DON_53788,VOL_10237,50.0,2025-08-03
DON_53789,VOL_10237,25.0,2025-08-17
DON_53790,VOL_10237,50.0,2025-08-21
DON_53791,VOL_10237,25.0,2025-08-24
DON_53792,VOL_10237,10.0,2025-08-28
DON_53793,VOL_10237,25.0,2025-09-28
DON_53794,VOL_10237,25.0,2025-10-02
DON_53795,VOL_10237,10.0,2025-10-12
DON_53796,VOL_10237,50.0,2025-10-16
DON_53797,VOL_10237,25.0,2025-10-23
DON_53798,VOL_10237,25.0,2025-10-26
DON_53799,VOL_10237,100.0,2025-11-02
DON_53800,VOL_10237,10.0,2025-11-09
DON_53801,VOL_10237,25.0,2025-11-13
DON_53802,VOL_10237,10.0,2025-11-23
DON_53803,VOL_10237,100.0,2025-12-14
DON_53804,VOL_10237,10.0,2025-12-18
DON_53805,VOL_10237,10.0,2026-01-08
DON_53806,VOL_10237,10.0,2026-01-29
DON_53807,VOL_10237,25.0,2026-02-01
DON_53808,VOL_10237,10.0,2026-02-08
DON_53809,VOL_10237,10.0,2026-02-26
DON_53810,VOL_10237,10.0,2026-03-05
DON_53811,VOL_10237,50.0,2026-03-12
DON_53812,VOL_10237,10.0,2026-03-29
DON_53813,VOL_10237,10.0,2026-04-12
DON_53814,VOL_10237,25.0,2026-04-12
DON_53815,VOL_10237,10.0,2026-04-19
DON_53816,VOL_10237,50.0,2026-04-30
DON_53817,VOL_10238,50.0,2025-09-18
DON_53818,VOL_10238,25.0,2025-09-28
DON_53819,VOL_10238,100.0,2025-10-02
DON_53820,VOL_10238,100.0,2025-10-05
DON_53821,VOL_10238,10.0,2025-10-30
DON_53822,VOL_10238,50.0,2025-11-02
DON_53823,VOL_10238,25.0,2025-11-02
DON_53824,VOL_10238,100.0,2025-11-06
DON_53825,VOL_10238,10.0,2025-11-13
DON_53826,VOL_10238,10.0,2025-11-16
DON_53827,VOL_10238,25.0,2025-11-20
DON_53828,VOL_10238,10.0,2025-11-20
DON_53829,VOL_10238,10.0,2025-12-21
DON_53830,VOL_10238,25.0,2025-12-21
DON_53831,VOL_10238,25.0,2025-12-28
DON_53832,VOL_10238,25.0,2026-01-04
DON_53833,VOL_10238,50.0,2026-01-08
DON_53834,VOL_10238,10.0,2026-02-08
DON_53835,VOL_10238,50.0,2026-02-26
DON_53836,VOL_10238,25.0,2026-03-05
DON_53837,VOL_10238,100.0,2026-03-12
DON_53838,VOL_10238,10.0,2026-03-15
DON_53839,VOL_10238,10.0,2026-04-09
DON_53840,VOL_10238,50.0,2026-04-09
DON_53841,VOL_10238,10.0,2026-04-16
DON_53842,VOL_10238,10.0,2026-04-23
DON_53843,VOL_10238,50.0,2026-04-30
DON_53844,VOL_10239,25.0,2025-10-12
DON_53845,VOL_10239,10.0,2025-11-02
DON_53846,VOL_10239,10.0,2025-11-09
DON_53847,VOL_10239,10.0,2025-11-16
DON_53848,VOL_10239,50.0,2025-11-20
DON_53849,VOL_10239,10.0,2025-11-23
DON_53850,VOL_10239,10.0,2026-01-01
DON_53851,VOL_10239,25.0,2026-01-08
DON_53852,VOL_10239,25.0,2026-01-15
DON_53853,VOL_10239,100.0,2026-03-15
DON_53854,VOL_10239,50.0,2026-03-22
DON_53855,VOL_10239,50.0,2026-03-26
DON_53856,VOL_10240,25.0,2025-07-20
DON_53857,VOL_10240,100.0,2025-08-07
DON_53858,VOL_10240,50.0,2025-08-24
DON_53859,VOL_10240,10.0,2025-09-18
DON_53860,VOL_10240,10.0,2025-09-28
DON_53861,VOL_10240,10.0,2025-10-19
DON_53862,VOL_10240,50.0,2025-10-30
DON_53863,VOL_10240,10.0,2025-11-06
DON_53864,VOL_10240,50.0,2025-12-07
DON_53865,VOL_10240,25.0,2025-12-21
DON_53866,VOL_10240,50.0,2025-12-21
DON_53867,VOL_10240,10.0,2025-12-28
DON_53868,VOL_10240,100.0,2026-01-22
DON_53869,VOL_10240,50.0,2026-01-25
DON_53870,VOL_10240,25.0,2026-01-29
DON_53871,VOL_10240,10.0,2026-01-29
DON_53872,VOL_10240,10.0,2026-02-01
DON_53873,VOL_10240,10.0,2026-02-26
DON_53874,VOL_10240,10.0,2026-03-05
DON_53875,VOL_10240,25.0,2026-03-15
DON_53876,VOL_10240,100.0,2026-04-16
DON_53877,VOL_10240,100.0,2026-04-26
DON_53878,VOL_10241,10.0,2025-09-11
DON_53879,VOL_10242,100.0,2025-08-31
DON_53880,VOL_10242,10.0,2025-09-14
DON_53881,VOL_10242,10.0,2025-09-28
DON_53882,VOL_10242,50.0,2025-10-02
DON_53883,VOL_10242,25.0,2025-11-02
DON_53884,VOL_10242,10.0,2025-11-09
DON_53885,VOL_10242,25.0,2025-11-13
DON_53886,VOL_10242,10.0,2025-12-04
DON_53887,VOL_10242,25.0,2025-12-21
DON_53888,VOL_10242,50.0,2026-01-29
DON_53889,VOL_10242,25.0,2026-03-29
DON_53890,VOL_10242,25.0,2026-04-02
DON_53891,VOL_10242,10.0,2026-04-05
DON_53892,VOL_10242,50.0,2026-04-16
DON_53893,VOL_10243,10.0,2026-02-05
DON_53894,VOL_10243,10.0,2026-02-15
DON_53895,VOL_10243,25.0,2026-03-29
DON_53896,VOL_10243,25.0,2026-04-02
DON_53897,VOL_10243,10.0,2026-04-05
DON_53898,VOL_10243,10.0,2026-04-23
DON_53899,VOL_10243,10.0,2026-04-26
DON_53900,VOL_10243,10.0,2026-04-30
DON_53901,VOL_10244,50.0,2025-04-27
DON_53902,VOL_10244,10.0,2025-05-01
DON_53903,VOL_10244,25.0,2025-05-18
DON_53904,VOL_10244,10.0,2025-05-18
DON_53905,VOL_10244,25.0,2025-05-25
DON_53906,VOL_10244,25.0,2025-06-22
DON_53907,VOL_10244,10.0,2025-06-22
DON_53908,VOL_10244,10.0,2025-07-31
DON_53909,VOL_10244,25.0,2025-08-07
DON_53910,VOL_10244,10.0,2025-08-10
DON_53911,VOL_10244,50.0,2025-08-24
DON_53912,VOL_10244,10.0,2025-09-18
DON_53913,VOL_10244,25.0,2025-10-30
DON_53914,VOL_10244,100.0,2025-11-13
DON_53915,VOL_10244,25.0,2025-11-20
DON_53916,VOL_10244,50.0,2025-11-23
DON_53917,VOL_10244,25.0,2025-12-28
DON_53918,VOL_10244,10.0,2026-01-04
DON_53919,VOL_10244,10.0,2026-01-08
DON_53920,VOL_10244,50.0,2026-02-08
DON_53921,VOL_10244,25.0,2026-03-05
DON_53922,VOL_10244,10.0,2026-03-12
DON_53923,VOL_10244,50.0,2026-03-15
DON_53924,VOL_10244,25.0,2026-04-02
DON_53925,VOL_10244,10.0,2026-04-09
DON_53926,VOL_10245,10.0,2025-11-13
DON_53927,VOL_10245,10.0,2025-11-16
DON_53928,VOL_10245,10.0,2025-11-23
DON_53929,VOL_10245,10.0,2025-11-23
DON_53930,VOL_10245,25.0,2025-11-30
DON_53931,VOL_10245,10.0,2025-12-04
DON_53932,VOL_10245,100.0,2025-12-07
DON_53933,VOL_10245,100.0,2025-12-11
DON_53934,VOL_10245,100.0,2026-01-08
DON_53935,VOL_10245,100.0,2026-01-22
DON_53936,VOL_10245,10.0,2026-02-01
DON_53937,VOL_10245,100.0,2026-02-05
DON_53938,VOL_10245,10.0,2026-02-08
DON_53939,VOL_10245,10.0,2026-02-12
DON_53940,VOL_10245,25.0,2026-02-12
DON_53941,VOL_10245,100.0,2026-02-15
DON_53942,VOL_10245,100.0,2026-02-19
DON_53943,VOL_10245,50.0,2026-02-19
DON_53944,VOL_10245,25.0,2026-03-08
DON_53945,VOL_10245,100.0,2026-03-19
DON_53946,VOL_10245,25.0,2026-04-09
DON_53947,VOL_10245,50.0,2026-04-09
DON_53948,VOL_10245,100.0,2026-04-16
DON_53949,VOL_10245,50.0,2026-04-26
DON_53950,VOL_10246,25.0,2025-04-24
DON_53951,VOL_10246,25.0,2025-05-11
DON_53952,VOL_10246,10.0,2025-05-11
DON_53953,VOL_10246,25.0,2025-06-01
DON_53954,VOL_10246,50.0,2025-06-15
DON_53955,VOL_10246,10.0,2025-06-15
DON_53956,VOL_10246,25.0,2025-07-06
DON_53957,VOL_10246,50.0,2025-07-10
DON_53958,VOL_10246,50.0,2025-07-20
DON_53959,VOL_10246,10.0,2025-07-27
DON_53960,VOL_10246,10.0,2025-08-10
DON_53961,VOL_10246,10.0,2025-08-10
DON_53962,VOL_10246,25.0,2025-08-14
DON_53963,VOL_10246,25.0,2025-08-17
DON_53964,VOL_10246,25.0,2025-08-24
DON_53965,VOL_10246,10.0,2025-09-14
DON_53966,VOL_10246,25.0,2025-10-16
DON_53967,VOL_10246,10.0,2025-10-19
DON_53968,VOL_10246,50.0,2025-10-23
DON_53969,VOL_10246,10.0,2025-11-06
DON_53970,VOL_10246,100.0,2025-11-09
DON_53971,VOL_10246,25.0,2025-11-20
DON_53972,VOL_10246,25.0,2025-11-30
DON_53973,VOL_10246,50.0,2026-01-04
DON_53974,VOL_10246,10.0,2026-01-15
DON_53975,VOL_10246,25.0,2026-01-15
DON_53976,VOL_10246,25.0,2026-02-05
DON_53977,VOL_10246,100.0,2026-02-08
DON_53978,VOL_10246,50.0,2026-02-19
DON_53979,VOL_10246,100.0,2026-02-22
DON_53980,VOL_10246,25.0,2026-03-05
DON_53981,VOL_10246,50.0,2026-03-19
DON_53982,VOL_10246,50.0,2026-03-22
DON_53983,VOL_10246,100.0,2026-04-02
DON_53984,VOL_10246,10.0,2026-04-05
DON_53985,VOL_10246,10.0,2026-04-09
DON_53986,VOL_10246,50.0,2026-04-19
DON_53987,VOL_10247,10.0,2025-06-29
DON_53988,VOL_10248,25.0,2025-10-19
DON_53989,VOL_10248,10.0,2025-10-23
DON_53990,VOL_10248,25.0,2025-10-30
DON_53991,VOL_10248,25.0,2025-11-02
DON_53992,VOL_10248,25.0,2025-11-06
DON_53993,VOL_10248,50.0,2025-11-16
DON_53994,VOL_10248,10.0,2025-11-20
DON_53995,VOL_10248,25.0,2025-11-30
DON_53996,VOL_10248,10.0,2025-12-04
DON_53997,VOL_10249,10.0,2025-05-25
DON_53998,VOL_10249,50.0,2025-05-29
DON_53999,VOL_10249,10.0,2025-06-12
DON_54000,VOL_10249,50.0,2025-06-26
DON_54001,VOL_10249,10.0,2025-06-26
DON_54002,VOL_10249,10.0,2025-06-26
DON_54003,VOL_10249,100.0,2025-07-17
DON_54004,VOL_10249,50.0,2025-07-17
DON_54005,VOL_10249,50.0,2025-07-20
DON_54006,VOL_10249,25.0,2025-07-24
DON_54007,VOL_10249,25.0,2025-08-17
DON_54008,VOL_10249,25.0,2025-09-14
DON_54009,VOL_10249,25.0,2025-11-02
DON_54010,VOL_10249,10.0,2025-11-02
DON_54011,VOL_10249,10.0,2025-11-09
DON_54012,VOL_10249,100.0,2025-11-16
DON_54013,VOL_10249,25.0,2025-11-23
DON_54014,VOL_10249,10.0,2025-11-27
DON_54015,VOL_10249,25.0,2025-11-27
DON_54016,VOL_10249,10.0,2025-12-21
DON_54017,VOL_10249,50.0,2026-01-08
DON_54018,VOL_10249,100.0,2026-01-18
DON_54019,VOL_10249,10.0,2026-03-15
DON_54020,VOL_10249,25.0,2026-04-09
DON_54021,VOL_10249,10.0,2026-04-16
DON_54022,VOL_10249,25.0,2026-04-26
DON_54023,VOL_10249,50.0,2026-04-26
DON_54024,VOL_10249,100.0,2026-04-30
DON_54025,VOL_10250,50.0,2025-05-18
DON_54026,VOL_10250,10.0,2025-06-01
DON_54027,VOL_10250,10.0,2025-06-12
DON_54028,VOL_10250,50.0,2025-07-17
DON_54029,VOL_10250,25.0,2025-07-17
DON_54030,VOL_10250,10.0,2025-07-24
DON_54031,VOL_10250,25.0,2025-07-27
DON_54032,VOL_10250,100.0,2025-07-31
DON_54033,VOL_10250,10.0,2025-08-03
DON_54034,VOL_10250,100.0,2025-08-17
DON_54035,VOL_10250,10.0,2025-09-11
DON_54036,VOL_10250,100.0,2025-10-19
DON_54037,VOL_10250,25.0,2025-10-26
DON_54038,VOL_10250,25.0,2025-10-26
DON_54039,VOL_10250,10.0,2025-11-09
DON_54040,VOL_10250,10.0,2025-11-30
DON_54041,VOL_10250,25.0,2025-12-25
DON_54042,VOL_10250,50.0,2026-01-04
DON_54043,VOL_10250,50.0,2026-01-22
DON_54044,VOL_10250,50.0,2026-01-29
DON_54045,VOL_10250,50.0,2026-02-01
DON_54046,VOL_10250,50.0,2026-02-08
DON_54047,VOL_10250,50.0,2026-02-12
DON_54048,VOL_10250,50.0,2026-03-12
DON_54049,VOL_10250,10.0,2026-03-29
DON_54050,VOL_10250,100.0,2026-04-02
DON_54051,VOL_10250,10.0,2026-04-26
DON_54052,VOL_10251,50.0,2025-11-23
DON_54053,VOL_10251,25.0,2025-12-04
DON_54054,VOL_10251,25.0,2025-12-18
DON_54055,VOL_10251,10.0,2026-01-04
DON_54056,VOL_10251,10.0,2026-01-22
DON_54057,VOL_10251,100.0,2026-01-29
DON_54058,VOL_10251,100.0,2026-02-08
DON_54059,VOL_10251,10.0,2026-03-15
DON_54060,VOL_10251,10.0,2026-04-26
DON_54061,VOL_10252,100.0,2025-02-02
DON_54062,VOL_10252,25.0,2025-02-23
DON_54063,VOL_10253,25.0,2025-07-17
DON_54064,VOL_10253,25.0,2025-07-17
DON_54065,VOL_10253,25.0,2025-08-10
DON_54066,VOL_10253,25.0,2025-08-14
DON_54067,VOL_10253,25.0,2025-08-28
DON_54068,VOL_10253,100.0,2025-09-11
DON_54069,VOL_10253,50.0,2025-09-25
DON_54070,VOL_10253,10.0,2025-09-28
DON_54071,VOL_10253,25.0,2025-10-05
DON_54072,VOL_10253,50.0,2025-10-12
DON_54073,VOL_10253,10.0,2025-10-30
DON_54074,VOL_10253,25.0,2025-10-30
DON_54075,VOL_10253,10.0,2025-12-04
DON_54076,VOL_10253,25.0,2025-12-07
DON_54077,VOL_10253,50.0,2025-12-25
DON_54078,VOL_10253,50.0,2026-02-08
DON_54079,VOL_10253,100.0,2026-02-19
DON_54080,VOL_10253,10.0,2026-02-19
DON_54081,VOL_10253,50.0,2026-02-26
DON_54082,VOL_10253,25.0,2026-03-12
DON_54083,VOL_10253,50.0,2026-04-05
DON_54084,VOL_10253,10.0,2026-04-16
DON_54085,VOL_10253,10.0,2026-04-16
DON_54086,VOL_10253,10.0,2026-04-19
DON_54087,VOL_10253,50.0,2026-04-23
DON_54088,VOL_10253,25.0,2026-04-30
DON_54089,VOL_10254,10.0,2026-03-05
DON_54090,VOL_10255,25.0,2026-03-05
DON_54091,VOL_10255,25.0,2026-03-12
DON_54092,VOL_10255,50.0,2026-03-19
DON_54093,VOL_10255,10.0,2026-04-02
DON_54094,VOL_10255,10.0,2026-04-09
DON_54095,VOL_10255,25.0,2026-04-09
DON_54096,VOL_10255,100.0,2026-04-23
DON_54097,VOL_10255,25.0,2026-04-23
DON_54098,VOL_10257,50.0,2025-04-03
DON_54099,VOL_10257,10.0,2025-04-10
DON_54100,VOL_10257,10.0,2025-04-10
DON_54101,VOL_10257,100.0,2025-04-17
DON_54102,VOL_10257,10.0,2025-04-17
DON_54103,VOL_10257,100.0,2025-04-24
DON_54104,VOL_10257,50.0,2025-04-24
DON_54105,VOL_10257,10.0,2025-06-15
DON_54106,VOL_10257,100.0,2025-06-29
DON_54107,VOL_10257,25.0,2025-07-06
DON_54108,VOL_10257,100.0,2025-07-10
DON_54109,VOL_10257,25.0,2025-07-31
DON_54110,VOL_10257,10.0,2025-08-07
DON_54111,VOL_10257,10.0,2025-08-14
DON_54112,VOL_10257,10.0,2025-08-17
DON_54113,VOL_10257,25.0,2025-09-21
DON_54114,VOL_10257,10.0,2025-10-02
DON_54115,VOL_10257,10.0,2025-10-16
DON_54116,VOL_10257,25.0,2025-10-26
DON_54117,VOL_10257,10.0,2025-11-16
DON_54118,VOL_10257,25.0,2025-11-16
DON_54119,VOL_10257,25.0,2025-11-20
DON_54120,VOL_10257,25.0,2025-12-14
DON_54121,VOL_10257,10.0,2025-12-21
DON_54122,VOL_10257,25.0,2026-01-04
DON_54123,VOL_10257,10.0,2026-01-15
DON_54124,VOL_10257,50.0,2026-01-22
DON_54125,VOL_10257,50.0,2026-02-01
DON_54126,VOL_10257,10.0,2026-03-05
DON_54127,VOL_10257,25.0,2026-03-15
DON_54128,VOL_10257,50.0,2026-03-26
DON_54129,VOL_10257,10.0,2026-04-16
DON_54130,VOL_10258,10.0,2025-04-27
DON_54131,VOL_10258,50.0,2025-05-08
DON_54132,VOL_10258,10.0,2025-06-01
DON_54133,VOL_10258,25.0,2025-06-05
DON_54134,VOL_10258,50.0,2025-06-08
DON_54135,VOL_10258,25.0,2025-06-15
DON_54136,VOL_10258,25.0,2025-06-29
DON_54137,VOL_10258,10.0,2025-07-10
DON_54138,VOL_10258,10.0,2025-07-20
DON_54139,VOL_10258,10.0,2025-07-27
DON_54140,VOL_10258,50.0,2025-07-31
DON_54141,VOL_10258,25.0,2025-07-31
DON_54142,VOL_10258,50.0,2025-08-10
DON_54143,VOL_10258,100.0,2025-08-24
DON_54144,VOL_10258,50.0,2025-09-14
DON_54145,VOL_10258,25.0,2025-09-28
DON_54146,VOL_10258,10.0,2025-10-05
DON_54147,VOL_10258,25.0,2025-10-19
DON_54148,VOL_10258,25.0,2025-10-26
DON_54149,VOL_10258,10.0,2025-10-30
DON_54150,VOL_10258,10.0,2025-10-30
DON_54151,VOL_10258,10.0,2025-11-06
DON_54152,VOL_10258,10.0,2025-12-07
DON_54153,VOL_10258,10.0,2025-12-21
DON_54154,VOL_10258,100.0,2026-01-29
DON_54155,VOL_10258,100.0,2026-03-05
DON_54156,VOL_10258,50.0,2026-03-12
DON_54157,VOL_10258,50.0,2026-03-26
DON_54158,VOL_10258,25.0,2026-03-29
DON_54159,VOL_10258,25.0,2026-04-23
DON_54160,VOL_10258,25.0,2026-04-26
DON_54161,VOL_10259,10.0,2026-02-12
DON_54162,VOL_10259,25.0,2026-02-26
DON_54163,VOL_10259,50.0,2026-04-19
DON_54164,VOL_10259,50.0,2026-04-23
DON_54165,VOL_10260,100.0,2026-01-22
DON_54166,VOL_10260,25.0,2026-02-05
DON_54167,VOL_10260,25.0,2026-02-12
DON_54168,VOL_10260,10.0,2026-03-29
DON_54169,VOL_10261,10.0,2026-01-22
DON_54170,VOL_10261,100.0,2026-01-25
DON_54171,VOL_10261,10.0,2026-01-29
DON_54172,VOL_10261,100.0,2026-02-26
DON_54173,VOL_10261,100.0,2026-03-12
DON_54174,VOL_10261,10.0,2026-03-12
DON_54175,VOL_10261,10.0,2026-03-19
DON_54176,VOL_10261,10.0,2026-04-30
DON_54177,VOL_10261,10.0,2026-04-30
DON_54178,VOL_10262,25.0,2025-06-12
DON_54179,VOL_10262,50.0,2025-06-15
DON_54180,VOL_10263,10.0,2025-03-13
DON_54181,VOL_10263,10.0,2025-03-20
DON_54182,VOL_10263,25.0,2025-04-24
DON_54183,VOL_10263,10.0,2025-05-15
DON_54184,VOL_10263,50.0,2025-05-18
DON_54185,VOL_10263,10.0,2025-07-06
DON_54186,VOL_10263,50.0,2025-08-14
DON_54187,VOL_10263,100.0,2025-08-17
DON_54188,VOL_10263,10.0,2025-08-24
DON_54189,VOL_10263,10.0,2025-08-24
DON_54190,VOL_10263,50.0,2025-08-31
DON_54191,VOL_10263,50.0,2025-10-02
DON_54192,VOL_10263,50.0,2025-10-12
DON_54193,VOL_10263,50.0,2025-10-23
DON_54194,VOL_10263,50.0,2025-11-06
DON_54195,VOL_10263,100.0,2025-11-20
DON_54196,VOL_10263,50.0,2025-11-23
DON_54197,VOL_10263,10.0,2025-11-23
DON_54198,VOL_10263,10.0,2025-12-14
DON_54199,VOL_10263,10.0,2026-01-04
DON_54200,VOL_10263,10.0,2026-01-04
DON_54201,VOL_10263,10.0,2026-02-05
DON_54202,VOL_10263,50.0,2026-02-19
DON_54203,VOL_10263,25.0,2026-03-01
DON_54204,VOL_10263,25.0,2026-03-05
DON_54205,VOL_10263,100.0,2026-03-19
DON_54206,VOL_10263,25.0,2026-04-26
DON_54207,VOL_10263,25.0,2026-04-30
DON_54208,VOL_10264,10.0,2025-12-25
DON_54209,VOL_10264,50.0,2026-01-22
DON_54210,VOL_10264,50.0,2026-02-19
DON_54211,VOL_10264,10.0,2026-03-05
DON_54212,VOL_10264,25.0,2026-03-26
DON_54213,VOL_10264,10.0,2026-04-02
DON_54214,VOL_10264,25.0,2026-04-05
DON_54215,VOL_10264,25.0,2026-04-19
DON_54216,VOL_10265,50.0,2025-10-30
DON_54217,VOL_10265,10.0,2025-11-02
DON_54218,VOL_10265,10.0,2025-11-27
DON_54219,VOL_10265,10.0,2025-11-30
DON_54220,VOL_10265,100.0,2025-12-07
DON_54221,VOL_10265,50.0,2025-12-28
DON_54222,VOL_10265,25.0,2026-01-22
DON_54223,VOL_10265,50.0,2026-03-05
DON_54224,VOL_10265,10.0,2026-04-02
DON_54225,VOL_10266,25.0,2025-10-02
DON_54226,VOL_10266,10.0,2025-10-19
DON_54227,VOL_10266,10.0,2025-10-26
DON_54228,VOL_10266,10.0,2025-10-26
DON_54229,VOL_10266,100.0,2025-11-09
DON_54230,VOL_10266,50.0,2025-11-09
DON_54231,VOL_10266,10.0,2025-11-09
DON_54232,VOL_10266,50.0,2025-11-16
DON_54233,VOL_10266,10.0,2025-11-23
DON_54234,VOL_10266,25.0,2025-11-23
DON_54235,VOL_10266,10.0,2025-12-07
DON_54236,VOL_10266,10.0,2025-12-07
DON_54237,VOL_10266,25.0,2025-12-28
DON_54238,VOL_10266,25.0,2026-01-11
DON_54239,VOL_10266,50.0,2026-02-05
DON_54240,VOL_10266,10.0,2026-02-08
DON_54241,VOL_10266,100.0,2026-02-15
DON_54242,VOL_10266,50.0,2026-02-26
DON_54243,VOL_10266,25.0,2026-04-09
DON_54244,VOL_10267,100.0,2026-02-26
DON_54245,VOL_10267,25.0,2026-03-12
DON_54246,VOL_10267,25.0,2026-03-15
DON_54247,VOL_10269,25.0,2025-01-05
DON_54248,VOL_10269,25.0,2025-02-27
DON_54249,VOL_10269,50.0,2025-03-23
DON_54250,VOL_10269,50.0,2025-04-13
DON_54251,VOL_10269,25.0,2025-04-27
DON_54252,VOL_10269,50.0,2025-05-11
DON_54253,VOL_10269,50.0,2025-06-01
DON_54254,VOL_10269,10.0,2025-06-08
DON_54255,VOL_10269,10.0,2025-06-15
DON_54256,VOL_10269,50.0,2025-07-20
DON_54257,VOL_10269,50.0,2025-07-20
DON_54258,VOL_10269,10.0,2025-07-31
DON_54259,VOL_10269,10.0,2025-07-31
DON_54260,VOL_10269,50.0,2025-08-03
DON_54261,VOL_10269,10.0,2025-08-21
DON_54262,VOL_10269,10.0,2025-08-21
DON_54263,VOL_10269,10.0,2025-08-24
DON_54264,VOL_10269,25.0,2025-09-18
DON_54265,VOL_10269,25.0,2025-09-28
DON_54266,VOL_10269,10.0,2025-09-28
DON_54267,VOL_10269,25.0,2025-10-12
DON_54268,VOL_10269,10.0,2025-10-26
DON_54269,VOL_10269,10.0,2025-10-30
DON_54270,VOL_10269,10.0,2025-11-02
DON_54271,VOL_10269,10.0,2025-11-06
DON_54272,VOL_10269,10.0,2025-11-13
DON_54273,VOL_10269,25.0,2025-11-27
DON_54274,VOL_10269,10.0,2025-12-04
DON_54275,VOL_10269,25.0,2026-01-22
DON_54276,VOL_10269,10.0,2026-02-05
DON_54277,VOL_10269,100.0,2026-02-08
DON_54278,VOL_10269,100.0,2026-02-22
DON_54279,VOL_10269,10.0,2026-03-15
DON_54280,VOL_10269,10.0,2026-04-16
DON_54281,VOL_10269,10.0,2026-04-30
DON_54282,VOL_10270,100.0,2025-12-21
DON_54283,VOL_10270,25.0,2026-01-18
DON_54284,VOL_10270,10.0,2026-02-01
DON_54285,VOL_10270,10.0,2026-02-08
DON_54286,VOL_10270,25.0,2026-02-12
DON_54287,VOL_10270,10.0,2026-03-05
DON_54288,VOL_10270,100.0,2026-03-26
DON_54289,VOL_10270,10.0,2026-03-26
DON_54290,VOL_10270,100.0,2026-04-26
DON_54291,VOL_10271,100.0,2025-05-11
DON_54292,VOL_10271,25.0,2025-05-25
DON_54293,VOL_10271,10.0,2025-06-05
DON_54294,VOL_10271,10.0,2025-06-19
DON_54295,VOL_10271,10.0,2025-06-29
DON_54296,VOL_10271,10.0,2025-07-10
DON_54297,VOL_10271,25.0,2025-07-31
DON_54298,VOL_10271,10.0,2025-08-14
DON_54299,VOL_10271,100.0,2025-08-17
DON_54300,VOL_10271,10.0,2025-08-24
DON_54301,VOL_10271,10.0,2025-10-02
DON_54302,VOL_10271,10.0,2025-10-12
DON_54303,VOL_10271,25.0,2025-11-02
DON_54304,VOL_10271,25.0,2025-11-16
DON_54305,VOL_10271,10.0,2025-11-16
DON_54306,VOL_10271,10.0,2025-11-27
DON_54307,VOL_10271,25.0,2025-11-30
DON_54308,VOL_10271,10.0,2025-12-04
DON_54309,VOL_10271,10.0,2025-12-11
DON_54310,VOL_10271,100.0,2026-01-08
DON_54311,VOL_10271,10.0,2026-01-18
DON_54312,VOL_10271,50.0,2026-01-22
DON_54313,VOL_10271,10.0,2026-01-29
DON_54314,VOL_10271,50.0,2026-02-19
DON_54315,VOL_10271,25.0,2026-02-22
DON_54316,VOL_10271,25.0,2026-02-26
DON_54317,VOL_10271,25.0,2026-03-12
DON_54318,VOL_10271,50.0,2026-03-15
DON_54319,VOL_10271,50.0,2026-03-22
DON_54320,VOL_10271,25.0,2026-04-09
DON_54321,VOL_10273,25.0,2026-02-15
DON_54322,VOL_10273,10.0,2026-02-19
DON_54323,VOL_10273,25.0,2026-02-26
DON_54324,VOL_10273,10.0,2026-02-26
DON_54325,VOL_10273,50.0,2026-02-26
DON_54326,VOL_10273,50.0,2026-04-16
DON_54327,VOL_10273,25.0,2026-04-16
DON_54328,VOL_10274,100.0,2025-03-20
DON_54329,VOL_10274,100.0,2025-04-03
DON_54330,VOL_10274,25.0,2025-05-11
DON_54331,VOL_10274,50.0,2025-05-11
DON_54332,VOL_10274,10.0,2025-05-29
DON_54333,VOL_10274,10.0,2025-06-19
DON_54334,VOL_10274,50.0,2025-06-19
DON_54335,VOL_10274,50.0,2025-07-20
DON_54336,VOL_10274,25.0,2025-07-31
DON_54337,VOL_10274,50.0,2025-08-17
DON_54338,VOL_10274,50.0,2025-09-21
DON_54339,VOL_10274,25.0,2025-09-28
DON_54340,VOL_10274,25.0,2025-10-30
DON_54341,VOL_10274,10.0,2025-11-27
DON_54342,VOL_10274,100.0,2025-11-30
DON_54343,VOL_10274,100.0,2025-12-14
DON_54344,VOL_10274,10.0,2025-12-21
DON_54345,VOL_10274,25.0,2025-12-28
DON_54346,VOL_10274,10.0,2026-01-04
DON_54347,VOL_10274,10.0,2026-01-15
DON_54348,VOL_10274,50.0,2026-01-25
DON_54349,VOL_10274,50.0,2026-02-05
DON_54350,VOL_10274,10.0,2026-02-12
DON_54351,VOL_10274,25.0,2026-02-19
DON_54352,VOL_10274,10.0,2026-02-26
DON_54353,VOL_10274,10.0,2026-03-19
DON_54354,VOL_10274,25.0,2026-03-19
DON_54355,VOL_10274,50.0,2026-04-09
DON_54356,VOL_10274,25.0,2026-04-12
DON_54357,VOL_10274,25.0,2026-04-30
DON_54358,VOL_10275,50.0,2025-02-23
DON_54359,VOL_10275,25.0,2025-03-16
DON_54360,VOL_10275,100.0,2025-03-16
DON_54361,VOL_10275,25.0,2025-04-10
DON_54362,VOL_10275,10.0,2025-06-22
DON_54363,VOL_10275,25.0,2025-07-10
DON_54364,VOL_10275,25.0,2025-07-27
DON_54365,VOL_10275,50.0,2025-07-31
DON_54366,VOL_10275,10.0,2025-08-03
DON_54367,VOL_10275,10.0,2025-08-28
DON_54368,VOL_10275,10.0,2025-09-28
DON_54369,VOL_10275,50.0,2025-09-28
DON_54370,VOL_10275,50.0,2025-10-23
DON_54371,VOL_10275,50.0,2025-10-30
DON_54372,VOL_10275,25.0,2025-10-30
DON_54373,VOL_10275,25.0,2025-11-16
DON_54374,VOL_10275,25.0,2025-11-16
DON_54375,VOL_10275,25.0,2025-11-20
DON_54376,VOL_10275,100.0,2025-12-04
DON_54377,VOL_10275,50.0,2025-12-25
DON_54378,VOL_10275,50.0,2025-12-25
DON_54379,VOL_10275,100.0,2026-01-18
DON_54380,VOL_10275,25.0,2026-01-22
DON_54381,VOL_10275,25.0,2026-02-01
DON_54382,VOL_10275,10.0,2026-02-05
DON_54383,VOL_10275,50.0,2026-02-22
DON_54384,VOL_10275,25.0,2026-03-01
DON_54385,VOL_10275,10.0,2026-03-05
DON_54386,VOL_10275,25.0,2026-04-26
DON_54387,VOL_10276,25.0,2025-02-20
DON_54388,VOL_10276,10.0,2025-03-02
DON_54389,VOL_10276,50.0,2025-03-06
DON_54390,VOL_10276,50.0,2025-03-13
DON_54391,VOL_10276,10.0,2025-03-13
DON_54392,VOL_10276,10.0,2025-03-16
DON_54393,VOL_10276,10.0,2025-05-08
DON_54394,VOL_10276,50.0,2025-06-01
DON_54395,VOL_10276,100.0,2025-06-15
DON_54396,VOL_10276,25.0,2025-06-15
DON_54397,VOL_10276,10.0,2025-06-22
DON_54398,VOL_10276,100.0,2025-07-13
DON_54399,VOL_10276,10.0,2025-07-17
DON_54400,VOL_10276,10.0,2025-08-03
DON_54401,VOL_10276,10.0,2025-08-07
DON_54402,VOL_10276,50.0,2025-08-10
DON_54403,VOL_10276,50.0,2025-08-10
DON_54404,VOL_10276,50.0,2025-08-14
DON_54405,VOL_10276,100.0,2025-08-28
DON_54406,VOL_10276,25.0,2025-09-11
DON_54407,VOL_10276,10.0,2025-10-05
DON_54408,VOL_10276,50.0,2025-11-06
DON_54409,VOL_10276,25.0,2025-11-13
DON_54410,VOL_10276,10.0,2025-11-13
DON_54411,VOL_10276,25.0,2025-12-07
DON_54412,VOL_10276,25.0,2025-12-18
DON_54413,VOL_10276,25.0,2026-01-08
DON_54414,VOL_10276,10.0,2026-01-15
DON_54415,VOL_10276,100.0,2026-01-18
DON_54416,VOL_10276,10.0,2026-01-25
DON_54417,VOL_10276,50.0,2026-02-01
DON_54418,VOL_10276,25.0,2026-02-08
DON_54419,VOL_10276,50.0,2026-02-19
DON_54420,VOL_10276,50.0,2026-02-22
DON_54421,VOL_10276,25.0,2026-03-29
DON_54422,VOL_10276,10.0,2026-04-09
DON_54423,VOL_10276,10.0,2026-04-09
DON_54424,VOL_10276,50.0,2026-04-23
DON_54425,VOL_10276,10.0,2026-04-23
DON_54426,VOL_10276,25.0,2026-04-26
DON_54427,VOL_10277,25.0,2025-09-04
DON_54428,VOL_10277,25.0,2025-10-12
DON_54429,VOL_10277,10.0,2025-10-16
DON_54430,VOL_10277,50.0,2025-10-23
DON_54431,VOL_10277,25.0,2025-11-02
DON_54432,VOL_10277,10.0,2025-11-06
DON_54433,VOL_10277,25.0,2025-11-20
DON_54434,VOL_10277,25.0,2025-11-27
DON_54435,VOL_10277,10.0,2025-12-04
DON_54436,VOL_10277,100.0,2026-01-08
DON_54437,VOL_10277,25.0,2026-01-22
DON_54438,VOL_10277,10.0,2026-02-05
DON_54439,VOL_10277,10.0,2026-02-19
DON_54440,VOL_10277,10.0,2026-02-22
DON_54441,VOL_10277,10.0,2026-02-26
DON_54442,VOL_10277,10.0,2026-03-05
DON_54443,VOL_10277,25.0,2026-03-15
DON_54444,VOL_10277,10.0,2026-04-05
DON_54445,VOL_10277,25.0,2026-04-16
DON_54446,VOL_10277,10.0,2026-04-26
DON_54447,VOL_10277,50.0,2026-04-30
DON_54448,VOL_10278,25.0,2025-04-27
DON_54449,VOL_10278,10.0,2025-05-18
DON_54450,VOL_10278,50.0,2025-06-05
DON_54451,VOL_10278,25.0,2025-06-08
DON_54452,VOL_10278,10.0,2025-06-22
DON_54453,VOL_10278,10.0,2025-06-22
DON_54454,VOL_10278,10.0,2025-07-17
DON_54455,VOL_10278,50.0,2025-07-20
DON_54456,VOL_10278,10.0,2025-07-27
DON_54457,VOL_10278,10.0,2025-08-07
DON_54458,VOL_10278,10.0,2025-08-17
DON_54459,VOL_10278,10.0,2025-09-21
DON_54460,VOL_10278,10.0,2025-09-21
DON_54461,VOL_10278,25.0,2025-09-25
DON_54462,VOL_10278,50.0,2025-10-12
DON_54463,VOL_10278,10.0,2025-10-30
DON_54464,VOL_10278,50.0,2025-10-30
DON_54465,VOL_10278,100.0,2025-12-04
DON_54466,VOL_10278,50.0,2025-12-04
DON_54467,VOL_10278,10.0,2025-12-11
DON_54468,VOL_10278,10.0,2025-12-14
DON_54469,VOL_10278,25.0,2025-12-21
DON_54470,VOL_10278,25.0,2025-12-25
DON_54471,VOL_10278,10.0,2026-01-15
DON_54472,VOL_10278,100.0,2026-02-19
DON_54473,VOL_10278,10.0,2026-02-22
DON_54474,VOL_10278,10.0,2026-02-26
DON_54475,VOL_10278,10.0,2026-03-01
DON_54476,VOL_10278,25.0,2026-03-08
DON_54477,VOL_10278,25.0,2026-04-02
DON_54478,VOL_10278,50.0,2026-04-09
DON_54479,VOL_10278,10.0,2026-04-12
DON_54480,VOL_10278,50.0,2026-04-23
DON_54481,VOL_10278,50.0,2026-04-26
DON_54482,VOL_10279,50.0,2025-09-28
DON_54483,VOL_10279,10.0,2025-10-26
DON_54484,VOL_10279,25.0,2025-10-26
DON_54485,VOL_10279,10.0,2025-11-02
DON_54486,VOL_10279,10.0,2025-11-06
DON_54487,VOL_10279,10.0,2025-11-20
DON_54488,VOL_10279,10.0,2025-12-04
DON_54489,VOL_10279,25.0,2025-12-21
DON_54490,VOL_10279,10.0,2026-01-01
DON_54491,VOL_10279,50.0,2026-01-08
DON_54492,VOL_10279,10.0,2026-02-26
DON_54493,VOL_10279,100.0,2026-03-08
DON_54494,VOL_10279,25.0,2026-04-16
DON_54495,VOL_10279,100.0,2026-04-30
DON_54496,VOL_10280,25.0,2025-11-13
DON_54497,VOL_10280,50.0,2025-11-13
DON_54498,VOL_10281,50.0,2025-04-03
DON_54499,VOL_10281,10.0,2025-04-13
DON_54500,VOL_10281,10.0,2025-05-04
DON_54501,VOL_10281,10.0,2025-05-25
DON_54502,VOL_10281,50.0,2025-06-01
DON_54503,VOL_10281,25.0,2025-06-19
DON_54504,VOL_10281,10.0,2025-07-20
DON_54505,VOL_10281,25.0,2025-07-24
DON_54506,VOL_10281,10.0,2025-08-14
DON_54507,VOL_10281,25.0,2025-08-21
DON_54508,VOL_10281,10.0,2025-08-31
DON_54509,VOL_10281,10.0,2025-09-18
DON_54510,VOL_10281,50.0,2025-09-21
DON_54511,VOL_10281,10.0,2025-10-16
DON_54512,VOL_10281,10.0,2025-10-23
DON_54513,VOL_10281,10.0,2025-10-30
DON_54514,VOL_10281,50.0,2025-11-06
DON_54515,VOL_10281,10.0,2025-11-23
DON_54516,VOL_10281,25.0,2025-11-27
DON_54517,VOL_10281,25.0,2025-11-30
DON_54518,VOL_10281,10.0,2025-11-30
DON_54519,VOL_10281,10.0,2025-12-07
DON_54520,VOL_10281,10.0,2025-12-18
DON_54521,VOL_10281,10.0,2025-12-18
DON_54522,VOL_10281,25.0,2026-01-08
DON_54523,VOL_10281,10.0,2026-01-18
DON_54524,VOL_10281,25.0,2026-01-18
DON_54525,VOL_10281,25.0,2026-01-22
DON_54526,VOL_10281,10.0,2026-01-22
DON_54527,VOL_10281,25.0,2026-01-29
DON_54528,VOL_10281,25.0,2026-01-29
DON_54529,VOL_10281,100.0,2026-02-01
DON_54530,VOL_10281,25.0,2026-02-05
DON_54531,VOL_10281,10.0,2026-03-08
DON_54532,VOL_10281,100.0,2026-03-19
DON_54533,VOL_10281,10.0,2026-04-26
DON_54534,VOL_10281,10.0,2026-04-26
DON_54535,VOL_10281,10.0,2026-04-30
DON_54536,VOL_10282,10.0,2025-09-28
DON_54537,VOL_10282,25.0,2025-10-12
DON_54538,VOL_10282,25.0,2025-10-12
DON_54539,VOL_10282,25.0,2025-10-30
DON_54540,VOL_10282,10.0,2025-11-23
DON_54541,VOL_10282,25.0,2025-11-27
DON_54542,VOL_10282,10.0,2025-12-11
DON_54543,VOL_10282,25.0,2026-01-04
DON_54544,VOL_10282,25.0,2026-01-08
DON_54545,VOL_10282,10.0,2026-01-15
DON_54546,VOL_10282,10.0,2026-01-22
DON_54547,VOL_10282,25.0,2026-01-29
DON_54548,VOL_10282,50.0,2026-02-08
DON_54549,VOL_10282,10.0,2026-03-05
DON_54550,VOL_10282,50.0,2026-03-19
DON_54551,VOL_10282,100.0,2026-04-16
DON_54552,VOL_10282,10.0,2026-04-23
DON_54553,VOL_10282,100.0,2026-04-26
DON_54554,VOL_10282,50.0,2026-04-30
DON_54555,VOL_10283,25.0,2025-05-04
DON_54556,VOL_10283,50.0,2025-05-11
DON_54557,VOL_10283,50.0,2025-05-11
DON_54558,VOL_10283,10.0,2025-05-25
DON_54559,VOL_10283,10.0,2025-06-15
DON_54560,VOL_10283,10.0,2025-07-27
DON_54561,VOL_10283,25.0,2025-07-31
DON_54562,VOL_10283,25.0,2025-08-07
DON_54563,VOL_10283,100.0,2025-08-10
DON_54564,VOL_10283,25.0,2025-10-23
DON_54565,VOL_10283,10.0,2025-10-30
DON_54566,VOL_10283,10.0,2025-10-30
DON_54567,VOL_10283,10.0,2025-11-02
DON_54568,VOL_10283,25.0,2025-11-13
DON_54569,VOL_10283,50.0,2025-11-16
DON_54570,VOL_10283,25.0,2025-11-20
DON_54571,VOL_10283,10.0,2025-11-30
DON_54572,VOL_10283,10.0,2025-12-07
DON_54573,VOL_10283,10.0,2025-12-14
DON_54574,VOL_10283,25.0,2025-12-25
DON_54575,VOL_10283,50.0,2026-01-15
DON_54576,VOL_10283,10.0,2026-01-18
DON_54577,VOL_10283,100.0,2026-02-19
DON_54578,VOL_10283,50.0,2026-02-26
DON_54579,VOL_10283,10.0,2026-03-01
DON_54580,VOL_10283,25.0,2026-03-05
DON_54581,VOL_10283,10.0,2026-03-08
DON_54582,VOL_10283,50.0,2026-03-29
DON_54583,VOL_10283,10.0,2026-04-09
DON_54584,VOL_10283,50.0,2026-04-09
DON_54585,VOL_10283,50.0,2026-04-12
DON_54586,VOL_10283,10.0,2026-04-23
DON_54587,VOL_10283,50.0,2026-04-26
DON_54588,VOL_10284,100.0,2025-08-14
DON_54589,VOL_10285,100.0,2026-01-22
DON_54590,VOL_10285,100.0,2026-01-22
DON_54591,VOL_10285,25.0,2026-01-25
DON_54592,VOL_10285,25.0,2026-02-19
DON_54593,VOL_10285,10.0,2026-03-26
DON_54594,VOL_10285,50.0,2026-04-12
DON_54595,VOL_10286,50.0,2026-01-08
DON_54596,VOL_10286,50.0,2026-01-25
DON_54597,VOL_10286,25.0,2026-01-29
DON_54598,VOL_10286,25.0,2026-02-05
DON_54599,VOL_10286,10.0,2026-02-08
DON_54600,VOL_10286,25.0,2026-04-26
DON_54601,VOL_10287,100.0,2025-02-13
DON_54602,VOL_10287,25.0,2025-03-23
DON_54603,VOL_10287,10.0,2025-04-06
DON_54604,VOL_10287,10.0,2025-04-20
DON_54605,VOL_10287,25.0,2025-05-01
DON_54606,VOL_10287,50.0,2025-05-01
DON_54607,VOL_10287,10.0,2025-06-26
DON_54608,VOL_10287,50.0,2025-07-03
DON_54609,VOL_10287,10.0,2025-07-10
DON_54610,VOL_10287,10.0,2025-07-10
DON_54611,VOL_10287,25.0,2025-07-17
DON_54612,VOL_10287,10.0,2025-07-31
DON_54613,VOL_10287,10.0,2025-08-07
DON_54614,VOL_10287,100.0,2025-08-10
DON_54615,VOL_10287,50.0,2025-08-14
DON_54616,VOL_10287,25.0,2025-08-14
DON_54617,VOL_10287,25.0,2025-08-31
DON_54618,VOL_10287,25.0,2025-09-11
DON_54619,VOL_10287,10.0,2025-09-25
DON_54620,VOL_10287,10.0,2025-10-05
DON_54621,VOL_10287,50.0,2025-10-26
DON_54622,VOL_10287,50.0,2025-11-06
DON_54623,VOL_10287,50.0,2025-11-06
DON_54624,VOL_10287,50.0,2025-11-09
DON_54625,VOL_10287,10.0,2025-11-16
DON_54626,VOL_10287,10.0,2025-11-20
DON_54627,VOL_10287,50.0,2025-12-14
DON_54628,VOL_10287,50.0,2026-01-15
DON_54629,VOL_10287,25.0,2026-01-22
DON_54630,VOL_10287,25.0,2026-03-01
DON_54631,VOL_10287,100.0,2026-03-08
DON_54632,VOL_10287,50.0,2026-04-02
DON_54633,VOL_10287,50.0,2026-04-05
DON_54634,VOL_10287,50.0,2026-04-19
DON_54635,VOL_10287,10.0,2026-04-26
DON_54636,VOL_10289,50.0,2025-05-18
DON_54637,VOL_10289,10.0,2025-06-08
DON_54638,VOL_10289,50.0,2025-06-19
DON_54639,VOL_10289,25.0,2025-07-10
DON_54640,VOL_10289,25.0,2025-07-17
DON_54641,VOL_10289,50.0,2025-07-24
DON_54642,VOL_10289,10.0,2025-08-14
DON_54643,VOL_10289,10.0,2025-08-17
DON_54644,VOL_10289,10.0,2025-08-28
DON_54645,VOL_10289,25.0,2025-08-31
DON_54646,VOL_10289,50.0,2025-09-04
DON_54647,VOL_10289,25.0,2025-09-18
DON_54648,VOL_10289,100.0,2025-09-21
DON_54649,VOL_10289,10.0,2025-10-19
DON_54650,VOL_10289,25.0,2025-10-30
DON_54651,VOL_10289,25.0,2025-11-16
DON_54652,VOL_10289,10.0,2025-12-07
DON_54653,VOL_10289,10.0,2025-12-14
DON_54654,VOL_10289,10.0,2025-12-18
DON_54655,VOL_10289,10.0,2025-12-28
DON_54656,VOL_10289,50.0,2026-02-01
DON_54657,VOL_10289,25.0,2026-03-26
DON_54658,VOL_10289,10.0,2026-04-26
DON_54659,VOL_10290,10.0,2025-01-05
DON_54660,VOL_10290,50.0,2025-01-12
DON_54661,VOL_10290,25.0,2025-01-16
DON_54662,VOL_10290,50.0,2025-04-13
DON_54663,VOL_10290,10.0,2025-04-27
DON_54664,VOL_10290,10.0,2025-05-04
DON_54665,VOL_10290,100.0,2025-06-01
DON_54666,VOL_10290,50.0,2025-06-08
DON_54667,VOL_10290,25.0,2025-06-29
DON_54668,VOL_10290,10.0,2025-07-03
DON_54669,VOL_10290,25.0,2025-07-13
DON_54670,VOL_10290,100.0,2025-07-20
DON_54671,VOL_10290,10.0,2025-07-31
DON_54672,VOL_10290,25.0,2025-08-07
DON_54673,VOL_10290,25.0,2025-08-21
DON_54674,VOL_10290,50.0,2025-09-14
DON_54675,VOL_10290,25.0,2025-09-21
DON_54676,VOL_10290,50.0,2025-09-25
DON_54677,VOL_10290,50.0,2025-09-28
DON_54678,VOL_10290,10.0,2025-10-23
DON_54679,VOL_10290,25.0,2025-10-26
DON_54680,VOL_10290,50.0,2025-11-06
DON_54681,VOL_10290,10.0,2025-11-06
DON_54682,VOL_10290,50.0,2025-11-13
DON_54683,VOL_10290,50.0,2025-11-23
DON_54684,VOL_10290,100.0,2025-11-30
DON_54685,VOL_10290,10.0,2025-12-11
DON_54686,VOL_10290,10.0,2025-12-18
DON_54687,VOL_10290,100.0,2025-12-28
DON_54688,VOL_10290,10.0,2026-01-25
DON_54689,VOL_10290,10.0,2026-02-05
DON_54690,VOL_10290,25.0,2026-02-08
DON_54691,VOL_10290,50.0,2026-02-08
DON_54692,VOL_10290,10.0,2026-02-26
DON_54693,VOL_10290,100.0,2026-03-26
DON_54694,VOL_10290,25.0,2026-04-02
DON_54695,VOL_10290,25.0,2026-04-16
DON_54696,VOL_10291,10.0,2025-11-27
DON_54697,VOL_10291,100.0,2025-11-27
DON_54698,VOL_10291,25.0,2025-11-30
DON_54699,VOL_10291,25.0,2025-12-14
DON_54700,VOL_10291,10.0,2025-12-18
DON_54701,VOL_10291,100.0,2026-01-08
DON_54702,VOL_10292,25.0,2025-10-23
DON_54703,VOL_10292,25.0,2025-10-23
DON_54704,VOL_10292,10.0,2025-11-09
DON_54705,VOL_10292,100.0,2025-11-27
DON_54706,VOL_10292,25.0,2025-11-27
DON_54707,VOL_10292,25.0,2025-12-07
DON_54708,VOL_10292,10.0,2025-12-14
DON_54709,VOL_10292,100.0,2025-12-14
DON_54710,VOL_10292,10.0,2025-12-18
DON_54711,VOL_10292,50.0,2026-01-08
DON_54712,VOL_10292,25.0,2026-02-01
DON_54713,VOL_10292,25.0,2026-02-05
DON_54714,VOL_10292,25.0,2026-02-19
DON_54715,VOL_10292,25.0,2026-02-22
DON_54716,VOL_10292,10.0,2026-02-26
DON_54717,VOL_10292,10.0,2026-03-15
DON_54718,VOL_10292,25.0,2026-04-16
DON_54719,VOL_10292,50.0,2026-04-23
DON_54720,VOL_10292,25.0,2026-04-30
DON_54721,VOL_10293,10.0,2025-05-08
DON_54722,VOL_10293,10.0,2025-06-01
DON_54723,VOL_10293,50.0,2025-06-05
DON_54724,VOL_10293,10.0,2025-07-13
DON_54725,VOL_10293,100.0,2025-08-03
DON_54726,VOL_10293,25.0,2025-08-07
DON_54727,VOL_10293,50.0,2025-08-31
DON_54728,VOL_10293,10.0,2025-09-18
DON_54729,VOL_10293,10.0,2025-10-02
DON_54730,VOL_10293,50.0,2025-10-16
DON_54731,VOL_10293,10.0,2025-10-23
DON_54732,VOL_10293,10.0,2025-11-27
DON_54733,VOL_10293,50.0,2025-12-21
DON_54734,VOL_10293,25.0,2026-01-11
DON_54735,VOL_10293,25.0,2026-02-05
DON_54736,VOL_10293,100.0,2026-02-08
DON_54737,VOL_10293,10.0,2026-02-15
DON_54738,VOL_10293,25.0,2026-02-19
DON_54739,VOL_10293,25.0,2026-02-26
DON_54740,VOL_10293,25.0,2026-03-15
DON_54741,VOL_10293,50.0,2026-03-19
DON_54742,VOL_10293,10.0,2026-03-26
DON_54743,VOL_10293,100.0,2026-04-02
DON_54744,VOL_10293,10.0,2026-04-09
DON_54745,VOL_10293,10.0,2026-04-16
DON_54746,VOL_10293,50.0,2026-04-30
DON_54747,VOL_10295,50.0,2025-09-11
DON_54748,VOL_10295,10.0,2025-10-12
DON_54749,VOL_10295,50.0,2025-10-26
DON_54750,VOL_10295,10.0,2025-11-09
DON_54751,VOL_10295,10.0,2025-11-13
DON_54752,VOL_10295,25.0,2025-11-16
DON_54753,VOL_10295,25.0,2025-11-27
DON_54754,VOL_10295,25.0,2025-11-27
DON_54755,VOL_10295,50.0,2025-12-07
DON_54756,VOL_10295,25.0,2025-12-18
DON_54757,VOL_10295,50.0,2026-01-29
DON_54758,VOL_10295,10.0,2026-02-01
DON_54759,VOL_10295,25.0,2026-02-19
DON_54760,VOL_10295,50.0,2026-02-26
DON_54761,VOL_10295,25.0,2026-03-05
DON_54762,VOL_10295,25.0,2026-04-12
DON_54763,VOL_10296,50.0,2025-07-17
DON_54764,VOL_10296,25.0,2025-08-24
DON_54765,VOL_10296,10.0,2025-09-04
DON_54766,VOL_10296,100.0,2025-09-14
DON_54767,VOL_10296,10.0,2025-09-18
DON_54768,VOL_10296,10.0,2025-10-02
DON_54769,VOL_10296,10.0,2025-11-20
DON_54770,VOL_10296,25.0,2026-01-15
DON_54771,VOL_10296,10.0,2026-01-29
DON_54772,VOL_10296,50.0,2026-02-05
DON_54773,VOL_10296,100.0,2026-02-26
DON_54774,VOL_10296,25.0,2026-03-19
DON_54775,VOL_10296,10.0,2026-03-29
DON_54776,VOL_10296,25.0,2026-04-09
DON_54777,VOL_10296,25.0,2026-04-09
DON_54778,VOL_10296,10.0,2026-04-16
DON_54779,VOL_10296,10.0,2026-04-19
DON_54780,VOL_10297,25.0,2025-01-19
DON_54781,VOL_10297,10.0,2025-01-26
DON_54782,VOL_10297,50.0,2025-01-30
DON_54783,VOL_10297,25.0,2025-02-02
DON_54784,VOL_10298,10.0,2025-02-16
DON_54785,VOL_10299,25.0,2026-01-15
DON_54786,VOL_10299,10.0,2026-01-18
DON_54787,VOL_10299,25.0,2026-01-22
DON_54788,VOL_10299,10.0,2026-01-22
DON_54789,VOL_10299,50.0,2026-02-12
DON_54790,VOL_10299,50.0,2026-02-12
DON_54791,VOL_10299,10.0,2026-02-26
DON_54792,VOL_10299,10.0,2026-03-08
DON_54793,VOL_10299,10.0,2026-03-19
DON_54794,VOL_10299,25.0,2026-04-02
DON_54795,VOL_10299,25.0,2026-04-02
DON_54796,VOL_10299,10.0,2026-04-09
DON_54797,VOL_10299,100.0,2026-04-23
DON_54798,VOL_10299,25.0,2026-04-30
DON_54799,VOL_10299,10.0,2026-04-30
DON_54800,VOL_10300,10.0,2026-01-22
DON_54801,VOL_10300,50.0,2026-01-25
DON_54802,VOL_10301,25.0,2025-08-28
DON_54803,VOL_10301,100.0,2025-09-04
DON_54804,VOL_10301,25.0,2025-10-02
DON_54805,VOL_10301,50.0,2025-10-02
DON_54806,VOL_10301,10.0,2025-10-19
DON_54807,VOL_10301,25.0,2025-12-04
DON_54808,VOL_10301,100.0,2025-12-07
DON_54809,VOL_10301,50.0,2025-12-14
DON_54810,VOL_10301,25.0,2026-03-29
DON_54811,VOL_10301,50.0,2026-04-30
DON_54812,VOL_10302,10.0,2026-01-01
DON_54813,VOL_10302,50.0,2026-01-15
DON_54814,VOL_10302,25.0,2026-02-01
DON_54815,VOL_10302,25.0,2026-02-19
DON_54816,VOL_10302,10.0,2026-03-05
DON_54817,VOL_10302,25.0,2026-03-12
DON_54818,VOL_10302,100.0,2026-03-29
DON_54819,VOL_10302,100.0,2026-04-09
DON_54820,VOL_10302,50.0,2026-04-23
DON_54821,VOL_10303,25.0,2025-09-11
DON_54822,VOL_10303,10.0,2025-09-14
DON_54823,VOL_10303,10.0,2025-10-12
DON_54824,VOL_10303,10.0,2025-11-13
DON_54825,VOL_10303,50.0,2025-11-16
DON_54826,VOL_10303,50.0,2025-11-27
DON_54827,VOL_10303,50.0,2025-11-27
DON_54828,VOL_10303,25.0,2025-11-30
DON_54829,VOL_10303,50.0,2025-12-07
DON_54830,VOL_10303,100.0,2025-12-14
DON_54831,VOL_10303,100.0,2026-01-08
DON_54832,VOL_10303,10.0,2026-01-29
DON_54833,VOL_10303,25.0,2026-02-08
DON_54834,VOL_10303,50.0,2026-02-12
DON_54835,VOL_10303,25.0,2026-02-19
DON_54836,VOL_10303,25.0,2026-03-01
DON_54837,VOL_10303,100.0,2026-04-23
DON_54838,VOL_10303,50.0,2026-04-23
DON_54839,VOL_10304,100.0,2025-04-17
DON_54840,VOL_10304,50.0,2025-04-27
DON_54841,VOL_10304,10.0,2025-04-27
DON_54842,VOL_10304,10.0,2025-05-01
DON_54843,VOL_10304,25.0,2025-05-08
DON_54844,VOL_10304,50.0,2025-07-06
DON_54845,VOL_10304,10.0,2025-07-13
DON_54846,VOL_10304,50.0,2025-08-07
DON_54847,VOL_10304,50.0,2025-08-14
DON_54848,VOL_10304,10.0,2025-08-14
DON_54849,VOL_10304,100.0,2025-09-21
DON_54850,VOL_10304,10.0,2025-09-21
DON_54851,VOL_10304,10.0,2025-09-28
DON_54852,VOL_10304,10.0,2025-11-09
DON_54853,VOL_10304,10.0,2025-12-07
DON_54854,VOL_10304,10.0,2025-12-21
DON_54855,VOL_10304,25.0,2025-12-25
DON_54856,VOL_10304,10.0,2026-02-01
DON_54857,VOL_10304,50.0,2026-03-12
DON_54858,VOL_10304,100.0,2026-04-05
DON_54859,VOL_10304,10.0,2026-04-19
DON_54860,VOL_10304,50.0,2026-04-26
DON_54861,VOL_10304,25.0,2026-04-26
DON_54862,VOL_10305,25.0,2025-03-02
DON_54863,VOL_10305,25.0,2025-03-27
DON_54864,VOL_10305,10.0,2025-04-03
DON_54865,VOL_10305,50.0,2025-04-06
DON_54866,VOL_10305,50.0,2025-04-13
DON_54867,VOL_10305,10.0,2025-04-17
DON_54868,VOL_10305,10.0,2025-04-17
DON_54869,VOL_10305,25.0,2025-04-20
DON_54870,VOL_10305,25.0,2025-04-24
DON_54871,VOL_10305,25.0,2025-06-01
DON_54872,VOL_10305,50.0,2025-06-12
DON_54873,VOL_10305,25.0,2025-06-15
DON_54874,VOL_10305,25.0,2025-07-10
DON_54875,VOL_10305,25.0,2025-08-28
DON_54876,VOL_10305,25.0,2025-09-11
DON_54877,VOL_10305,10.0,2025-09-14
DON_54878,VOL_10305,50.0,2025-09-25
DON_54879,VOL_10305,100.0,2025-10-23
DON_54880,VOL_10305,25.0,2025-11-09
DON_54881,VOL_10305,10.0,2025-11-16
DON_54882,VOL_10305,25.0,2025-11-20
DON_54883,VOL_10305,10.0,2025-11-27
DON_54884,VOL_10305,50.0,2025-11-30
DON_54885,VOL_10305,10.0,2025-12-07
DON_54886,VOL_10305,10.0,2025-12-21
DON_54887,VOL_10305,100.0,2026-01-18
DON_54888,VOL_10305,25.0,2026-01-18
DON_54889,VOL_10305,10.0,2026-01-29
DON_54890,VOL_10305,25.0,2026-03-01
DON_54891,VOL_10305,25.0,2026-03-08
DON_54892,VOL_10305,100.0,2026-04-16
DON_54893,VOL_10307,100.0,2026-01-22
DON_54894,VOL_10307,100.0,2026-01-25
DON_54895,VOL_10307,100.0,2026-02-01
DON_54896,VOL_10307,50.0,2026-02-05
DON_54897,VOL_10307,100.0,2026-02-15
DON_54898,VOL_10307,25.0,2026-02-26
DON_54899,VOL_10307,10.0,2026-02-26
DON_54900,VOL_10307,25.0,2026-04-02
DON_54901,VOL_10308,50.0,2025-12-07
DON_54902,VOL_10308,25.0,2025-12-07
DON_54903,VOL_10308,10.0,2025-12-25
DON_54904,VOL_10308,25.0,2026-01-15
DON_54905,VOL_10308,25.0,2026-01-25
DON_54906,VOL_10308,25.0,2026-01-25
DON_54907,VOL_10308,25.0,2026-03-12
DON_54908,VOL_10308,10.0,2026-03-19
DON_54909,VOL_10308,25.0,2026-03-29
DON_54910,VOL_10308,100.0,2026-04-02
DON_54911,VOL_10308,50.0,2026-04-12
DON_54912,VOL_10308,50.0,2026-04-16
DON_54913,VOL_10308,10.0,2026-04-16
DON_54914,VOL_10308,25.0,2026-04-19
DON_54915,VOL_10308,25.0,2026-04-26
DON_54916,VOL_10309,10.0,2026-01-04
DON_54917,VOL_10309,50.0,2026-01-08
DON_54918,VOL_10309,10.0,2026-02-15
DON_54919,VOL_10309,50.0,2026-03-01
DON_54920,VOL_10309,25.0,2026-03-15
DON_54921,VOL_10309,50.0,2026-04-16
DON_54922,VOL_10309,25.0,2026-04-19
DON_54923,VOL_10309,25.0,2026-04-26
DON_54924,VOL_10310,100.0,2026-01-25
DON_54925,VOL_10310,10.0,2026-02-15
DON_54926,VOL_10310,100.0,2026-02-19
DON_54927,VOL_10310,100.0,2026-02-22
DON_54928,VOL_10310,100.0,2026-03-12
DON_54929,VOL_10310,50.0,2026-03-29
DON_54930,VOL_10310,10.0,2026-03-29
DON_54931,VOL_10310,10.0,2026-04-02
DON_54932,VOL_10310,50.0,2026-04-09
DON_54933,VOL_10310,25.0,2026-04-09
DON_54934,VOL_10311,10.0,2025-04-17
DON_54935,VOL_10311,100.0,2025-05-22
DON_54936,VOL_10311,50.0,2025-05-29
DON_54937,VOL_10311,50.0,2025-06-01
DON_54938,VOL_10311,10.0,2025-06-01
DON_54939,VOL_10311,10.0,2025-07-20
DON_54940,VOL_10311,10.0,2025-07-27
DON_54941,VOL_10311,50.0,2025-08-07
DON_54942,VOL_10311,25.0,2025-08-14
DON_54943,VOL_10311,25.0,2025-08-21
DON_54944,VOL_10311,50.0,2025-09-04
DON_54945,VOL_10311,25.0,2025-09-21
DON_54946,VOL_10311,25.0,2025-10-05
DON_54947,VOL_10311,10.0,2025-10-26
DON_54948,VOL_10311,25.0,2025-10-30
DON_54949,VOL_10311,25.0,2025-11-02
DON_54950,VOL_10311,10.0,2025-11-09
DON_54951,VOL_10311,10.0,2025-11-13
DON_54952,VOL_10311,25.0,2025-11-13
DON_54953,VOL_10311,25.0,2025-11-27
DON_54954,VOL_10311,50.0,2025-12-28
DON_54955,VOL_10311,100.0,2026-01-29
DON_54956,VOL_10311,10.0,2026-02-01
DON_54957,VOL_10311,25.0,2026-02-19
DON_54958,VOL_10311,10.0,2026-02-22
DON_54959,VOL_10311,10.0,2026-03-01
DON_54960,VOL_10311,10.0,2026-03-12
DON_54961,VOL_10311,25.0,2026-03-15
DON_54962,VOL_10311,10.0,2026-03-15
DON_54963,VOL_10311,25.0,2026-03-19
DON_54964,VOL_10311,25.0,2026-04-26
DON_54965,VOL_10311,25.0,2026-04-30
DON_54966,VOL_10312,50.0,2025-04-20
DON_54967,VOL_10312,50.0,2025-06-15
DON_54968,VOL_10312,50.0,2025-06-19
DON_54969,VOL_10312,10.0,2025-07-10
DON_54970,VOL_10312,10.0,2025-07-17
DON_54971,VOL_10312,100.0,2025-07-31
DON_54972,VOL_10312,10.0,2025-08-14
DON_54973,VOL_10312,50.0,2025-08-31
DON_54974,VOL_10312,25.0,2025-12-04
DON_54975,VOL_10312,100.0,2025-12-14
DON_54976,VOL_10312,10.0,2026-01-18
DON_54977,VOL_10312,10.0,2026-01-25
DON_54978,VOL_10312,100.0,2026-02-26
DON_54979,VOL_10312,100.0,2026-04-12
DON_54980,VOL_10313,100.0,2025-02-20
DON_54981,VOL_10313,25.0,2025-02-27
DON_54982,VOL_10313,100.0,2025-03-06
DON_54983,VOL_10313,25.0,2025-03-23
DON_54984,VOL_10313,25.0,2025-04-06
DON_54985,VOL_10313,10.0,2025-04-10
DON_54986,VOL_10313,10.0,2025-04-20
DON_54987,VOL_10313,25.0,2025-04-24
DON_54988,VOL_10313,25.0,2025-06-01
DON_54989,VOL_10313,25.0,2025-06-12
DON_54990,VOL_10313,10.0,2025-06-19
DON_54991,VOL_10313,25.0,2025-07-06
DON_54992,VOL_10313,10.0,2025-07-17
DON_54993,VOL_10313,25.0,2025-07-20
DON_54994,VOL_10313,25.0,2025-07-20
DON_54995,VOL_10313,10.0,2025-07-24
DON_54996,VOL_10313,10.0,2025-07-24
DON_54997,VOL_10313,50.0,2025-07-24
DON_54998,VOL_10313,10.0,2025-08-28
DON_54999,VOL_10313,10.0,2025-08-31
DON_55000,VOL_10313,25.0,2025-09-04
DON_55001,VOL_10313,10.0,2025-09-14
DON_55002,VOL_10313,25.0,2025-10-12
DON_55003,VOL_10313,10.0,2025-10-19
DON_55004,VOL_10313,25.0,2025-11-13
DON_55005,VOL_10313,100.0,2025-11-16
DON_55006,VOL_10313,10.0,2025-12-11
DON_55007,VOL_10313,10.0,2025-12-25
DON_55008,VOL_10313,25.0,2025-12-25
DON_55009,VOL_10313,50.0,2026-01-08
DON_55010,VOL_10313,25.0,2026-03-08
DON_55011,VOL_10313,50.0,2026-03-12
DON_55012,VOL_10313,50.0,2026-04-02
DON_55013,VOL_10313,25.0,2026-04-05
DON_55014,VOL_10314,10.0,2025-12-14
DON_55015,VOL_10314,10.0,2025-12-28
DON_55016,VOL_10314,50.0,2026-01-04
DON_55017,VOL_10314,25.0,2026-01-25
DON_55018,VOL_10314,50.0,2026-02-05
DON_55019,VOL_10314,10.0,2026-02-12
DON_55020,VOL_10314,50.0,2026-02-22
DON_55021,VOL_10314,10.0,2026-03-01
DON_55022,VOL_10314,25.0,2026-03-05
DON_55023,VOL_10314,25.0,2026-04-12
DON_55024,VOL_10314,10.0,2026-04-16
DON_55025,VOL_10314,10.0,2026-04-23
DON_55026,VOL_10315,50.0,2026-01-22
DON_55027,VOL_10315,10.0,2026-02-01
DON_55028,VOL_10315,10.0,2026-03-05
DON_55029,VOL_10315,10.0,2026-03-08
DON_55030,VOL_10315,10.0,2026-03-15
DON_55031,VOL_10315,10.0,2026-03-19
DON_55032,VOL_10315,100.0,2026-04-09
DON_55033,VOL_10315,25.0,2026-04-19
DON_55034,VOL_10315,25.0,2026-04-23
DON_55035,VOL_10315,10.0,2026-04-26
DON_55036,VOL_10316,10.0,2025-07-17
DON_55037,VOL_10316,25.0,2025-07-24
DON_55038,VOL_10316,10.0,2025-11-09
DON_55039,VOL_10316,25.0,2025-11-20
DON_55040,VOL_10316,10.0,2025-11-20
DON_55041,VOL_10316,25.0,2026-01-08
DON_55042,VOL_10316,10.0,2026-01-22
DON_55043,VOL_10316,25.0,2026-02-08
DON_55044,VOL_10316,25.0,2026-03-05
DON_55045,VOL_10317,10.0,2025-09-28
DON_55046,VOL_10318,25.0,2025-03-13
DON_55047,VOL_10318,10.0,2025-04-03
DON_55048,VOL_10319,10.0,2026-03-01
DON_55049,VOL_10319,10.0,2026-03-29
DON_55050,VOL_10319,25.0,2026-04-19
DON_55051,VOL_10319,25.0,2026-04-19
DON_55052,VOL_10319,50.0,2026-04-30
DON_55053,VOL_10320,50.0,2026-02-15
DON_55054,VOL_10320,50.0,2026-03-01
DON_55055,VOL_10320,50.0,2026-04-09
DON_55056,VOL_10321,100.0,2026-04-16
DON_55057,VOL_10323,100.0,2026-01-15
DON_55058,VOL_10323,10.0,2026-01-25
DON_55059,VOL_10323,10.0,2026-02-01
DON_55060,VOL_10323,10.0,2026-03-05
DON_55061,VOL_10323,100.0,2026-03-15
DON_55062,VOL_10323,25.0,2026-03-22
DON_55063,VOL_10323,25.0,2026-03-26
DON_55064,VOL_10323,10.0,2026-03-29
DON_55065,VOL_10323,10.0,2026-04-02
DON_55066,VOL_10323,10.0,2026-04-02
DON_55067,VOL_10323,10.0,2026-04-05
DON_55068,VOL_10323,50.0,2026-04-09
DON_55069,VOL_10323,10.0,2026-04-12
DON_55070,VOL_10323,10.0,2026-04-16
DON_55071,VOL_10323,10.0,2026-04-26
DON_55072,VOL_10323,25.0,2026-04-26
DON_55073,VOL_10323,50.0,2026-04-30
DON_55074,VOL_10325,50.0,2025-11-13
DON_55075,VOL_10325,100.0,2025-11-27
DON_55076,VOL_10325,25.0,2025-11-27
DON_55077,VOL_10325,50.0,2025-11-30
DON_55078,VOL_10325,25.0,2025-12-04
DON_55079,VOL_10325,10.0,2025-12-18
DON_55080,VOL_10325,25.0,2025-12-21
DON_55081,VOL_10325,50.0,2025-12-28
DON_55082,VOL_10325,25.0,2026-01-08
DON_55083,VOL_10325,25.0,2026-01-22
DON_55084,VOL_10325,10.0,2026-02-01
DON_55085,VOL_10325,10.0,2026-02-08
DON_55086,VOL_10325,10.0,2026-02-19
DON_55087,VOL_10325,25.0,2026-02-22
DON_55088,VOL_10325,50.0,2026-03-05
DON_55089,VOL_10325,25.0,2026-03-19
DON_55090,VOL_10325,25.0,2026-04-23
DON_55091,VOL_10325,10.0,2026-04-23
DON_55092,VOL_10325,10.0,2026-04-26
DON_55093,VOL_10326,10.0,2025-06-15
DON_55094,VOL_10326,50.0,2025-08-03
DON_55095,VOL_10326,25.0,2025-08-03
DON_55096,VOL_10326,10.0,2025-08-17
DON_55097,VOL_10326,50.0,2025-09-04
DON_55098,VOL_10326,10.0,2025-09-14
DON_55099,VOL_10326,10.0,2025-09-14
DON_55100,VOL_10326,10.0,2025-11-27
DON_55101,VOL_10326,50.0,2025-12-18
DON_55102,VOL_10326,25.0,2025-12-25
DON_55103,VOL_10326,25.0,2026-01-08
DON_55104,VOL_10326,10.0,2026-01-11
DON_55105,VOL_10326,50.0,2026-01-18
DON_55106,VOL_10326,25.0,2026-02-08
DON_55107,VOL_10326,10.0,2026-02-12
DON_55108,VOL_10326,25.0,2026-02-22
DON_55109,VOL_10326,25.0,2026-03-01
DON_55110,VOL_10326,10.0,2026-03-05
DON_55111,VOL_10326,50.0,2026-03-12
DON_55112,VOL_10326,10.0,2026-04-26
DON_55113,VOL_10327,10.0,2026-02-19
DON_55114,VOL_10327,25.0,2026-03-05
DON_55115,VOL_10327,25.0,2026-03-12
DON_55116,VOL_10327,10.0,2026-03-15
DON_55117,VOL_10327,10.0,2026-03-19
DON_55118,VOL_10327,10.0,2026-04-09
DON_55119,VOL_10327,10.0,2026-04-16
DON_55120,VOL_10327,25.0,2026-04-23
DON_55121,VOL_10329,50.0,2026-01-15
DON_55122,VOL_10330,25.0,2025-12-18
DON_55123,VOL_10330,10.0,2026-01-01
DON_55124,VOL_10330,100.0,2026-02-22
DON_55125,VOL_10330,10.0,2026-04-19
DON_55126,VOL_10331,10.0,2025-06-12
DON_55127,VOL_10331,100.0,2025-06-15
DON_55128,VOL_10331,10.0,2025-07-06
DON_55129,VOL_10331,25.0,2025-07-24
DON_55130,VOL_10331,10.0,2025-08-03
DON_55131,VOL_10331,25.0,2025-08-24
DON_55132,VOL_10331,25.0,2025-09-04
DON_55133,VOL_10331,25.0,2025-09-04
DON_55134,VOL_10331,10.0,2025-09-14
DON_55135,VOL_10331,10.0,2025-09-14
DON_55136,VOL_10331,25.0,2025-09-21
DON_55137,VOL_10331,25.0,2025-10-12
DON_55138,VOL_10331,25.0,2025-10-23
DON_55139,VOL_10331,10.0,2025-11-09
DON_55140,VOL_10331,25.0,2025-11-20
DON_55141,VOL_10331,50.0,2025-11-23
DON_55142,VOL_10331,10.0,2025-12-14
DON_55143,VOL_10331,10.0,2026-01-15
DON_55144,VOL_10331,25.0,2026-01-22
DON_55145,VOL_10331,25.0,2026-01-29
DON_55146,VOL_10331,100.0,2026-01-29
DON_55147,VOL_10331,100.0,2026-02-05
DON_55148,VOL_10331,25.0,2026-02-05
DON_55149,VOL_10331,25.0,2026-02-22
DON_55150,VOL_10331,10.0,2026-04-09
DON_55151,VOL_10331,10.0,2026-04-30
DON_55152,VOL_10332,10.0,2025-12-14
DON_55153,VOL_10332,100.0,2025-12-21
DON_55154,VOL_10332,25.0,2026-01-15
DON_55155,VOL_10332,100.0,2026-02-22
DON_55156,VOL_10332,25.0,2026-03-12
DON_55157,VOL_10332,10.0,2026-03-15
DON_55158,VOL_10332,25.0,2026-03-19
DON_55159,VOL_10332,100.0,2026-03-29
DON_55160,VOL_10333,10.0,2025-02-23
DON_55161,VOL_10333,100.0,2025-04-13
DON_55162,VOL_10333,25.0,2025-04-17
DON_55163,VOL_10333,10.0,2025-06-05
DON_55164,VOL_10333,50.0,2025-06-22
DON_55165,VOL_10333,10.0,2025-06-29
DON_55166,VOL_10333,10.0,2025-07-27
DON_55167,VOL_10333,10.0,2025-07-27
DON_55168,VOL_10333,10.0,2025-08-17
DON_55169,VOL_10333,50.0,2025-08-21
DON_55170,VOL_10333,10.0,2025-08-24
DON_55171,VOL_10333,100.0,2025-11-06
DON_55172,VOL_10333,25.0,2025-11-09
DON_55173,VOL_10333,100.0,2025-11-16
DON_55174,VOL_10333,25.0,2025-11-23
DON_55175,VOL_10333,25.0,2025-11-27
DON_55176,VOL_10333,25.0,2025-12-04
DON_55177,VOL_10333,10.0,2025-12-21
DON_55178,VOL_10333,10.0,2025-12-25
DON_55179,VOL_10333,10.0,2026-01-15
DON_55180,VOL_10333,25.0,2026-01-18
DON_55181,VOL_10333,10.0,2026-01-22
DON_55182,VOL_10333,10.0,2026-01-29
DON_55183,VOL_10333,50.0,2026-03-12
DON_55184,VOL_10333,50.0,2026-04-23
DON_55185,VOL_10333,50.0,2026-04-23
DON_55186,VOL_10333,50.0,2026-04-26
DON_55187,VOL_10334,10.0,2026-01-15
DON_55188,VOL_10334,50.0,2026-01-15
DON_55189,VOL_10334,10.0,2026-01-18
DON_55190,VOL_10334,50.0,2026-01-25
DON_55191,VOL_10334,10.0,2026-02-12
DON_55192,VOL_10334,100.0,2026-02-26
DON_55193,VOL_10334,10.0,2026-03-08
DON_55194,VOL_10334,50.0,2026-03-29
DON_55195,VOL_10334,10.0,2026-03-29
DON_55196,VOL_10334,100.0,2026-04-02
DON_55197,VOL_10334,10.0,2026-04-16
DON_55198,VOL_10334,25.0,2026-04-19
DON_55199,VOL_10335,25.0,2026-01-01
DON_55200,VOL_10335,10.0,2026-01-08
DON_55201,VOL_10335,100.0,2026-02-05
DON_55202,VOL_10335,10.0,2026-02-19
DON_55203,VOL_10335,10.0,2026-03-05
DON_55204,VOL_10335,50.0,2026-03-05
DON_55205,VOL_10335,10.0,2026-03-08
DON_55206,VOL_10335,50.0,2026-03-12
DON_55207,VOL_10335,10.0,2026-03-12
DON_55208,VOL_10335,25.0,2026-03-29
DON_55209,VOL_10335,50.0,2026-04-23
DON_55210,VOL_10336,10.0,2025-04-13
DON_55211,VOL_10336,10.0,2025-04-17
DON_55212,VOL_10336,10.0,2025-04-17
DON_55213,VOL_10336,100.0,2025-04-24
DON_55214,VOL_10336,10.0,2025-06-01
DON_55215,VOL_10336,10.0,2025-06-29
DON_55216,VOL_10336,10.0,2025-06-29
DON_55217,VOL_10336,25.0,2025-07-17
DON_55218,VOL_10336,50.0,2025-08-07
DON_55219,VOL_10336,50.0,2025-08-07
DON_55220,VOL_10336,10.0,2025-08-07
DON_55221,VOL_10336,50.0,2025-08-24
DON_55222,VOL_10336,25.0,2025-08-24
DON_55223,VOL_10336,25.0,2025-08-24
DON_55224,VOL_10336,10.0,2025-09-11
DON_55225,VOL_10336,10.0,2025-09-25
DON_55226,VOL_10336,25.0,2025-09-28
DON_55227,VOL_10336,10.0,2025-10-05
DON_55228,VOL_10336,10.0,2025-11-09
DON_55229,VOL_10336,25.0,2025-11-30
DON_55230,VOL_10336,50.0,2025-12-07
DON_55231,VOL_10336,10.0,2025-12-11
DON_55232,VOL_10336,10.0,2026-01-22
DON_55233,VOL_10336,50.0,2026-01-25
DON_55234,VOL_10336,50.0,2026-01-29
DON_55235,VOL_10336,25.0,2026-02-08
DON_55236,VOL_10336,50.0,2026-02-26
DON_55237,VOL_10336,25.0,2026-03-15
DON_55238,VOL_10336,25.0,2026-04-12
DON_55239,VOL_10336,25.0,2026-04-30
DON_55240,VOL_10337,10.0,2025-12-18
DON_55241,VOL_10337,25.0,2025-12-18
DON_55242,VOL_10337,10.0,2025-12-21
DON_55243,VOL_10337,25.0,2025-12-25
DON_55244,VOL_10337,100.0,2026-01-04
DON_55245,VOL_10338,10.0,2025-07-27
DON_55246,VOL_10338,10.0,2025-08-14
DON_55247,VOL_10338,25.0,2025-09-14
DON_55248,VOL_10338,10.0,2025-10-16
DON_55249,VOL_10338,10.0,2025-10-23
DON_55250,VOL_10338,25.0,2025-12-04
DON_55251,VOL_10338,10.0,2026-01-04
DON_55252,VOL_10338,25.0,2026-01-08
DON_55253,VOL_10338,50.0,2026-01-22
DON_55254,VOL_10338,25.0,2026-01-25
DON_55255,VOL_10338,25.0,2026-01-29
DON_55256,VOL_10338,25.0,2026-02-01
DON_55257,VOL_10338,25.0,2026-02-01
DON_55258,VOL_10338,10.0,2026-02-12
DON_55259,VOL_10338,50.0,2026-02-15
DON_55260,VOL_10338,25.0,2026-02-15
DON_55261,VOL_10338,25.0,2026-03-01
DON_55262,VOL_10338,10.0,2026-03-29
DON_55263,VOL_10338,50.0,2026-04-09
DON_55264,VOL_10338,50.0,2026-04-26
DON_55265,VOL_10340,25.0,2025-12-18
DON_55266,VOL_10340,10.0,2026-01-15
DON_55267,VOL_10340,25.0,2026-02-01
DON_55268,VOL_10340,50.0,2026-02-08
DON_55269,VOL_10340,25.0,2026-02-15
DON_55270,VOL_10340,100.0,2026-02-26
DON_55271,VOL_10340,10.0,2026-03-12
DON_55272,VOL_10340,25.0,2026-03-19
DON_55273,VOL_10340,50.0,2026-04-02
DON_55274,VOL_10340,10.0,2026-04-16
DON_55275,VOL_10341,25.0,2025-04-10
DON_55276,VOL_10341,10.0,2025-04-10
DON_55277,VOL_10341,10.0,2025-04-24
DON_55278,VOL_10341,10.0,2025-05-04
DON_55279,VOL_10341,10.0,2025-06-05
DON_55280,VOL_10341,100.0,2025-06-19
DON_55281,VOL_10341,10.0,2025-06-19
DON_55282,VOL_10341,10.0,2025-06-26
DON_55283,VOL_10341,10.0,2025-07-06
DON_55284,VOL_10341,50.0,2025-07-13
DON_55285,VOL_10341,10.0,2025-07-17
DON_55286,VOL_10341,25.0,2025-08-14
DON_55287,VOL_10341,10.0,2025-08-17
DON_55288,VOL_10341,10.0,2025-09-14
DON_55289,VOL_10341,50.0,2025-09-28
DON_55290,VOL_10341,10.0,2025-10-12
DON_55291,VOL_10341,25.0,2025-10-30
DON_55292,VOL_10341,10.0,2025-11-13
DON_55293,VOL_10341,50.0,2025-11-13
DON_55294,VOL_10341,25.0,2025-11-16
DON_55295,VOL_10341,10.0,2025-11-16
DON_55296,VOL_10341,50.0,2025-12-04
DON_55297,VOL_10341,100.0,2025-12-11
DON_55298,VOL_10341,10.0,2025-12-25
DON_55299,VOL_10341,25.0,2026-02-05
DON_55300,VOL_10341,10.0,2026-02-08
DON_55301,VOL_10341,10.0,2026-02-15
DON_55302,VOL_10341,25.0,2026-03-08
DON_55303,VOL_10341,10.0,2026-03-15
DON_55304,VOL_10341,10.0,2026-03-19
DON_55305,VOL_10341,10.0,2026-03-29
DON_55306,VOL_10341,25.0,2026-04-02
DON_55307,VOL_10341,50.0,2026-04-26
DON_55308,VOL_10341,25.0,2026-04-26
DON_55309,VOL_10342,25.0,2025-02-02
DON_55310,VOL_10342,10.0,2025-02-20
DON_55311,VOL_10342,50.0,2025-02-20
DON_55312,VOL_10344,10.0,2025-05-25
DON_55313,VOL_10344,50.0,2025-06-15
DON_55314,VOL_10344,50.0,2025-06-19
DON_55315,VOL_10344,100.0,2025-07-17
DON_55316,VOL_10344,10.0,2025-07-17
DON_55317,VOL_10344,10.0,2025-07-17
DON_55318,VOL_10344,25.0,2025-07-27
DON_55319,VOL_10344,10.0,2025-07-31
DON_55320,VOL_10344,50.0,2025-08-10
DON_55321,VOL_10344,25.0,2025-08-17
DON_55322,VOL_10344,25.0,2025-09-14
DON_55323,VOL_10344,50.0,2025-09-21
DON_55324,VOL_10344,25.0,2025-09-28
DON_55325,VOL_10344,50.0,2025-10-16
DON_55326,VOL_10344,10.0,2025-10-19
DON_55327,VOL_10344,25.0,2025-10-23
DON_55328,VOL_10344,25.0,2025-10-23
DON_55329,VOL_10344,10.0,2025-11-02
DON_55330,VOL_10344,10.0,2025-11-23
DON_55331,VOL_10344,50.0,2025-12-04
DON_55332,VOL_10344,50.0,2025-12-07
DON_55333,VOL_10344,50.0,2025-12-11
DON_55334,VOL_10344,10.0,2025-12-18
DON_55335,VOL_10344,10.0,2025-12-21
DON_55336,VOL_10344,25.0,2025-12-25
DON_55337,VOL_10344,25.0,2026-01-04
DON_55338,VOL_10344,50.0,2026-01-22
DON_55339,VOL_10344,10.0,2026-01-29
DON_55340,VOL_10344,10.0,2026-02-26
DON_55341,VOL_10344,10.0,2026-03-01
DON_55342,VOL_10344,10.0,2026-03-19
DON_55343,VOL_10344,50.0,2026-04-26
DON_55344,VOL_10345,100.0,2026-01-04
DON_55345,VOL_10345,100.0,2026-01-08
DON_55346,VOL_10345,10.0,2026-01-18
DON_55347,VOL_10345,50.0,2026-03-15
DON_55348,VOL_10345,50.0,2026-03-26
DON_55349,VOL_10345,50.0,2026-04-05
DON_55350,VOL_10346,50.0,2026-03-05
DON_55351,VOL_10346,50.0,2026-04-12
DON_55352,VOL_10346,50.0,2026-04-12
DON_55353,VOL_10346,100.0,2026-04-16
DON_55354,VOL_10347,100.0,2025-05-08
DON_55355,VOL_10347,10.0,2025-06-01
DON_55356,VOL_10347,25.0,2025-06-01
DON_55357,VOL_10347,25.0,2025-06-26
DON_55358,VOL_10347,50.0,2025-07-03
DON_55359,VOL_10347,25.0,2025-07-13
DON_55360,VOL_10347,10.0,2025-07-17
DON_55361,VOL_10347,10.0,2025-07-17
DON_55362,VOL_10347,50.0,2025-08-28
DON_55363,VOL_10347,10.0,2025-09-21
DON_55364,VOL_10347,100.0,2025-09-25
DON_55365,VOL_10347,10.0,2025-10-16
DON_55366,VOL_10347,25.0,2025-10-19
DON_55367,VOL_10347,25.0,2025-10-26
DON_55368,VOL_10347,25.0,2025-11-02
DON_55369,VOL_10347,25.0,2025-11-02
DON_55370,VOL_10347,50.0,2025-11-06
DON_55371,VOL_10347,10.0,2025-11-09
DON_55372,VOL_10347,10.0,2025-11-20
DON_55373,VOL_10347,25.0,2025-11-23
DON_55374,VOL_10347,25.0,2025-11-30
DON_55375,VOL_10347,10.0,2025-11-30
DON_55376,VOL_10347,10.0,2025-12-07
DON_55377,VOL_10347,10.0,2025-12-11
DON_55378,VOL_10347,50.0,2025-12-18
DON_55379,VOL_10347,25.0,2025-12-18
DON_55380,VOL_10347,50.0,2026-01-22
DON_55381,VOL_10347,10.0,2026-03-05
DON_55382,VOL_10347,10.0,2026-04-05
DON_55383,VOL_10347,10.0,2026-04-23
DON_55384,VOL_10347,50.0,2026-04-30
DON_55385,VOL_10348,100.0,2025-10-23
DON_55386,VOL_10348,25.0,2025-10-30
DON_55387,VOL_10348,10.0,2025-11-09
DON_55388,VOL_10348,10.0,2025-11-27
DON_55389,VOL_10348,10.0,2025-12-07
DON_55390,VOL_10348,10.0,2025-12-14
DON_55391,VOL_10348,10.0,2025-12-18
DON_55392,VOL_10348,50.0,2025-12-25
DON_55393,VOL_10348,100.0,2026-01-08
DON_55394,VOL_10348,10.0,2026-02-08
DON_55395,VOL_10348,10.0,2026-02-19
DON_55396,VOL_10348,10.0,2026-02-26
DON_55397,VOL_10348,50.0,2026-03-05
DON_55398,VOL_10348,25.0,2026-03-08
DON_55399,VOL_10348,25.0,2026-03-12
DON_55400,VOL_10348,10.0,2026-03-12
DON_55401,VOL_10348,25.0,2026-04-23
DON_55402,VOL_10348,25.0,2026-04-26
DON_55403,VOL_10350,10.0,2026-04-12
DON_55404,VOL_10350,100.0,2026-04-16
DON_55405,VOL_10351,10.0,2025-08-17
DON_55406,VOL_10351,10.0,2025-09-28
DON_55407,VOL_10351,50.0,2025-09-28
DON_55408,VOL_10351,100.0,2025-11-09
DON_55409,VOL_10351,10.0,2025-11-27
DON_55410,VOL_10351,10.0,2026-01-11
DON_55411,VOL_10351,25.0,2026-01-15
DON_55412,VOL_10351,25.0,2026-02-05
DON_55413,VOL_10351,10.0,2026-02-08
DON_55414,VOL_10351,10.0,2026-02-12
DON_55415,VOL_10351,10.0,2026-03-05
DON_55416,VOL_10351,25.0,2026-03-15
DON_55417,VOL_10351,25.0,2026-03-29
DON_55418,VOL_10351,25.0,2026-04-09
DON_55419,VOL_10351,25.0,2026-04-26
DON_55420,VOL_10352,100.0,2026-03-05
DON_55421,VOL_10352,10.0,2026-03-08
DON_55422,VOL_10352,25.0,2026-03-12
DON_55423,VOL_10352,25.0,2026-03-15
DON_55424,VOL_10352,25.0,2026-03-19
DON_55425,VOL_10352,10.0,2026-03-26
DON_55426,VOL_10352,10.0,2026-04-05
DON_55427,VOL_10352,25.0,2026-04-09
DON_55428,VOL_10352,50.0,2026-04-26
DON_55429,VOL_10353,25.0,2025-03-20
DON_55430,VOL_10353,50.0,2025-03-20
DON_55431,VOL_10353,10.0,2025-03-23
DON_55432,VOL_10353,25.0,2025-03-27
DON_55433,VOL_10353,50.0,2025-04-06
DON_55434,VOL_10353,25.0,2025-04-13
DON_55435,VOL_10353,50.0,2025-04-24
DON_55436,VOL_10353,100.0,2025-05-18
DON_55437,VOL_10353,25.0,2025-05-25
DON_55438,VOL_10353,50.0,2025-06-19
DON_55439,VOL_10353,25.0,2025-06-22
DON_55440,VOL_10353,10.0,2025-06-22
DON_55441,VOL_10353,50.0,2025-06-26
DON_55442,VOL_10353,10.0,2025-07-20
DON_55443,VOL_10353,50.0,2025-08-03
DON_55444,VOL_10353,100.0,2025-08-24
DON_55445,VOL_10353,25.0,2025-08-24
DON_55446,VOL_10353,25.0,2025-10-02
DON_55447,VOL_10353,10.0,2025-10-02
DON_55448,VOL_10353,10.0,2025-10-12
DON_55449,VOL_10353,50.0,2025-10-26
DON_55450,VOL_10353,25.0,2025-10-26
DON_55451,VOL_10353,10.0,2025-11-27
DON_55452,VOL_10353,25.0,2025-11-27
DON_55453,VOL_10353,10.0,2025-12-11
DON_55454,VOL_10353,25.0,2025-12-21
DON_55455,VOL_10353,10.0,2026-01-04
DON_55456,VOL_10353,100.0,2026-01-11
DON_55457,VOL_10353,10.0,2026-01-22
DON_55458,VOL_10353,10.0,2026-02-05
DON_55459,VOL_10353,25.0,2026-02-05
DON_55460,VOL_10353,10.0,2026-02-08
DON_55461,VOL_10353,25.0,2026-02-19
DON_55462,VOL_10353,100.0,2026-02-26
DON_55463,VOL_10353,10.0,2026-02-26
DON_55464,VOL_10353,10.0,2026-03-05
DON_55465,VOL_10353,50.0,2026-03-26
DON_55466,VOL_10353,25.0,2026-04-12
DON_55467,VOL_10353,10.0,2026-04-16
DON_55468,VOL_10353,50.0,2026-04-19
DON_55469,VOL_10353,25.0,2026-04-23
DON_55470,VOL_10354,10.0,2026-03-01
DON_55471,VOL_10354,25.0,2026-03-01
DON_55472,VOL_10354,100.0,2026-03-12
DON_55473,VOL_10354,50.0,2026-04-16
DON_55474,VOL_10354,10.0,2026-04-19
DON_55475,VOL_10355,100.0,2025-03-23
DON_55476,VOL_10355,10.0,2025-03-27
DON_55477,VOL_10355,10.0,2025-03-30
DON_55478,VOL_10355,25.0,2025-04-06
DON_55479,VOL_10355,50.0,2025-04-06
DON_55480,VOL_10355,25.0,2025-04-17
DON_55481,VOL_10355,10.0,2025-04-17
DON_55482,VOL_10355,25.0,2025-04-20
DON_55483,VOL_10355,10.0,2025-04-24
DON_55484,VOL_10355,25.0,2025-04-27
DON_55485,VOL_10355,50.0,2025-05-01
DON_55486,VOL_10355,10.0,2025-05-08
DON_55487,VOL_10355,25.0,2025-05-29
DON_55488,VOL_10355,100.0,2025-06-01
DON_55489,VOL_10355,25.0,2025-06-05
DON_55490,VOL_10355,10.0,2025-06-22
DON_55491,VOL_10355,10.0,2025-06-26
DON_55492,VOL_10355,10.0,2025-07-24
DON_55493,VOL_10355,25.0,2025-08-10
DON_55494,VOL_10355,25.0,2025-08-17
DON_55495,VOL_10355,10.0,2025-08-21
DON_55496,VOL_10355,25.0,2025-09-14
DON_55497,VOL_10355,10.0,2025-09-18
DON_55498,VOL_10355,10.0,2025-09-21
DON_55499,VOL_10355,10.0,2025-09-25
DON_55500,VOL_10355,10.0,2025-09-28
DON_55501,VOL_10355,10.0,2025-10-02
DON_55502,VOL_10355,25.0,2025-10-26
DON_55503,VOL_10355,10.0,2025-11-13
DON_55504,VOL_10355,100.0,2025-11-13
DON_55505,VOL_10355,25.0,2025-12-14
DON_55506,VOL_10355,50.0,2025-12-21
DON_55507,VOL_10355,25.0,2026-01-15
DON_55508,VOL_10355,25.0,2026-01-15
DON_55509,VOL_10355,25.0,2026-01-18
DON_55510,VOL_10355,25.0,2026-01-22
DON_55511,VOL_10355,50.0,2026-03-05
DON_55512,VOL_10355,10.0,2026-03-08
DON_55513,VOL_10355,10.0,2026-03-08
DON_55514,VOL_10355,10.0,2026-03-12
DON_55515,VOL_10355,25.0,2026-03-19
DON_55516,VOL_10355,100.0,2026-03-19
DON_55517,VOL_10355,10.0,2026-04-12
DON_55518,VOL_10355,10.0,2026-04-16
DON_55519,VOL_10356,10.0,2026-03-05
DON_55520,VOL_10356,25.0,2026-03-05
DON_55521,VOL_10356,25.0,2026-03-05
DON_55522,VOL_10356,25.0,2026-03-08
DON_55523,VOL_10356,50.0,2026-03-08
DON_55524,VOL_10356,10.0,2026-04-12
DON_55525,VOL_10356,100.0,2026-04-23
DON_55526,VOL_10356,50.0,2026-04-26
DON_55527,VOL_10357,25.0,2025-05-01
DON_55528,VOL_10357,50.0,2025-05-08
DON_55529,VOL_10357,50.0,2025-06-08
DON_55530,VOL_10357,10.0,2025-06-22
DON_55531,VOL_10357,100.0,2025-06-22
DON_55532,VOL_10357,50.0,2025-06-26
DON_55533,VOL_10357,25.0,2025-07-10
DON_55534,VOL_10357,25.0,2025-07-24
DON_55535,VOL_10357,10.0,2025-08-03
DON_55536,VOL_10357,25.0,2025-08-03
DON_55537,VOL_10357,10.0,2025-08-10
DON_55538,VOL_10357,50.0,2025-08-14
DON_55539,VOL_10357,10.0,2025-08-31
DON_55540,VOL_10357,100.0,2025-09-14
DON_55541,VOL_10357,50.0,2025-10-19
DON_55542,VOL_10357,25.0,2025-10-26
DON_55543,VOL_10357,25.0,2025-11-30
DON_55544,VOL_10357,25.0,2025-11-30
DON_55545,VOL_10357,10.0,2025-12-04
DON_55546,VOL_10357,25.0,2025-12-25
DON_55547,VOL_10357,50.0,2026-01-04
DON_55548,VOL_10357,25.0,2026-01-08
DON_55549,VOL_10357,10.0,2026-01-11
DON_55550,VOL_10357,10.0,2026-01-15
DON_55551,VOL_10357,10.0,2026-01-22
DON_55552,VOL_10357,25.0,2026-01-25
DON_55553,VOL_10357,100.0,2026-02-01
DON_55554,VOL_10357,25.0,2026-02-08
DON_55555,VOL_10357,10.0,2026-02-08
DON_55556,VOL_10357,25.0,2026-02-19
DON_55557,VOL_10357,50.0,2026-02-26
DON_55558,VOL_10357,10.0,2026-03-05
DON_55559,VOL_10357,25.0,2026-03-12
DON_55560,VOL_10357,25.0,2026-03-19
DON_55561,VOL_10357,25.0,2026-04-02
DON_55562,VOL_10357,25.0,2026-04-05
DON_55563,VOL_10357,10.0,2026-04-09
DON_55564,VOL_10357,50.0,2026-04-12
DON_55565,VOL_10357,50.0,2026-04-26
DON_55566,VOL_10357,10.0,2026-04-26
DON_55567,VOL_10357,25.0,2026-04-30
DON_55568,VOL_10358,10.0,2025-03-09
DON_55569,VOL_10358,10.0,2025-04-03
DON_55570,VOL_10358,100.0,2025-04-03
DON_55571,VOL_10358,50.0,2025-05-01
DON_55572,VOL_10358,50.0,2025-05-08
DON_55573,VOL_10358,10.0,2025-06-05
DON_55574,VOL_10358,50.0,2025-06-08
DON_55575,VOL_10358,10.0,2025-06-22
DON_55576,VOL_10358,10.0,2025-07-17
DON_55577,VOL_10358,25.0,2025-07-20
DON_55578,VOL_10358,25.0,2025-07-20
DON_55579,VOL_10358,10.0,2025-08-17
DON_55580,VOL_10358,50.0,2025-08-17
DON_55581,VOL_10358,25.0,2025-08-28
DON_55582,VOL_10358,25.0,2025-09-21
DON_55583,VOL_10358,25.0,2025-12-04
DON_55584,VOL_10358,100.0,2025-12-07
DON_55585,VOL_10358,10.0,2026-01-15
DON_55586,VOL_10358,25.0,2026-03-05
DON_55587,VOL_10358,25.0,2026-03-29
DON_55588,VOL_10359,25.0,2025-08-03
DON_55589,VOL_10359,50.0,2025-08-07
DON_55590,VOL_10359,10.0,2025-08-10
DON_55591,VOL_10359,10.0,2025-08-14
DON_55592,VOL_10359,50.0,2025-08-24
DON_55593,VOL_10359,10.0,2025-09-14
DON_55594,VOL_10359,25.0,2025-10-19
DON_55595,VOL_10359,25.0,2025-10-26
DON_55596,VOL_10359,10.0,2025-11-02
DON_55597,VOL_10359,10.0,2025-11-06
DON_55598,VOL_10359,10.0,2025-11-30
DON_55599,VOL_10359,10.0,2025-12-07
DON_55600,VOL_10359,50.0,2025-12-25
DON_55601,VOL_10359,50.0,2026-01-18
DON_55602,VOL_10359,25.0,2026-02-15
DON_55603,VOL_10359,10.0,2026-02-19
DON_55604,VOL_10359,10.0,2026-02-22
DON_55605,VOL_10359,10.0,2026-03-12
DON_55606,VOL_10359,10.0,2026-03-29
DON_55607,VOL_10359,50.0,2026-04-16
DON_55608,VOL_10359,25.0,2026-04-26
DON_55609,VOL_10360,10.0,2025-11-23
DON_55610,VOL_10360,100.0,2025-11-30
DON_55611,VOL_10360,25.0,2025-12-07
DON_55612,VOL_10360,50.0,2025-12-18
DON_55613,VOL_10360,100.0,2025-12-21
DON_55614,VOL_10360,10.0,2026-01-08
DON_55615,VOL_10360,10.0,2026-01-15
DON_55616,VOL_10360,100.0,2026-01-29
DON_55617,VOL_10360,10.0,2026-02-05
DON_55618,VOL_10360,25.0,2026-02-19
DON_55619,VOL_10360,100.0,2026-02-19
DON_55620,VOL_10360,10.0,2026-02-26
DON_55621,VOL_10360,25.0,2026-03-08
DON_55622,VOL_10360,10.0,2026-03-12
DON_55623,VOL_10360,25.0,2026-03-29
DON_55624,VOL_10360,50.0,2026-04-26
DON_55625,VOL_10360,50.0,2026-04-26
DON_55626,VOL_10360,25.0,2026-04-30
DON_55627,VOL_10361,25.0,2025-05-25
DON_55628,VOL_10361,50.0,2025-05-29
DON_55629,VOL_10361,100.0,2025-06-08
DON_55630,VOL_10361,50.0,2025-06-15
DON_55631,VOL_10361,10.0,2025-06-26
DON_55632,VOL_10361,10.0,2025-07-17
DON_55633,VOL_10361,10.0,2025-08-17
DON_55634,VOL_10361,50.0,2025-09-14
DON_55635,VOL_10361,10.0,2025-09-14
DON_55636,VOL_10361,50.0,2025-09-21
DON_55637,VOL_10361,10.0,2025-09-28
DON_55638,VOL_10361,25.0,2025-10-16
DON_55639,VOL_10361,10.0,2025-10-16
DON_55640,VOL_10361,10.0,2025-11-09
DON_55641,VOL_10361,50.0,2025-11-13
DON_55642,VOL_10361,10.0,2025-11-23
DON_55643,VOL_10361,25.0,2025-12-18
DON_55644,VOL_10361,50.0,2026-01-08
DON_55645,VOL_10361,50.0,2026-02-08
DON_55646,VOL_10361,10.0,2026-02-12
DON_55647,VOL_10361,50.0,2026-02-26
DON_55648,VOL_10361,10.0,2026-03-12
DON_55649,VOL_10361,50.0,2026-03-15
DON_55650,VOL_10361,25.0,2026-04-26
DON_55651,VOL_10362,50.0,2025-09-28
DON_55652,VOL_10362,25.0,2025-10-16
DON_55653,VOL_10363,25.0,2025-08-14
DON_55654,VOL_10363,10.0,2025-08-14
DON_55655,VOL_10363,10.0,2025-08-17
DON_55656,VOL_10363,10.0,2025-08-24
DON_55657,VOL_10365,10.0,2025-09-11
DON_55658,VOL_10365,10.0,2025-10-26
DON_55659,VOL_10365,50.0,2025-11-09
DON_55660,VOL_10365,10.0,2026-01-22
DON_55661,VOL_10365,25.0,2026-02-01
DON_55662,VOL_10366,50.0,2025-05-25
DON_55663,VOL_10366,25.0,2025-06-01
DON_55664,VOL_10366,50.0,2025-06-08
DON_55665,VOL_10366,10.0,2025-06-22
DON_55666,VOL_10366,50.0,2025-07-06
DON_55667,VOL_10366,10.0,2025-07-10
DON_55668,VOL_10366,10.0,2025-07-13
DON_55669,VOL_10366,50.0,2025-07-24
DON_55670,VOL_10366,25.0,2025-07-31
DON_55671,VOL_10366,25.0,2025-08-24
DON_55672,VOL_10366,10.0,2025-08-24
DON_55673,VOL_10366,50.0,2025-08-31
DON_55674,VOL_10366,50.0,2025-09-18
DON_55675,VOL_10366,10.0,2025-09-25
DON_55676,VOL_10366,25.0,2025-10-23
DON_55677,VOL_10366,25.0,2025-11-09
DON_55678,VOL_10366,10.0,2025-11-09
DON_55679,VOL_10366,50.0,2025-11-27
DON_55680,VOL_10366,100.0,2025-11-30
DON_55681,VOL_10366,10.0,2026-01-08
DON_55682,VOL_10366,50.0,2026-01-29
DON_55683,VOL_10366,10.0,2026-02-22
DON_55684,VOL_10366,50.0,2026-02-26
DON_55685,VOL_10367,100.0,2025-10-30
DON_55686,VOL_10367,25.0,2025-11-13
DON_55687,VOL_10367,50.0,2025-11-20
DON_55688,VOL_10367,10.0,2025-12-04
DON_55689,VOL_10367,10.0,2026-01-15
DON_55690,VOL_10367,25.0,2026-02-22
DON_55691,VOL_10367,100.0,2026-02-26
DON_55692,VOL_10367,10.0,2026-03-15
DON_55693,VOL_10367,10.0,2026-03-19
DON_55694,VOL_10368,50.0,2025-01-09
DON_55695,VOL_10368,100.0,2025-03-20
DON_55696,VOL_10368,100.0,2025-04-06
DON_55697,VOL_10368,25.0,2025-04-17
DON_55698,VOL_10368,50.0,2025-04-20
DON_55699,VOL_10368,25.0,2025-04-24
DON_55700,VOL_10368,25.0,2025-05-22
DON_55701,VOL_10368,25.0,2025-08-07
DON_55702,VOL_10368,25.0,2025-08-14
DON_55703,VOL_10368,100.0,2025-09-28
DON_55704,VOL_10368,25.0,2025-10-02
DON_55705,VOL_10368,50.0,2025-10-12
DON_55706,VOL_10368,100.0,2025-10-16
DON_55707,VOL_10368,10.0,2025-10-30
DON_55708,VOL_10368,25.0,2025-11-16
DON_55709,VOL_10368,25.0,2025-11-23
DON_55710,VOL_10368,10.0,2025-12-04
DON_55711,VOL_10368,100.0,2026-02-08
DON_55712,VOL_10368,10.0,2026-03-19
DON_55713,VOL_10368,50.0,2026-04-02
DON_55714,VOL_10368,10.0,2026-04-16
DON_55715,VOL_10369,10.0,2026-02-12
DON_55716,VOL_10369,10.0,2026-02-12
DON_55717,VOL_10370,10.0,2025-09-28
DON_55718,VOL_10370,25.0,2025-09-28
DON_55719,VOL_10370,50.0,2025-10-30
DON_55720,VOL_10370,25.0,2025-11-27
DON_55721,VOL_10370,10.0,2025-12-18
DON_55722,VOL_10370,10.0,2026-02-05
DON_55723,VOL_10370,10.0,2026-04-16
DON_55724,VOL_10370,25.0,2026-04-23
DON_55725,VOL_10371,10.0,2025-11-13
DON_55726,VOL_10371,50.0,2025-12-14
DON_55727,VOL_10371,10.0,2025-12-25
DON_55728,VOL_10371,10.0,2026-01-15
DON_55729,VOL_10371,10.0,2026-02-08
DON_55730,VOL_10371,10.0,2026-02-26
DON_55731,VOL_10371,10.0,2026-03-29
DON_55732,VOL_10372,50.0,2025-11-13
DON_55733,VOL_10372,10.0,2025-11-27
DON_55734,VOL_10372,10.0,2025-12-07
DON_55735,VOL_10372,10.0,2025-12-14
DON_55736,VOL_10372,10.0,2025-12-18
DON_55737,VOL_10372,10.0,2025-12-28
DON_55738,VOL_10372,50.0,2026-01-18
DON_55739,VOL_10372,10.0,2026-01-22
DON_55740,VOL_10372,10.0,2026-01-29
DON_55741,VOL_10372,50.0,2026-02-19
DON_55742,VOL_10372,25.0,2026-03-05
DON_55743,VOL_10372,100.0,2026-03-08
DON_55744,VOL_10372,10.0,2026-03-29
DON_55745,VOL_10372,10.0,2026-04-05
DON_55746,VOL_10372,50.0,2026-04-30
DON_55747,VOL_10373,50.0,2025-10-23
DON_55748,VOL_10373,25.0,2025-11-02
DON_55749,VOL_10373,25.0,2025-11-16
DON_55750,VOL_10373,10.0,2025-11-20
DON_55751,VOL_10373,10.0,2025-11-23
DON_55752,VOL_10373,25.0,2025-11-30
DON_55753,VOL_10373,10.0,2025-12-04
DON_55754,VOL_10373,50.0,2026-01-04
DON_55755,VOL_10373,10.0,2026-01-08
DON_55756,VOL_10373,50.0,2026-02-05
DON_55757,VOL_10373,10.0,2026-02-12
DON_55758,VOL_10373,25.0,2026-03-29
DON_55759,VOL_10373,10.0,2026-04-02
DON_55760,VOL_10373,10.0,2026-04-16
DON_55761,VOL_10374,25.0,2025-06-15
DON_55762,VOL_10374,10.0,2025-06-26
DON_55763,VOL_10374,10.0,2025-06-29
DON_55764,VOL_10374,50.0,2025-07-10
DON_55765,VOL_10374,10.0,2025-07-13
DON_55766,VOL_10374,50.0,2025-07-17
DON_55767,VOL_10374,50.0,2025-07-17
DON_55768,VOL_10374,50.0,2025-07-20
DON_55769,VOL_10374,25.0,2025-07-20
DON_55770,VOL_10374,10.0,2025-07-27
DON_55771,VOL_10374,50.0,2025-07-31
DON_55772,VOL_10374,25.0,2025-08-03
DON_55773,VOL_10374,50.0,2025-08-07
DON_55774,VOL_10374,25.0,2025-08-17
DON_55775,VOL_10374,10.0,2025-09-04
DON_55776,VOL_10374,50.0,2025-09-14
DON_55777,VOL_10374,50.0,2025-09-28
DON_55778,VOL_10374,10.0,2025-10-16
DON_55779,VOL_10374,25.0,2025-10-23
DON_55780,VOL_10374,50.0,2025-10-26
DON_55781,VOL_10374,10.0,2025-11-02
DON_55782,VOL_10374,10.0,2025-11-27
DON_55783,VOL_10374,10.0,2025-11-30
DON_55784,VOL_10374,10.0,2025-12-11
DON_55785,VOL_10374,100.0,2026-01-15
DON_55786,VOL_10374,25.0,2026-01-25
DON_55787,VOL_10374,50.0,2026-03-15
DON_55788,VOL_10374,100.0,2026-03-26
DON_55789,VOL_10374,25.0,2026-04-02
DON_55790,VOL_10374,10.0,2026-04-09
DON_55791,VOL_10374,10.0,2026-04-19
DON_55792,VOL_10374,25.0,2026-04-26
DON_55793,VOL_10374,10.0,2026-04-26
DON_55794,VOL_10375,10.0,2025-02-06
DON_55795,VOL_10375,50.0,2025-03-23
DON_55796,VOL_10375,50.0,2025-04-03
DON_55797,VOL_10375,50.0,2025-04-13
DON_55798,VOL_10375,50.0,2025-05-04
DON_55799,VOL_10375,50.0,2025-05-18
DON_55800,VOL_10375,50.0,2025-05-25
DON_55801,VOL_10375,10.0,2025-06-12
DON_55802,VOL_10375,50.0,2025-06-15
DON_55803,VOL_10375,10.0,2025-06-19
DON_55804,VOL_10375,50.0,2025-07-20
DON_55805,VOL_10375,50.0,2025-08-07
DON_55806,VOL_10375,25.0,2025-08-10
DON_55807,VOL_10375,25.0,2025-08-24
DON_55808,VOL_10375,50.0,2025-09-04
DON_55809,VOL_10375,10.0,2025-09-11
DON_55810,VOL_10375,25.0,2025-09-11
DON_55811,VOL_10375,10.0,2025-09-14
DON_55812,VOL_10375,10.0,2025-10-02
DON_55813,VOL_10375,10.0,2025-10-16
DON_55814,VOL_10375,25.0,2025-11-06
DON_55815,VOL_10375,10.0,2025-11-16
DON_55816,VOL_10375,100.0,2025-12-07
DON_55817,VOL_10375,50.0,2025-12-14
DON_55818,VOL_10375,25.0,2025-12-18
DON_55819,VOL_10375,25.0,2025-12-28
DON_55820,VOL_10375,50.0,2026-01-18
DON_55821,VOL_10375,25.0,2026-02-01
DON_55822,VOL_10375,10.0,2026-02-22
DON_55823,VOL_10375,25.0,2026-03-01
DON_55824,VOL_10375,25.0,2026-03-08
DON_55825,VOL_10375,50.0,2026-03-12
DON_55826,VOL_10375,10.0,2026-03-12
DON_55827,VOL_10375,50.0,2026-03-19
DON_55828,VOL_10375,10.0,2026-03-29
DON_55829,VOL_10375,25.0,2026-04-02
DON_55830,VOL_10375,10.0,2026-04-12
DON_55831,VOL_10376,25.0,2025-10-23
DON_55832,VOL_10376,10.0,2025-10-30
DON_55833,VOL_10376,50.0,2025-11-13
DON_55834,VOL_10376,50.0,2025-11-20
DON_55835,VOL_10376,10.0,2025-11-20
DON_55836,VOL_10376,10.0,2025-11-30
DON_55837,VOL_10376,10.0,2025-12-04
DON_55838,VOL_10376,10.0,2025-12-14
DON_55839,VOL_10376,25.0,2025-12-18
DON_55840,VOL_10376,10.0,2026-01-15
DON_55841,VOL_10376,100.0,2026-02-05
DON_55842,VOL_10376,50.0,2026-02-08
DON_55843,VOL_10376,25.0,2026-02-12
DON_55844,VOL_10376,10.0,2026-02-12
DON_55845,VOL_10376,50.0,2026-03-12
DON_55846,VOL_10376,100.0,2026-03-12
DON_55847,VOL_10376,10.0,2026-03-19
DON_55848,VOL_10376,25.0,2026-03-29
DON_55849,VOL_10376,100.0,2026-04-02
DON_55850,VOL_10376,50.0,2026-04-09
DON_55851,VOL_10376,10.0,2026-04-16
DON_55852,VOL_10376,10.0,2026-04-23
DON_55853,VOL_10376,10.0,2026-04-30
DON_55854,VOL_10377,10.0,2025-06-29
DON_55855,VOL_10377,50.0,2025-07-03
DON_55856,VOL_10377,10.0,2025-07-06
DON_55857,VOL_10377,10.0,2025-07-17
DON_55858,VOL_10377,25.0,2025-07-27
DON_55859,VOL_10377,50.0,2025-08-07
DON_55860,VOL_10377,100.0,2025-08-14
DON_55861,VOL_10377,25.0,2025-08-14
DON_55862,VOL_10377,50.0,2025-08-17
DON_55863,VOL_10377,10.0,2025-08-24
DON_55864,VOL_10377,10.0,2025-09-28
DON_55865,VOL_10377,10.0,2025-10-16
DON_55866,VOL_10377,25.0,2025-10-23
DON_55867,VOL_10377,25.0,2025-11-02
DON_55868,VOL_10377,10.0,2025-11-09
DON_55869,VOL_10377,50.0,2025-11-13
DON_55870,VOL_10377,25.0,2025-11-16
DON_55871,VOL_10377,100.0,2025-11-16
DON_55872,VOL_10377,10.0,2025-11-20
DON_55873,VOL_10377,10.0,2025-11-27
DON_55874,VOL_10377,10.0,2025-12-04
DON_55875,VOL_10377,50.0,2025-12-04
DON_55876,VOL_10377,50.0,2025-12-25
DON_55877,VOL_10377,10.0,2025-12-28
DON_55878,VOL_10377,25.0,2026-01-08
DON_55879,VOL_10377,25.0,2026-01-22
DON_55880,VOL_10377,25.0,2026-02-22
DON_55881,VOL_10377,25.0,2026-03-15
DON_55882,VOL_10377,10.0,2026-03-15
DON_55883,VOL_10377,10.0,2026-04-05
DON_55884,VOL_10378,25.0,2025-05-18
DON_55885,VOL_10378,10.0,2025-05-18
DON_55886,VOL_10378,10.0,2025-06-08
DON_55887,VOL_10378,10.0,2025-06-19
DON_55888,VOL_10378,50.0,2025-06-22
DON_55889,VOL_10378,25.0,2025-07-03
DON_55890,VOL_10378,25.0,2025-07-20
DON_55891,VOL_10378,10.0,2025-08-07
DON_55892,VOL_10378,10.0,2025-08-17
DON_55893,VOL_10378,50.0,2025-08-28
DON_55894,VOL_10378,25.0,2025-09-14
DON_55895,VOL_10378,25.0,2025-09-21
DON_55896,VOL_10378,50.0,2025-09-28
DON_55897,VOL_10378,10.0,2025-10-19
DON_55898,VOL_10378,25.0,2025-10-23
DON_55899,VOL_10378,10.0,2025-10-26
DON_55900,VOL_10378,25.0,2025-10-30
DON_55901,VOL_10378,25.0,2025-10-30
DON_55902,VOL_10378,10.0,2025-11-06
DON_55903,VOL_10378,10.0,2025-11-13
DON_55904,VOL_10378,50.0,2025-11-13
DON_55905,VOL_10378,10.0,2025-11-20
DON_55906,VOL_10378,10.0,2025-11-20
DON_55907,VOL_10378,25.0,2025-12-04
DON_55908,VOL_10378,50.0,2025-12-21
DON_55909,VOL_10378,100.0,2026-01-08
DON_55910,VOL_10378,50.0,2026-01-15
DON_55911,VOL_10378,10.0,2026-01-18
DON_55912,VOL_10378,10.0,2026-01-22
DON_55913,VOL_10378,50.0,2026-01-25
DON_55914,VOL_10378,25.0,2026-02-08
DON_55915,VOL_10378,50.0,2026-02-12
DON_55916,VOL_10378,100.0,2026-03-05
DON_55917,VOL_10378,25.0,2026-03-05
DON_55918,VOL_10378,25.0,2026-03-15
DON_55919,VOL_10378,25.0,2026-03-26
DON_55920,VOL_10378,10.0,2026-04-09
DON_55921,VOL_10378,50.0,2026-04-23
DON_55922,VOL_10379,25.0,2025-12-28
DON_55923,VOL_10379,25.0,2026-01-08
DON_55924,VOL_10379,10.0,2026-02-08
DON_55925,VOL_10379,10.0,2026-03-05
DON_55926,VOL_10379,50.0,2026-04-12
DON_55927,VOL_10379,25.0,2026-04-19
DON_55928,VOL_10379,25.0,2026-04-23
DON_55929,VOL_10380,25.0,2025-11-06
DON_55930,VOL_10380,25.0,2025-11-09
DON_55931,VOL_10380,10.0,2025-11-20
DON_55932,VOL_10380,50.0,2025-11-23
DON_55933,VOL_10380,10.0,2025-11-27
DON_55934,VOL_10380,25.0,2025-11-30
DON_55935,VOL_10380,10.0,2025-12-18
DON_55936,VOL_10380,10.0,2026-01-08
DON_55937,VOL_10380,50.0,2026-01-22
DON_55938,VOL_10380,50.0,2026-02-15
DON_55939,VOL_10380,50.0,2026-03-01
DON_55940,VOL_10380,10.0,2026-03-15
DON_55941,VOL_10380,50.0,2026-04-02
DON_55942,VOL_10380,10.0,2026-04-09
DON_55943,VOL_10381,25.0,2025-06-22
DON_55944,VOL_10382,25.0,2025-06-01
DON_55945,VOL_10382,25.0,2025-06-08
DON_55946,VOL_10382,10.0,2025-06-15
DON_55947,VOL_10382,25.0,2025-06-22
DON_55948,VOL_10382,25.0,2025-06-26
DON_55949,VOL_10382,10.0,2025-07-13
DON_55950,VOL_10382,10.0,2025-07-20
DON_55951,VOL_10382,10.0,2025-07-24
DON_55952,VOL_10382,25.0,2025-08-03
DON_55953,VOL_10382,50.0,2025-08-07
DON_55954,VOL_10382,10.0,2025-08-07
DON_55955,VOL_10382,10.0,2025-08-21
DON_55956,VOL_10382,25.0,2025-08-28
DON_55957,VOL_10382,50.0,2025-09-04
DON_55958,VOL_10382,50.0,2025-09-04
DON_55959,VOL_10382,25.0,2025-09-21
DON_55960,VOL_10382,10.0,2025-09-28
DON_55961,VOL_10382,25.0,2025-10-12
DON_55962,VOL_10382,50.0,2025-11-06
DON_55963,VOL_10382,100.0,2025-11-09
DON_55964,VOL_10382,10.0,2025-11-13
DON_55965,VOL_10382,100.0,2025-11-23
DON_55966,VOL_10382,50.0,2025-12-07
DON_55967,VOL_10382,50.0,2025-12-18
DON_55968,VOL_10382,50.0,2025-12-25
DON_55969,VOL_10382,100.0,2025-12-28
DON_55970,VOL_10382,25.0,2026-01-22
DON_55971,VOL_10382,25.0,2026-01-29
DON_55972,VOL_10382,25.0,2026-01-29
DON_55973,VOL_10382,25.0,2026-02-05
DON_55974,VOL_10382,100.0,2026-02-19
DON_55975,VOL_10382,100.0,2026-02-26
DON_55976,VOL_10382,25.0,2026-03-08
DON_55977,VOL_10382,10.0,2026-03-29
DON_55978,VOL_10382,25.0,2026-04-05
DON_55979,VOL_10382,25.0,2026-04-09
DON_55980,VOL_10384,50.0,2025-07-06
DON_55981,VOL_10384,10.0,2025-07-17
DON_55982,VOL_10384,25.0,2025-07-17
DON_55983,VOL_10384,50.0,2025-07-17
DON_55984,VOL_10384,10.0,2025-07-27
DON_55985,VOL_10385,25.0,2025-05-08
DON_55986,VOL_10386,50.0,2025-02-27
DON_55987,VOL_10386,25.0,2025-03-16
DON_55988,VOL_10386,25.0,2025-04-06
DON_55989,VOL_10386,50.0,2025-04-17
DON_55990,VOL_10386,100.0,2025-04-27
DON_55991,VOL_10386,50.0,2025-05-08
DON_55992,VOL_10386,10.0,2025-05-15
DON_55993,VOL_10386,25.0,2025-05-29
DON_55994,VOL_10386,25.0,2025-06-19
DON_55995,VOL_10386,100.0,2025-06-26
DON_55996,VOL_10386,10.0,2025-06-26
DON_55997,VOL_10386,100.0,2025-06-29
DON_55998,VOL_10386,25.0,2025-07-27
DON_55999,VOL_10386,25.0,2025-08-17
DON_56000,VOL_10386,10.0,2025-10-26
DON_56001,VOL_10386,50.0,2025-10-30
DON_56002,VOL_10386,10.0,2025-11-06
DON_56003,VOL_10386,25.0,2025-11-30
DON_56004,VOL_10386,100.0,2025-12-04
DON_56005,VOL_10386,10.0,2025-12-18
DON_56006,VOL_10386,50.0,2025-12-25
DON_56007,VOL_10386,50.0,2025-12-25
DON_56008,VOL_10386,25.0,2025-12-28
DON_56009,VOL_10386,50.0,2026-01-11
DON_56010,VOL_10386,10.0,2026-02-01
DON_56011,VOL_10386,10.0,2026-02-15
DON_56012,VOL_10386,25.0,2026-03-12
DON_56013,VOL_10386,10.0,2026-03-19
DON_56014,VOL_10386,50.0,2026-03-19
DON_56015,VOL_10386,25.0,2026-03-26
DON_56016,VOL_10386,25.0,2026-04-02
DON_56017,VOL_10386,25.0,2026-04-16
DON_56018,VOL_10387,50.0,2025-07-10
DON_56019,VOL_10387,25.0,2025-07-20
DON_56020,VOL_10387,10.0,2025-07-20
DON_56021,VOL_10388,100.0,2026-03-08
DON_56022,VOL_10388,100.0,2026-03-29
DON_56023,VOL_10388,25.0,2026-04-16
DON_56024,VOL_10388,100.0,2026-04-26
DON_56025,VOL_10389,25.0,2025-10-23
DON_56026,VOL_10389,25.0,2025-11-02
DON_56027,VOL_10389,25.0,2025-11-09
DON_56028,VOL_10389,10.0,2025-12-25
DON_56029,VOL_10389,50.0,2026-01-22
DON_56030,VOL_10389,10.0,2026-02-19
DON_56031,VOL_10389,10.0,2026-02-22
DON_56032,VOL_10389,25.0,2026-03-19
DON_56033,VOL_10389,25.0,2026-04-30
DON_56034,VOL_10390,10.0,2026-02-01
DON_56035,VOL_10390,100.0,2026-02-08
DON_56036,VOL_10390,25.0,2026-02-08
DON_56037,VOL_10390,50.0,2026-02-08
DON_56038,VOL_10390,25.0,2026-02-15
DON_56039,VOL_10390,50.0,2026-03-05
DON_56040,VOL_10390,25.0,2026-04-12
DON_56041,VOL_10390,10.0,2026-04-16
DON_56042,VOL_10391,25.0,2025-09-28
DON_56043,VOL_10392,50.0,2025-05-18
DON_56044,VOL_10392,100.0,2025-06-01
DON_56045,VOL_10392,25.0,2025-06-26
DON_56046,VOL_10392,100.0,2025-07-06
DON_56047,VOL_10392,50.0,2025-07-13
DON_56048,VOL_10392,25.0,2025-08-07
DON_56049,VOL_10392,25.0,2025-08-14
DON_56050,VOL_10392,25.0,2025-09-04
DON_56051,VOL_10392,10.0,2025-09-11
DON_56052,VOL_10392,100.0,2025-09-25
DON_56053,VOL_10392,100.0,2025-10-23
DON_56054,VOL_10392,25.0,2025-11-20
DON_56055,VOL_10392,10.0,2025-11-20
DON_56056,VOL_10392,25.0,2025-11-23
DON_56057,VOL_10392,25.0,2025-11-27
DON_56058,VOL_10392,50.0,2025-12-11
DON_56059,VOL_10392,25.0,2025-12-14
DON_56060,VOL_10392,10.0,2025-12-25
DON_56061,VOL_10392,100.0,2025-12-25
DON_56062,VOL_10392,25.0,2025-12-28
DON_56063,VOL_10392,100.0,2026-01-08
DON_56064,VOL_10392,10.0,2026-01-15
DON_56065,VOL_10392,10.0,2026-02-15
DON_56066,VOL_10392,10.0,2026-02-22
DON_56067,VOL_10392,50.0,2026-03-15
DON_56068,VOL_10392,10.0,2026-03-19
DON_56069,VOL_10392,10.0,2026-03-29
DON_56070,VOL_10392,25.0,2026-04-30
DON_56071,VOL_10393,10.0,2025-08-24
DON_56072,VOL_10393,25.0,2025-09-21
DON_56073,VOL_10393,100.0,2025-09-25
DON_56074,VOL_10393,50.0,2025-09-28
DON_56075,VOL_10393,100.0,2025-10-12
DON_56076,VOL_10393,50.0,2025-10-12
DON_56077,VOL_10393,10.0,2025-10-23
DON_56078,VOL_10393,50.0,2025-11-09
DON_56079,VOL_10393,10.0,2025-11-27
DON_56080,VOL_10393,50.0,2025-11-30
DON_56081,VOL_10393,50.0,2026-01-15
DON_56082,VOL_10393,25.0,2026-01-25
DON_56083,VOL_10393,25.0,2026-02-08
DON_56084,VOL_10393,50.0,2026-02-12
DON_56085,VOL_10393,10.0,2026-02-26
DON_56086,VOL_10393,50.0,2026-03-05
DON_56087,VOL_10393,25.0,2026-03-19
DON_56088,VOL_10393,10.0,2026-03-29
DON_56089,VOL_10393,25.0,2026-03-29
DON_56090,VOL_10393,50.0,2026-04-02
DON_56091,VOL_10393,25.0,2026-04-09
DON_56092,VOL_10393,50.0,2026-04-12
DON_56093,VOL_10393,50.0,2026-04-26
DON_56094,VOL_10394,25.0,2025-01-05
DON_56095,VOL_10394,25.0,2025-01-09
DON_56096,VOL_10394,25.0,2025-02-09
DON_56097,VOL_10394,25.0,2025-02-23
DON_56098,VOL_10394,10.0,2025-02-23
DON_56099,VOL_10394,10.0,2025-03-20
DON_56100,VOL_10394,10.0,2025-04-03
DON_56101,VOL_10394,10.0,2025-04-10
DON_56102,VOL_10394,100.0,2025-04-10
DON_56103,VOL_10394,10.0,2025-04-24
DON_56104,VOL_10394,10.0,2025-04-24
DON_56105,VOL_10394,25.0,2025-05-01
DON_56106,VOL_10394,10.0,2025-05-01
DON_56107,VOL_10394,25.0,2025-05-18
DON_56108,VOL_10394,50.0,2025-05-18
DON_56109,VOL_10394,10.0,2025-06-01
DON_56110,VOL_10394,50.0,2025-06-05
DON_56111,VOL_10394,25.0,2025-06-08
DON_56112,VOL_10394,50.0,2025-06-26
DON_56113,VOL_10394,100.0,2025-06-29
DON_56114,VOL_10394,25.0,2025-07-27
DON_56115,VOL_10394,25.0,2025-08-10
DON_56116,VOL_10394,10.0,2025-08-14
DON_56117,VOL_10394,100.0,2025-08-17
DON_56118,VOL_10394,100.0,2025-08-17
DON_56119,VOL_10394,25.0,2025-08-24
DON_56120,VOL_10394,25.0,2025-08-31
DON_56121,VOL_10394,25.0,2025-09-14
DON_56122,VOL_10394,10.0,2025-09-14
DON_56123,VOL_10394,25.0,2025-09-28
DON_56124,VOL_10394,25.0,2025-10-19
DON_56125,VOL_10394,10.0,2025-10-23
DON_56126,VOL_10394,25.0,2025-10-23
DON_56127,VOL_10394,50.0,2025-10-26
DON_56128,VOL_10394,10.0,2025-11-13
DON_56129,VOL_10394,25.0,2025-12-04
DON_56130,VOL_10394,10.0,2025-12-18
DON_56131,VOL_10394,50.0,2025-12-21
DON_56132,VOL_10394,10.0,2025-12-25
DON_56133,VOL_10394,25.0,2026-01-15
DON_56134,VOL_10394,10.0,2026-02-08
DON_56135,VOL_10394,100.0,2026-02-19
DON_56136,VOL_10394,25.0,2026-02-26
DON_56137,VOL_10394,10.0,2026-03-05
DON_56138,VOL_10394,10.0,2026-03-12
DON_56139,VOL_10394,10.0,2026-04-09
DON_56140,VOL_10394,10.0,2026-04-16
DON_56141,VOL_10394,10.0,2026-04-26
DON_56142,VOL_10394,10.0,2026-04-30
DON_56143,VOL_10395,10.0,2025-05-08
DON_56144,VOL_10397,25.0,2025-11-09
DON_56145,VOL_10397,50.0,2026-02-01
DON_56146,VOL_10397,10.0,2026-03-15
DON_56147,VOL_10397,100.0,2026-03-29
DON_56148,VOL_10397,10.0,2026-03-29
DON_56149,VOL_10397,25.0,2026-04-02
DON_56150,VOL_10397,25.0,2026-04-26
DON_56151,VOL_10397,25.0,2026-04-26
DON_56152,VOL_10398,100.0,2025-10-12
DON_56153,VOL_10398,50.0,2025-10-23
DON_56154,VOL_10398,10.0,2025-11-23
DON_56155,VOL_10398,10.0,2025-11-23
DON_56156,VOL_10398,10.0,2025-11-27
DON_56157,VOL_10398,50.0,2025-12-14
DON_56158,VOL_10398,10.0,2025-12-14
DON_56159,VOL_10398,10.0,2025-12-18
DON_56160,VOL_10398,25.0,2026-01-18
DON_56161,VOL_10398,50.0,2026-01-22
DON_56162,VOL_10398,10.0,2026-02-01
DON_56163,VOL_10398,50.0,2026-02-01
DON_56164,VOL_10398,10.0,2026-02-12
DON_56165,VOL_10398,10.0,2026-02-15
DON_56166,VOL_10398,50.0,2026-02-19
DON_56167,VOL_10398,25.0,2026-02-19
DON_56168,VOL_10398,25.0,2026-02-26
DON_56169,VOL_10398,10.0,2026-03-19
DON_56170,VOL_10398,10.0,2026-04-05
DON_56171,VOL_10398,25.0,2026-04-12
DON_56172,VOL_10398,10.0,2026-04-26
DON_56173,VOL_10399,25.0,2025-07-20
DON_56174,VOL_10399,25.0,2025-08-07
DON_56175,VOL_10399,25.0,2025-08-28
DON_56176,VOL_10399,10.0,2025-09-21
DON_56177,VOL_10399,100.0,2025-09-28
DON_56178,VOL_10399,10.0,2025-10-30
DON_56179,VOL_10399,25.0,2025-11-06
DON_56180,VOL_10399,25.0,2025-11-09
DON_56181,VOL_10399,25.0,2025-11-09
DON_56182,VOL_10399,10.0,2025-11-23
DON_56183,VOL_10399,100.0,2025-11-27
DON_56184,VOL_10399,10.0,2025-11-30
DON_56185,VOL_10399,50.0,2025-12-07
DON_56186,VOL_10399,25.0,2026-01-15
DON_56187,VOL_10399,100.0,2026-01-22
DON_56188,VOL_10399,100.0,2026-02-19
DON_56189,VOL_10399,25.0,2026-03-05
DON_56190,VOL_10399,50.0,2026-03-12
DON_56191,VOL_10399,25.0,2026-03-15
DON_56192,VOL_10399,50.0,2026-03-19
DON_56193,VOL_10399,50.0,2026-04-23
DON_56194,VOL_10400,25.0,2025-07-10
DON_56195,VOL_10400,50.0,2025-07-20
DON_56196,VOL_10400,10.0,2025-08-24
DON_56197,VOL_10400,50.0,2025-08-31
DON_56198,VOL_10400,10.0,2025-10-26
DON_56199,VOL_10400,25.0,2025-11-30
DON_56200,VOL_10400,100.0,2025-12-18
DON_56201,VOL_10400,10.0,2026-04-19
DON_56202,VOL_10400,25.0,2026-04-26
DON_56203,VOL_10401,100.0,2025-04-03
DON_56204,VOL_10401,10.0,2025-04-03
DON_56205,VOL_10401,25.0,2025-04-20
DON_56206,VOL_10401,50.0,2025-04-27
DON_56207,VOL_10401,25.0,2025-05-01
DON_56208,VOL_10401,25.0,2025-05-18
DON_56209,VOL_10401,10.0,2025-06-08
DON_56210,VOL_10401,100.0,2025-06-26
DON_56211,VOL_10401,50.0,2025-06-29
DON_56212,VOL_10401,10.0,2025-07-03
DON_56213,VOL_10401,50.0,2025-07-20
DON_56214,VOL_10401,10.0,2025-07-31
DON_56215,VOL_10401,25.0,2025-08-07
DON_56216,VOL_10401,25.0,2025-08-21
DON_56217,VOL_10401,25.0,2025-09-25
DON_56218,VOL_10401,25.0,2025-10-30
DON_56219,VOL_10401,25.0,2025-11-09
DON_56220,VOL_10401,50.0,2025-11-16
DON_56221,VOL_10401,25.0,2025-11-16
DON_56222,VOL_10401,10.0,2025-11-30
DON_56223,VOL_10401,50.0,2025-12-07
DON_56224,VOL_10401,50.0,2025-12-14
DON_56225,VOL_10401,10.0,2025-12-21
DON_56226,VOL_10401,10.0,2026-01-04
DON_56227,VOL_10401,25.0,2026-01-15
DON_56228,VOL_10401,10.0,2026-01-22
DON_56229,VOL_10401,50.0,2026-02-26
DON_56230,VOL_10401,50.0,2026-04-05
DON_56231,VOL_10401,25.0,2026-04-09
DON_56232,VOL_10402,10.0,2025-08-07
DON_56233,VOL_10402,10.0,2025-08-14
DON_56234,VOL_10402,25.0,2025-08-17
DON_56235,VOL_10402,10.0,2025-10-12
DON_56236,VOL_10402,10.0,2025-10-23
DON_56237,VOL_10402,50.0,2025-11-09
DON_56238,VOL_10402,50.0,2025-11-09
DON_56239,VOL_10402,10.0,2025-11-20
DON_56240,VOL_10402,50.0,2025-11-23
DON_56241,VOL_10402,10.0,2025-11-27
DON_56242,VOL_10402,100.0,2025-12-04
DON_56243,VOL_10402,100.0,2025-12-07
DON_56244,VOL_10402,10.0,2025-12-07
DON_56245,VOL_10402,10.0,2026-02-01
DON_56246,VOL_10402,25.0,2026-03-05
DON_56247,VOL_10402,25.0,2026-03-26
DON_56248,VOL_10402,10.0,2026-03-29
DON_56249,VOL_10402,50.0,2026-04-09
DON_56250,VOL_10403,25.0,2026-01-25
DON_56251,VOL_10403,10.0,2026-02-05
DON_56252,VOL_10403,10.0,2026-02-08
DON_56253,VOL_10403,50.0,2026-02-12
DON_56254,VOL_10403,10.0,2026-02-26
DON_56255,VOL_10403,100.0,2026-02-26
DON_56256,VOL_10403,10.0,2026-03-05
DON_56257,VOL_10403,50.0,2026-03-12
DON_56258,VOL_10403,25.0,2026-03-15
DON_56259,VOL_10403,100.0,2026-03-29
DON_56260,VOL_10403,10.0,2026-04-09
DON_56261,VOL_10403,25.0,2026-04-16
DON_56262,VOL_10403,50.0,2026-04-16
DON_56263,VOL_10403,10.0,2026-04-30
DON_56264,VOL_10404,25.0,2026-01-25
DON_56265,VOL_10404,25.0,2026-02-05
DON_56266,VOL_10404,10.0,2026-03-08
DON_56267,VOL_10404,10.0,2026-04-16
DON_56268,VOL_10404,25.0,2026-04-19
DON_56269,VOL_10404,50.0,2026-04-23
DON_56270,VOL_10404,100.0,2026-04-30
DON_56271,VOL_10404,10.0,2026-04-30
DON_56272,VOL_10404,50.0,2026-04-30
DON_56273,VOL_10405,25.0,2025-03-23
DON_56274,VOL_10406,100.0,2025-03-09
DON_56275,VOL_10406,50.0,2025-04-06
DON_56276,VOL_10406,10.0,2025-04-06
DON_56277,VOL_10406,100.0,2025-04-10
DON_56278,VOL_10406,25.0,2025-04-17
DON_56279,VOL_10406,50.0,2025-04-17
DON_56280,VOL_10406,100.0,2025-04-27
DON_56281,VOL_10406,10.0,2025-05-01
DON_56282,VOL_10406,10.0,2025-05-11
DON_56283,VOL_10406,10.0,2025-05-18
DON_56284,VOL_10406,100.0,2025-06-26
DON_56285,VOL_10406,25.0,2025-06-29
DON_56286,VOL_10406,25.0,2025-07-10
DON_56287,VOL_10406,25.0,2025-07-17
DON_56288,VOL_10406,100.0,2025-08-24
DON_56289,VOL_10406,50.0,2025-09-25
DON_56290,VOL_10406,10.0,2025-09-28
DON_56291,VOL_10406,25.0,2025-10-19
DON_56292,VOL_10406,10.0,2025-11-13
DON_56293,VOL_10406,50.0,2025-11-23
DON_56294,VOL_10406,50.0,2025-11-30
DON_56295,VOL_10406,25.0,2025-12-11
DON_56296,VOL_10406,100.0,2025-12-21
DON_56297,VOL_10406,10.0,2025-12-28
DON_56298,VOL_10406,100.0,2026-01-18
DON_56299,VOL_10406,50.0,2026-02-01
DON_56300,VOL_10406,10.0,2026-02-05
DON_56301,VOL_10406,25.0,2026-02-08
DON_56302,VOL_10406,25.0,2026-02-12
DON_56303,VOL_10406,50.0,2026-02-15
DON_56304,VOL_10406,10.0,2026-03-01
DON_56305,VOL_10406,100.0,2026-03-15
DON_56306,VOL_10406,10.0,2026-03-19
DON_56307,VOL_10406,50.0,2026-03-26
DON_56308,VOL_10406,10.0,2026-03-29
DON_56309,VOL_10406,25.0,2026-04-12
DON_56310,VOL_10406,10.0,2026-04-16
DON_56311,VOL_10406,10.0,2026-04-23
DON_56312,VOL_10407,10.0,2025-08-24
DON_56313,VOL_10407,10.0,2025-08-24
DON_56314,VOL_10407,10.0,2025-09-14
DON_56315,VOL_10408,10.0,2025-09-28
DON_56316,VOL_10408,25.0,2025-10-26
DON_56317,VOL_10408,25.0,2025-10-30
DON_56318,VOL_10408,25.0,2025-11-16
DON_56319,VOL_10408,25.0,2025-11-30
DON_56320,VOL_10408,25.0,2025-12-11
DON_56321,VOL_10408,10.0,2025-12-21
DON_56322,VOL_10408,50.0,2025-12-28
DON_56323,VOL_10408,10.0,2026-01-15
DON_56324,VOL_10408,100.0,2026-02-26
DON_56325,VOL_10408,10.0,2026-03-12
DON_56326,VOL_10408,50.0,2026-03-19
DON_56327,VOL_10408,10.0,2026-04-16
DON_56328,VOL_10408,10.0,2026-04-23
DON_56329,VOL_10408,50.0,2026-04-30
DON_56330,VOL_10408,10.0,2026-04-30
DON_56331,VOL_10409,25.0,2025-05-29
DON_56332,VOL_10409,25.0,2025-06-01
DON_56333,VOL_10409,50.0,2025-06-08
DON_56334,VOL_10409,50.0,2025-06-19
DON_56335,VOL_10410,100.0,2025-12-28
DON_56336,VOL_10410,10.0,2026-01-22
DON_56337,VOL_10410,10.0,2026-01-29
DON_56338,VOL_10410,25.0,2026-02-01
DON_56339,VOL_10410,10.0,2026-02-01
DON_56340,VOL_10410,10.0,2026-02-12
DON_56341,VOL_10410,10.0,2026-02-19
DON_56342,VOL_10410,10.0,2026-02-22
DON_56343,VOL_10411,10.0,2025-11-20
DON_56344,VOL_10411,10.0,2025-11-23
DON_56345,VOL_10411,25.0,2025-12-14
DON_56346,VOL_10411,10.0,2025-12-18
DON_56347,VOL_10411,25.0,2025-12-21
DON_56348,VOL_10411,50.0,2026-02-05
DON_56349,VOL_10411,25.0,2026-02-08
DON_56350,VOL_10411,10.0,2026-02-12
DON_56351,VOL_10411,10.0,2026-03-05
DON_56352,VOL_10411,10.0,2026-03-05
DON_56353,VOL_10411,50.0,2026-03-19
DON_56354,VOL_10411,10.0,2026-04-12
DON_56355,VOL_10411,10.0,2026-04-16
DON_56356,VOL_10411,50.0,2026-04-16
DON_56357,VOL_10411,50.0,2026-04-26
DON_56358,VOL_10412,10.0,2025-12-04
DON_56359,VOL_10412,25.0,2025-12-14
DON_56360,VOL_10412,50.0,2026-01-08
DON_56361,VOL_10412,25.0,2026-01-15
DON_56362,VOL_10412,10.0,2026-01-18
DON_56363,VOL_10412,10.0,2026-01-29
DON_56364,VOL_10412,100.0,2026-02-19
DON_56365,VOL_10412,10.0,2026-03-01
DON_56366,VOL_10412,10.0,2026-03-05
DON_56367,VOL_10412,10.0,2026-03-08
DON_56368,VOL_10412,25.0,2026-04-12
DON_56369,VOL_10413,50.0,2025-04-10
DON_56370,VOL_10413,50.0,2025-05-11
DON_56371,VOL_10413,10.0,2025-05-22
DON_56372,VOL_10413,10.0,2025-06-19
DON_56373,VOL_10413,25.0,2025-06-19
DON_56374,VOL_10413,25.0,2025-07-06
DON_56375,VOL_10413,10.0,2025-07-17
DON_56376,VOL_10413,25.0,2025-08-17
DON_56377,VOL_10413,10.0,2025-08-17
DON_56378,VOL_10413,50.0,2025-09-04
DON_56379,VOL_10413,10.0,2025-09-11
DON_56380,VOL_10413,10.0,2025-10-05
DON_56381,VOL_10413,50.0,2025-10-23
DON_56382,VOL_10413,100.0,2025-11-09
DON_56383,VOL_10413,10.0,2025-11-16
DON_56384,VOL_10413,10.0,2025-11-23
DON_56385,VOL_10413,10.0,2025-11-27
DON_56386,VOL_10413,25.0,2025-12-04
DON_56387,VOL_10413,100.0,2025-12-18
DON_56388,VOL_10413,25.0,2025-12-25
DON_56389,VOL_10413,10.0,2026-01-29
DON_56390,VOL_10413,25.0,2026-02-26
DON_56391,VOL_10413,50.0,2026-04-12
DON_56392,VOL_10413,10.0,2026-04-30
DON_56393,VOL_10414,25.0,2025-03-27
DON_56394,VOL_10414,10.0,2025-04-27
DON_56395,VOL_10414,10.0,2025-05-22
DON_56396,VOL_10414,25.0,2025-07-20
DON_56397,VOL_10414,50.0,2025-08-17
DON_56398,VOL_10414,10.0,2025-10-19
DON_56399,VOL_10414,50.0,2025-10-30
DON_56400,VOL_10414,50.0,2025-10-30
DON_56401,VOL_10414,25.0,2025-11-09
DON_56402,VOL_10414,10.0,2025-11-13
DON_56403,VOL_10414,10.0,2025-11-27
DON_56404,VOL_10414,10.0,2026-01-15
DON_56405,VOL_10414,50.0,2026-02-12
DON_56406,VOL_10414,10.0,2026-03-05
DON_56407,VOL_10414,10.0,2026-04-09
DON_56408,VOL_10415,10.0,2025-01-23
DON_56409,VOL_10415,10.0,2025-02-16
DON_56410,VOL_10415,10.0,2025-02-20
DON_56411,VOL_10415,10.0,2025-02-27
DON_56412,VOL_10415,10.0,2025-03-06
DON_56413,VOL_10415,10.0,2025-03-09
DON_56414,VOL_10415,10.0,2025-03-13
DON_56415,VOL_10415,25.0,2025-03-16
DON_56416,VOL_10415,10.0,2025-04-10
DON_56417,VOL_10415,25.0,2025-04-24
DON_56418,VOL_10415,10.0,2025-05-01
DON_56419,VOL_10415,25.0,2025-05-29
DON_56420,VOL_10415,100.0,2025-06-29
DON_56421,VOL_10415,10.0,2025-07-13
DON_56422,VOL_10415,50.0,2025-07-13
DON_56423,VOL_10415,25.0,2025-07-17
DON_56424,VOL_10415,10.0,2025-07-17
DON_56425,VOL_10415,10.0,2025-07-17
DON_56426,VOL_10415,100.0,2025-07-31
DON_56427,VOL_10415,10.0,2025-08-28
DON_56428,VOL_10415,25.0,2025-10-02
DON_56429,VOL_10415,10.0,2025-10-05
DON_56430,VOL_10415,10.0,2025-11-13
DON_56431,VOL_10415,50.0,2025-11-16
DON_56432,VOL_10415,100.0,2025-11-23
DON_56433,VOL_10415,10.0,2025-11-23
DON_56434,VOL_10415,25.0,2025-11-27
DON_56435,VOL_10415,10.0,2025-11-27
DON_56436,VOL_10415,25.0,2025-11-30
DON_56437,VOL_10415,10.0,2025-12-18
DON_56438,VOL_10415,10.0,2026-01-29
DON_56439,VOL_10415,25.0,2026-02-12
DON_56440,VOL_10415,25.0,2026-02-12
DON_56441,VOL_10415,10.0,2026-03-15
DON_56442,VOL_10415,25.0,2026-03-26
DON_56443,VOL_10415,100.0,2026-03-29
DON_56444,VOL_10415,25.0,2026-03-29
DON_56445,VOL_10415,100.0,2026-04-02
DON_56446,VOL_10416,10.0,2025-04-17
DON_56447,VOL_10416,10.0,2025-04-27
DON_56448,VOL_10416,10.0,2025-05-01
DON_56449,VOL_10416,25.0,2025-05-01
DON_56450,VOL_10416,100.0,2025-05-11
DON_56451,VOL_10416,10.0,2025-05-18
DON_56452,VOL_10416,25.0,2025-06-29
DON_56453,VOL_10416,50.0,2025-06-29
DON_56454,VOL_10416,25.0,2025-07-06
DON_56455,VOL_10416,10.0,2025-07-10
DON_56456,VOL_10416,10.0,2025-07-17
DON_56457,VOL_10416,25.0,2025-08-03
DON_56458,VOL_10416,50.0,2025-08-21
DON_56459,VOL_10416,25.0,2025-08-24
DON_56460,VOL_10416,50.0,2025-09-04
DON_56461,VOL_10416,10.0,2025-09-11
DON_56462,VOL_10416,25.0,2025-10-16
DON_56463,VOL_10416,25.0,2025-10-23
DON_56464,VOL_10416,100.0,2025-10-23
DON_56465,VOL_10416,25.0,2025-10-30
DON_56466,VOL_10416,25.0,2025-11-02
DON_56467,VOL_10416,10.0,2025-11-13
DON_56468,VOL_10416,25.0,2025-11-23
DON_56469,VOL_10416,50.0,2025-11-27
DON_56470,VOL_10416,25.0,2025-12-04
DON_56471,VOL_10416,10.0,2025-12-07
DON_56472,VOL_10416,25.0,2025-12-25
DON_56473,VOL_10416,25.0,2026-01-08
DON_56474,VOL_10416,25.0,2026-01-22
DON_56475,VOL_10416,25.0,2026-03-01
DON_56476,VOL_10416,50.0,2026-03-12
DON_56477,VOL_10416,10.0,2026-04-02
DON_56478,VOL_10416,25.0,2026-04-02
DON_56479,VOL_10416,10.0,2026-04-09
DON_56480,VOL_10416,25.0,2026-04-16
DON_56481,VOL_10417,10.0,2025-08-03
DON_56482,VOL_10417,10.0,2025-08-10
DON_56483,VOL_10417,25.0,2025-08-17
DON_56484,VOL_10417,50.0,2025-08-21
DON_56485,VOL_10417,25.0,2025-08-24
DON_56486,VOL_10417,10.0,2025-10-12
DON_56487,VOL_10417,25.0,2025-10-19
DON_56488,VOL_10417,25.0,2025-11-02
DON_56489,VOL_10417,10.0,2025-11-23
DON_56490,VOL_10417,50.0,2025-11-30
DON_56491,VOL_10417,10.0,2025-12-04
DON_56492,VOL_10417,10.0,2025-12-11
DON_56493,VOL_10417,25.0,2025-12-11
DON_56494,VOL_10417,10.0,2025-12-14
DON_56495,VOL_10417,25.0,2025-12-21
DON_56496,VOL_10417,50.0,2025-12-25
DON_56497,VOL_10417,25.0,2025-12-28
DON_56498,VOL_10417,10.0,2026-01-08
DON_56499,VOL_10417,10.0,2026-01-08
DON_56500,VOL_10417,50.0,2026-01-29
DON_56501,VOL_10417,25.0,2026-02-05
DON_56502,VOL_10417,10.0,2026-03-12
DON_56503,VOL_10417,25.0,2026-03-29
DON_56504,VOL_10417,25.0,2026-04-23
DON_56505,VOL_10417,10.0,2026-04-26
DON_56506,VOL_10419,10.0,2025-02-13
DON_56507,VOL_10419,10.0,2025-03-20
DON_56508,VOL_10419,50.0,2025-04-06
DON_56509,VOL_10419,10.0,2025-04-10
DON_56510,VOL_10419,100.0,2025-04-27
DON_56511,VOL_10419,25.0,2025-05-01
DON_56512,VOL_10419,10.0,2025-06-01
DON_56513,VOL_10419,10.0,2025-06-01
DON_56514,VOL_10419,50.0,2025-06-08
DON_56515,VOL_10419,50.0,2025-06-15
DON_56516,VOL_10419,25.0,2025-06-19
DON_56517,VOL_10419,25.0,2025-07-17
DON_56518,VOL_10419,10.0,2025-07-31
DON_56519,VOL_10419,100.0,2025-08-10
DON_56520,VOL_10419,50.0,2025-08-14
DON_56521,VOL_10419,100.0,2025-09-28
DON_56522,VOL_10419,25.0,2025-10-12
DON_56523,VOL_10419,10.0,2025-10-19
DON_56524,VOL_10419,10.0,2025-10-26
DON_56525,VOL_10419,10.0,2025-10-26
DON_56526,VOL_10419,25.0,2025-11-02
DON_56527,VOL_10419,25.0,2025-11-13
DON_56528,VOL_10419,10.0,2025-11-30
DON_56529,VOL_10419,10.0,2025-12-11
DON_56530,VOL_10419,10.0,2025-12-18
DON_56531,VOL_10419,10.0,2025-12-21
DON_56532,VOL_10419,10.0,2025-12-28
DON_56533,VOL_10419,10.0,2026-02-01
DON_56534,VOL_10419,25.0,2026-02-05
DON_56535,VOL_10419,25.0,2026-02-08
DON_56536,VOL_10419,10.0,2026-02-15
DON_56537,VOL_10419,10.0,2026-02-26
DON_56538,VOL_10419,25.0,2026-03-12
DON_56539,VOL_10419,50.0,2026-03-19
DON_56540,VOL_10420,25.0,2025-06-29
DON_56541,VOL_10420,25.0,2025-07-03
DON_56542,VOL_10420,10.0,2025-07-03
DON_56543,VOL_10420,10.0,2025-07-17
DON_56544,VOL_10420,25.0,2025-07-20
DON_56545,VOL_10420,50.0,2025-07-24
DON_56546,VOL_10420,10.0,2025-08-10
DON_56547,VOL_10420,10.0,2025-08-17
DON_56548,VOL_10420,50.0,2025-08-28
DON_56549,VOL_10420,10.0,2025-09-28
DON_56550,VOL_10420,50.0,2025-10-02
DON_56551,VOL_10420,25.0,2025-10-16
DON_56552,VOL_10420,25.0,2025-11-09
DON_56553,VOL_10420,50.0,2025-11-09
DON_56554,VOL_10420,25.0,2025-11-13
DON_56555,VOL_10420,25.0,2025-11-27
DON_56556,VOL_10420,50.0,2025-11-30
DON_56557,VOL_10420,10.0,2025-12-07
DON_56558,VOL_10420,10.0,2025-12-14
DON_56559,VOL_10420,10.0,2025-12-18
DON_56560,VOL_10420,25.0,2025-12-21
DON_56561,VOL_10420,10.0,2026-01-04
DON_56562,VOL_10420,100.0,2026-02-22
DON_56563,VOL_10420,10.0,2026-03-01
DON_56564,VOL_10420,25.0,2026-03-05
DON_56565,VOL_10420,10.0,2026-03-12
DON_56566,VOL_10420,25.0,2026-03-15
DON_56567,VOL_10420,100.0,2026-03-26
DON_56568,VOL_10420,10.0,2026-04-16
DON_56569,VOL_10420,50.0,2026-04-23
DON_56570,VOL_10420,50.0,2026-04-30
DON_56571,VOL_10420,10.0,2026-04-30
DON_56572,VOL_10421,50.0,2025-09-28
DON_56573,VOL_10421,25.0,2025-10-19
DON_56574,VOL_10421,100.0,2025-11-02
DON_56575,VOL_10421,10.0,2025-11-13
DON_56576,VOL_10421,25.0,2025-11-13
DON_56577,VOL_10421,10.0,2025-11-13
DON_56578,VOL_10421,10.0,2025-11-27
DON_56579,VOL_10421,10.0,2025-12-25
DON_56580,VOL_10421,25.0,2026-01-08
DON_56581,VOL_10421,25.0,2026-01-08
DON_56582,VOL_10421,10.0,2026-01-11
DON_56583,VOL_10421,50.0,2026-02-26
DON_56584,VOL_10421,25.0,2026-03-01
DON_56585,VOL_10421,50.0,2026-03-12
DON_56586,VOL_10421,50.0,2026-04-23
DON_56587,VOL_10421,100.0,2026-04-26
DON_56588,VOL_10421,10.0,2026-04-26
DON_56589,VOL_10422,10.0,2025-04-24
DON_56590,VOL_10422,50.0,2025-05-01
DON_56591,VOL_10422,10.0,2025-05-08
DON_56592,VOL_10422,10.0,2025-05-08
DON_56593,VOL_10422,10.0,2025-05-15
DON_56594,VOL_10422,25.0,2025-06-01
DON_56595,VOL_10422,100.0,2025-06-08
DON_56596,VOL_10422,10.0,2025-06-26
DON_56597,VOL_10422,25.0,2025-06-29
DON_56598,VOL_10422,10.0,2025-07-06
DON_56599,VOL_10422,100.0,2025-07-10
DON_56600,VOL_10422,25.0,2025-07-27
DON_56601,VOL_10422,25.0,2025-07-31
DON_56602,VOL_10422,100.0,2025-07-31
DON_56603,VOL_10422,50.0,2025-08-03
DON_56604,VOL_10422,10.0,2025-08-14
DON_56605,VOL_10422,25.0,2025-08-17
DON_56606,VOL_10422,100.0,2025-10-26
DON_56607,VOL_10422,50.0,2025-11-27
DON_56608,VOL_10422,10.0,2025-12-07
DON_56609,VOL_10422,100.0,2025-12-11
DON_56610,VOL_10422,50.0,2025-12-18
DON_56611,VOL_10422,10.0,2025-12-25
DON_56612,VOL_10422,50.0,2026-01-15
DON_56613,VOL_10422,25.0,2026-02-05
DON_56614,VOL_10422,25.0,2026-02-12
DON_56615,VOL_10422,10.0,2026-02-15
DON_56616,VOL_10422,25.0,2026-02-22
DON_56617,VOL_10422,25.0,2026-03-01
DON_56618,VOL_10422,25.0,2026-03-19
DON_56619,VOL_10422,10.0,2026-04-02
DON_56620,VOL_10422,100.0,2026-04-16
DON_56621,VOL_10422,25.0,2026-04-23
DON_56622,VOL_10422,10.0,2026-04-23
DON_56623,VOL_10423,50.0,2025-11-06
DON_56624,VOL_10423,10.0,2025-11-09
DON_56625,VOL_10423,50.0,2025-11-16
DON_56626,VOL_10423,25.0,2025-11-20
DON_56627,VOL_10423,10.0,2025-11-27
DON_56628,VOL_10423,10.0,2025-11-27
DON_56629,VOL_10423,25.0,2025-11-27
DON_56630,VOL_10423,10.0,2025-12-04
DON_56631,VOL_10423,10.0,2025-12-25
DON_56632,VOL_10423,25.0,2025-12-28
DON_56633,VOL_10423,10.0,2026-01-25
DON_56634,VOL_10423,10.0,2026-02-01
DON_56635,VOL_10423,10.0,2026-02-15
DON_56636,VOL_10423,50.0,2026-02-26
DON_56637,VOL_10423,10.0,2026-03-05
DON_56638,VOL_10423,50.0,2026-03-05
DON_56639,VOL_10423,25.0,2026-03-05
DON_56640,VOL_10423,50.0,2026-03-19
DON_56641,VOL_10423,25.0,2026-03-26
DON_56642,VOL_10423,25.0,2026-04-05
DON_56643,VOL_10423,100.0,2026-04-09
DON_56644,VOL_10424,25.0,2025-07-31
DON_56645,VOL_10424,50.0,2025-08-07
DON_56646,VOL_10424,10.0,2025-08-10
DON_56647,VOL_10424,10.0,2025-08-17
DON_56648,VOL_10424,50.0,2025-08-17
DON_56649,VOL_10424,50.0,2025-08-24
DON_56650,VOL_10424,25.0,2025-09-28
DON_56651,VOL_10424,25.0,2025-10-12
DON_56652,VOL_10424,10.0,2025-10-23
DON_56653,VOL_10424,10.0,2025-10-26
DON_56654,VOL_10424,50.0,2025-11-02
DON_56655,VOL_10424,50.0,2025-11-06
DON_56656,VOL_10424,50.0,2025-12-07
DON_56657,VOL_10424,10.0,2025-12-11
DON_56658,VOL_10424,25.0,2025-12-18
DON_56659,VOL_10424,25.0,2025-12-18
DON_56660,VOL_10424,10.0,2025-12-21
DON_56661,VOL_10424,50.0,2026-01-08
DON_56662,VOL_10424,50.0,2026-01-25
DON_56663,VOL_10424,25.0,2026-01-29
DON_56664,VOL_10424,50.0,2026-02-15
DON_56665,VOL_10424,25.0,2026-02-19
DON_56666,VOL_10424,50.0,2026-02-22
DON_56667,VOL_10424,10.0,2026-02-26
DON_56668,VOL_10424,25.0,2026-03-01
DON_56669,VOL_10424,25.0,2026-03-12
DON_56670,VOL_10424,100.0,2026-03-22
DON_56671,VOL_10424,10.0,2026-04-23
DON_56672,VOL_10425,10.0,2025-06-01
DON_56673,VOL_10425,10.0,2025-07-06
DON_56674,VOL_10425,10.0,2025-07-10
DON_56675,VOL_10425,100.0,2025-07-20
DON_56676,VOL_10425,10.0,2025-07-24
DON_56677,VOL_10425,10.0,2025-07-31
DON_56678,VOL_10425,50.0,2025-08-07
DON_56679,VOL_10425,100.0,2025-08-14
DON_56680,VOL_10425,25.0,2025-09-14
DON_56681,VOL_10425,10.0,2025-09-25
DON_56682,VOL_10425,50.0,2025-09-28
DON_56683,VOL_10425,10.0,2025-11-02
DON_56684,VOL_10425,10.0,2025-11-06
DON_56685,VOL_10425,10.0,2025-11-27
DON_56686,VOL_10425,25.0,2025-12-11
DON_56687,VOL_10425,50.0,2026-01-22
DON_56688,VOL_10425,25.0,2026-02-19
DON_56689,VOL_10425,10.0,2026-02-26
DON_56690,VOL_10425,100.0,2026-04-26
DON_56691,VOL_10425,25.0,2026-04-26
DON_56692,VOL_10425,10.0,2026-04-30
DON_56693,VOL_10426,10.0,2025-10-12
DON_56694,VOL_10427,10.0,2025-01-09
DON_56695,VOL_10427,10.0,2025-01-19
DON_56696,VOL_10427,10.0,2025-01-30
DON_56697,VOL_10427,10.0,2025-02-20
DON_56698,VOL_10427,50.0,2025-02-23
DON_56699,VOL_10427,50.0,2025-03-09
DON_56700,VOL_10427,10.0,2025-03-13
DON_56701,VOL_10427,100.0,2025-03-20
DON_56702,VOL_10427,10.0,2025-04-06
DON_56703,VOL_10427,25.0,2025-04-10
DON_56704,VOL_10427,10.0,2025-04-17
DON_56705,VOL_10427,10.0,2025-05-08
DON_56706,VOL_10427,50.0,2025-05-25
DON_56707,VOL_10427,25.0,2025-06-12
DON_56708,VOL_10427,10.0,2025-07-17
DON_56709,VOL_10427,10.0,2025-07-31
DON_56710,VOL_10427,50.0,2025-08-03
DON_56711,VOL_10427,10.0,2025-08-03
DON_56712,VOL_10427,10.0,2025-08-07
DON_56713,VOL_10427,25.0,2025-08-10
DON_56714,VOL_10427,10.0,2025-08-17
DON_56715,VOL_10427,100.0,2025-08-21
DON_56716,VOL_10427,100.0,2025-09-11
DON_56717,VOL_10427,10.0,2025-09-14
DON_56718,VOL_10427,25.0,2025-09-21
DON_56719,VOL_10427,25.0,2025-09-28
DON_56720,VOL_10427,50.0,2025-09-28
DON_56721,VOL_10427,50.0,2025-11-02
DON_56722,VOL_10427,25.0,2025-11-02
DON_56723,VOL_10427,50.0,2025-11-27
DON_56724,VOL_10427,10.0,2025-12-07
DON_56725,VOL_10427,25.0,2025-12-11
DON_56726,VOL_10427,50.0,2025-12-11
DON_56727,VOL_10427,100.0,2026-02-01
DON_56728,VOL_10427,25.0,2026-02-15
DON_56729,VOL_10427,10.0,2026-02-19
DON_56730,VOL_10427,50.0,2026-02-26
DON_56731,VOL_10427,100.0,2026-03-05
DON_56732,VOL_10427,100.0,2026-03-19
DON_56733,VOL_10427,10.0,2026-03-29
DON_56734,VOL_10427,50.0,2026-04-16
DON_56735,VOL_10427,100.0,2026-04-23
DON_56736,VOL_10427,10.0,2026-04-26
DON_56737,VOL_10428,50.0,2025-12-04
DON_56738,VOL_10428,50.0,2025-12-07
DON_56739,VOL_10428,50.0,2025-12-11
DON_56740,VOL_10428,10.0,2025-12-28
DON_56741,VOL_10428,100.0,2026-01-08
DON_56742,VOL_10428,10.0,2026-01-15
DON_56743,VOL_10428,50.0,2026-01-25
DON_56744,VOL_10428,10.0,2026-01-29
DON_56745,VOL_10428,100.0,2026-02-15
DON_56746,VOL_10428,25.0,2026-03-26
DON_56747,VOL_10428,10.0,2026-04-02
DON_56748,VOL_10428,10.0,2026-04-12
DON_56749,VOL_10428,10.0,2026-04-19
DON_56750,VOL_10428,10.0,2026-04-26
DON_56751,VOL_10428,10.0,2026-04-30
DON_56752,VOL_10429,50.0,2025-11-27
DON_56753,VOL_10429,25.0,2025-11-30
DON_56754,VOL_10429,50.0,2025-11-30
DON_56755,VOL_10429,10.0,2026-01-18
DON_56756,VOL_10429,100.0,2026-01-25
DON_56757,VOL_10429,50.0,2026-02-05
DON_56758,VOL_10429,50.0,2026-02-19
DON_56759,VOL_10429,25.0,2026-03-12
DON_56760,VOL_10429,25.0,2026-03-15
DON_56761,VOL_10429,10.0,2026-03-15
DON_56762,VOL_10429,100.0,2026-03-29
DON_56763,VOL_10429,10.0,2026-04-09
DON_56764,VOL_10429,10.0,2026-04-26
DON_56765,VOL_10430,25.0,2025-03-06
DON_56766,VOL_10430,10.0,2025-03-09
DON_56767,VOL_10430,50.0,2025-03-27
DON_56768,VOL_10430,25.0,2025-04-03
DON_56769,VOL_10430,100.0,2025-04-06
DON_56770,VOL_10430,50.0,2025-04-10
DON_56771,VOL_10430,25.0,2025-04-17
DON_56772,VOL_10430,10.0,2025-05-04
DON_56773,VOL_10430,10.0,2025-06-01
DON_56774,VOL_10430,25.0,2025-06-12
DON_56775,VOL_10430,10.0,2025-06-15
DON_56776,VOL_10430,25.0,2025-06-26
DON_56777,VOL_10430,25.0,2025-07-06
DON_56778,VOL_10430,10.0,2025-07-06
DON_56779,VOL_10430,10.0,2025-07-13
DON_56780,VOL_10430,50.0,2025-07-17
DON_56781,VOL_10430,25.0,2025-07-17
DON_56782,VOL_10430,50.0,2025-08-14
DON_56783,VOL_10430,10.0,2025-09-14
DON_56784,VOL_10430,10.0,2025-10-05
DON_56785,VOL_10430,50.0,2025-10-12
DON_56786,VOL_10430,10.0,2025-11-09
DON_56787,VOL_10430,10.0,2025-11-09
DON_56788,VOL_10430,10.0,2025-11-20
DON_56789,VOL_10430,10.0,2025-11-27
DON_56790,VOL_10430,10.0,2025-11-27
DON_56791,VOL_10430,100.0,2025-11-30
DON_56792,VOL_10430,25.0,2025-12-07
DON_56793,VOL_10430,50.0,2026-01-15
DON_56794,VOL_10430,10.0,2026-01-22
DON_56795,VOL_10430,25.0,2026-01-22
DON_56796,VOL_10430,100.0,2026-01-29
DON_56797,VOL_10430,25.0,2026-02-26
DON_56798,VOL_10430,10.0,2026-03-01
DON_56799,VOL_10430,100.0,2026-03-19
DON_56800,VOL_10430,25.0,2026-03-22
DON_56801,VOL_10430,50.0,2026-04-19
DON_56802,VOL_10430,10.0,2026-04-26
DON_56803,VOL_10431,25.0,2025-07-03
DON_56804,VOL_10431,10.0,2025-07-03
DON_56805,VOL_10431,10.0,2025-07-24
DON_56806,VOL_10432,10.0,2025-03-20
DON_56807,VOL_10432,100.0,2025-04-03
DON_56808,VOL_10432,100.0,2025-04-06
DON_56809,VOL_10432,25.0,2025-05-18
DON_56810,VOL_10432,10.0,2025-06-29
DON_56811,VOL_10432,10.0,2025-07-06
DON_56812,VOL_10432,10.0,2025-07-13
DON_56813,VOL_10432,50.0,2025-07-17
DON_56814,VOL_10432,100.0,2025-07-17
DON_56815,VOL_10432,10.0,2025-07-31
DON_56816,VOL_10432,50.0,2025-08-14
DON_56817,VOL_10432,25.0,2025-08-24
DON_56818,VOL_10432,10.0,2025-09-25
DON_56819,VOL_10432,25.0,2025-10-05
DON_56820,VOL_10432,10.0,2025-10-05
DON_56821,VOL_10432,10.0,2025-10-26
DON_56822,VOL_10432,10.0,2025-11-06
DON_56823,VOL_10432,25.0,2025-11-16
DON_56824,VOL_10432,25.0,2025-11-20
DON_56825,VOL_10432,10.0,2025-12-11
DON_56826,VOL_10432,100.0,2025-12-21
DON_56827,VOL_10432,25.0,2025-12-28
DON_56828,VOL_10432,50.0,2026-03-01
DON_56829,VOL_10432,10.0,2026-03-15
DON_56830,VOL_10432,100.0,2026-04-23
DON_56831,VOL_10433,100.0,2026-02-26
DON_56832,VOL_10433,25.0,2026-03-01
DON_56833,VOL_10433,10.0,2026-03-05
DON_56834,VOL_10433,50.0,2026-03-05
DON_56835,VOL_10433,10.0,2026-03-08
DON_56836,VOL_10433,50.0,2026-03-15
DON_56837,VOL_10433,10.0,2026-03-22
DON_56838,VOL_10433,25.0,2026-03-26
DON_56839,VOL_10433,10.0,2026-04-09
DON_56840,VOL_10433,10.0,2026-04-23
DON_56841,VOL_10433,50.0,2026-04-26
DON_56842,VOL_10433,50.0,2026-04-26
DON_56843,VOL_10433,100.0,2026-04-26
DON_56844,VOL_10435,100.0,2025-02-13
DON_56845,VOL_10435,10.0,2025-02-20
DON_56846,VOL_10435,100.0,2025-02-23
DON_56847,VOL_10435,10.0,2025-03-20
DON_56848,VOL_10435,10.0,2025-03-23
DON_56849,VOL_10435,25.0,2025-03-30
DON_56850,VOL_10435,50.0,2025-04-17
DON_56851,VOL_10435,10.0,2025-04-24
DON_56852,VOL_10435,10.0,2025-04-24
DON_56853,VOL_10435,10.0,2025-05-15
DON_56854,VOL_10435,25.0,2025-05-29
DON_56855,VOL_10435,25.0,2025-05-29
DON_56856,VOL_10435,10.0,2025-06-01
DON_56857,VOL_10435,25.0,2025-06-12
DON_56858,VOL_10435,10.0,2025-06-19
DON_56859,VOL_10435,25.0,2025-07-06
DON_56860,VOL_10435,25.0,2025-07-17
DON_56861,VOL_10435,10.0,2025-07-31
DON_56862,VOL_10435,10.0,2025-08-21
DON_56863,VOL_10435,10.0,2025-09-18
DON_56864,VOL_10435,10.0,2025-10-02
DON_56865,VOL_10435,100.0,2025-10-12
DON_56866,VOL_10435,10.0,2025-11-13
DON_56867,VOL_10435,50.0,2025-11-30
DON_56868,VOL_10435,10.0,2025-12-04
DON_56869,VOL_10435,10.0,2026-01-15
DON_56870,VOL_10435,50.0,2026-01-22
DON_56871,VOL_10435,25.0,2026-02-26
DON_56872,VOL_10435,100.0,2026-03-01
DON_56873,VOL_10435,25.0,2026-03-12
DON_56874,VOL_10435,10.0,2026-03-12
DON_56875,VOL_10435,25.0,2026-03-19
DON_56876,VOL_10435,10.0,2026-03-29
DON_56877,VOL_10435,10.0,2026-04-05
DON_56878,VOL_10435,10.0,2026-04-12
DON_56879,VOL_10435,25.0,2026-04-23
DON_56880,VOL_10436,50.0,2025-04-17
DON_56881,VOL_10436,25.0,2025-05-01
DON_56882,VOL_10436,10.0,2025-05-11
DON_56883,VOL_10436,10.0,2025-06-01
DON_56884,VOL_10436,10.0,2025-06-08
DON_56885,VOL_10436,10.0,2025-07-17
DON_56886,VOL_10436,10.0,2025-07-20
DON_56887,VOL_10436,10.0,2025-08-10
DON_56888,VOL_10436,100.0,2025-08-14
DON_56889,VOL_10436,10.0,2025-08-17
DON_56890,VOL_10436,25.0,2025-08-28
DON_56891,VOL_10436,100.0,2025-09-11
DON_56892,VOL_10436,50.0,2025-09-14
DON_56893,VOL_10436,10.0,2025-09-18
DON_56894,VOL_10436,25.0,2025-10-05
DON_56895,VOL_10436,50.0,2025-10-05
DON_56896,VOL_10436,25.0,2025-10-26
DON_56897,VOL_10436,10.0,2025-10-30
DON_56898,VOL_10436,25.0,2025-11-13
DON_56899,VOL_10436,10.0,2025-11-20
DON_56900,VOL_10436,10.0,2025-11-27
DON_56901,VOL_10436,50.0,2025-12-25
DON_56902,VOL_10436,100.0,2026-01-08
DON_56903,VOL_10436,50.0,2026-01-15
DON_56904,VOL_10436,10.0,2026-02-08
DON_56905,VOL_10436,25.0,2026-02-12
DON_56906,VOL_10436,50.0,2026-02-22
DON_56907,VOL_10436,25.0,2026-02-26
DON_56908,VOL_10436,50.0,2026-03-05
DON_56909,VOL_10436,10.0,2026-03-08
DON_56910,VOL_10436,25.0,2026-03-12
DON_56911,VOL_10436,25.0,2026-04-12
DON_56912,VOL_10436,10.0,2026-04-16
DON_56913,VOL_10436,10.0,2026-04-26
DON_56914,VOL_10439,10.0,2026-01-15
DON_56915,VOL_10439,50.0,2026-01-22
DON_56916,VOL_10439,25.0,2026-02-08
DON_56917,VOL_10439,25.0,2026-02-19
DON_56918,VOL_10439,10.0,2026-03-22
DON_56919,VOL_10439,25.0,2026-04-23
DON_56920,VOL_10440,25.0,2025-10-12
DON_56921,VOL_10440,10.0,2025-10-16
DON_56922,VOL_10440,100.0,2025-10-19
DON_56923,VOL_10440,10.0,2025-11-09
DON_56924,VOL_10440,50.0,2025-11-09
DON_56925,VOL_10440,50.0,2025-11-16
DON_56926,VOL_10440,10.0,2026-01-04
DON_56927,VOL_10440,10.0,2026-01-08
DON_56928,VOL_10440,25.0,2026-01-08
DON_56929,VOL_10440,10.0,2026-02-12
DON_56930,VOL_10440,50.0,2026-03-05
DON_56931,VOL_10440,50.0,2026-03-19
DON_56932,VOL_10440,25.0,2026-03-29
DON_56933,VOL_10440,25.0,2026-04-09
DON_56934,VOL_10440,10.0,2026-04-19
DON_56935,VOL_10441,25.0,2026-03-05
DON_56936,VOL_10441,25.0,2026-03-08
DON_56937,VOL_10441,10.0,2026-03-19
DON_56938,VOL_10441,10.0,2026-03-26
DON_56939,VOL_10441,10.0,2026-04-05
DON_56940,VOL_10441,25.0,2026-04-26
DON_56941,VOL_10442,10.0,2025-09-28
DON_56942,VOL_10442,50.0,2025-10-19
DON_56943,VOL_10442,100.0,2025-10-30
DON_56944,VOL_10442,10.0,2025-11-09
DON_56945,VOL_10442,10.0,2025-11-16
DON_56946,VOL_10442,100.0,2025-12-04
DON_56947,VOL_10442,50.0,2025-12-07
DON_56948,VOL_10442,50.0,2025-12-11
DON_56949,VOL_10442,25.0,2025-12-11
DON_56950,VOL_10442,25.0,2025-12-11
DON_56951,VOL_10442,50.0,2025-12-11
DON_56952,VOL_10442,100.0,2025-12-14
DON_56953,VOL_10442,10.0,2025-12-14
DON_56954,VOL_10442,10.0,2026-01-15
DON_56955,VOL_10442,10.0,2026-02-01
DON_56956,VOL_10442,10.0,2026-02-22
DON_56957,VOL_10442,25.0,2026-03-05
DON_56958,VOL_10442,10.0,2026-03-12
DON_56959,VOL_10442,10.0,2026-03-15
DON_56960,VOL_10442,25.0,2026-03-19
DON_56961,VOL_10442,25.0,2026-03-19
DON_56962,VOL_10442,25.0,2026-04-23
DON_56963,VOL_10443,25.0,2026-02-15
DON_56964,VOL_10443,10.0,2026-03-01
DON_56965,VOL_10443,25.0,2026-03-05
DON_56966,VOL_10444,50.0,2026-01-22
DON_56967,VOL_10444,10.0,2026-02-12
DON_56968,VOL_10444,25.0,2026-02-26
DON_56969,VOL_10444,10.0,2026-02-26
DON_56970,VOL_10444,10.0,2026-03-12
DON_56971,VOL_10444,25.0,2026-03-19
DON_56972,VOL_10444,10.0,2026-04-05
DON_56973,VOL_10444,100.0,2026-04-12
DON_56974,VOL_10444,50.0,2026-04-23
DON_56975,VOL_10444,10.0,2026-04-26
DON_56976,VOL_10445,10.0,2025-10-02
DON_56977,VOL_10445,50.0,2025-10-23
DON_56978,VOL_10445,10.0,2025-10-30
DON_56979,VOL_10445,25.0,2025-11-13
DON_56980,VOL_10445,25.0,2025-11-13
DON_56981,VOL_10445,50.0,2025-12-11
DON_56982,VOL_10445,25.0,2025-12-14
DON_56983,VOL_10445,25.0,2025-12-14
DON_56984,VOL_10445,25.0,2025-12-18
DON_56985,VOL_10445,25.0,2025-12-18
DON_56986,VOL_10445,25.0,2026-01-22
DON_56987,VOL_10445,10.0,2026-02-08
DON_56988,VOL_10445,50.0,2026-02-08
DON_56989,VOL_10445,25.0,2026-02-12
DON_56990,VOL_10445,25.0,2026-03-05
DON_56991,VOL_10445,50.0,2026-04-12
DON_56992,VOL_10445,10.0,2026-04-12
DON_56993,VOL_10445,25.0,2026-04-23
DON_56994,VOL_10446,25.0,2025-11-06
DON_56995,VOL_10446,50.0,2025-11-30
DON_56996,VOL_10446,50.0,2025-12-07
DON_56997,VOL_10446,10.0,2025-12-07
DON_56998,VOL_10446,50.0,2025-12-14
DON_56999,VOL_10446,10.0,2025-12-18
DON_57000,VOL_10446,50.0,2025-12-18
DON_57001,VOL_10446,10.0,2026-02-01
DON_57002,VOL_10446,10.0,2026-02-26
DON_57003,VOL_10446,10.0,2026-03-29
DON_57004,VOL_10446,10.0,2026-03-29
DON_57005,VOL_10446,10.0,2026-04-05
DON_57006,VOL_10446,25.0,2026-04-05
DON_57007,VOL_10446,25.0,2026-04-09
DON_57008,VOL_10446,25.0,2026-04-19
DON_57009,VOL_10446,10.0,2026-04-26
DON_57010,VOL_10447,100.0,2025-08-10
DON_57011,VOL_10447,25.0,2025-09-14
DON_57012,VOL_10447,50.0,2025-09-28
DON_57013,VOL_10447,10.0,2025-10-30
DON_57014,VOL_10447,25.0,2025-11-02
DON_57015,VOL_10447,10.0,2025-11-09
DON_57016,VOL_10447,50.0,2025-11-16
DON_57017,VOL_10447,100.0,2025-11-23
DON_57018,VOL_10447,10.0,2025-12-18
DON_57019,VOL_10447,10.0,2025-12-18
DON_57020,VOL_10447,100.0,2025-12-28
DON_57021,VOL_10447,10.0,2026-01-01
DON_57022,VOL_10447,100.0,2026-02-26
DON_57023,VOL_10447,10.0,2026-03-12
DON_57024,VOL_10447,10.0,2026-03-19
DON_57025,VOL_10447,10.0,2026-03-29
DON_57026,VOL_10447,10.0,2026-04-12
DON_57027,VOL_10447,100.0,2026-04-26
DON_57028,VOL_10448,10.0,2026-01-01
DON_57029,VOL_10448,10.0,2026-01-22
DON_57030,VOL_10448,100.0,2026-02-01
DON_57031,VOL_10448,50.0,2026-02-08
DON_57032,VOL_10448,25.0,2026-02-19
DON_57033,VOL_10448,50.0,2026-02-22
DON_57034,VOL_10448,10.0,2026-03-01
DON_57035,VOL_10448,100.0,2026-03-19
DON_57036,VOL_10448,100.0,2026-03-19
DON_57037,VOL_10448,100.0,2026-03-29
DON_57038,VOL_10448,100.0,2026-04-16
DON_57039,VOL_10448,50.0,2026-04-19
DON_57040,VOL_10449,10.0,2025-09-18
DON_57041,VOL_10449,10.0,2025-09-21
DON_57042,VOL_10449,25.0,2025-10-26
DON_57043,VOL_10449,25.0,2025-11-06
DON_57044,VOL_10449,25.0,2025-11-16
DON_57045,VOL_10449,10.0,2025-11-27
DON_57046,VOL_10449,25.0,2025-12-18
DON_57047,VOL_10449,25.0,2025-12-25
DON_57048,VOL_10449,10.0,2025-12-28
DON_57049,VOL_10449,10.0,2026-01-15
DON_57050,VOL_10449,50.0,2026-01-15
DON_57051,VOL_10449,25.0,2026-02-08
DON_57052,VOL_10449,10.0,2026-02-26
DON_57053,VOL_10449,10.0,2026-03-15
DON_57054,VOL_10449,25.0,2026-03-19
DON_57055,VOL_10449,10.0,2026-04-26
DON_57056,VOL_10451,100.0,2025-11-30
DON_57057,VOL_10451,10.0,2025-12-04
DON_57058,VOL_10451,25.0,2025-12-25
DON_57059,VOL_10451,10.0,2026-01-01
DON_57060,VOL_10451,10.0,2026-01-08
DON_57061,VOL_10451,25.0,2026-01-18
DON_57062,VOL_10451,10.0,2026-01-22
DON_57063,VOL_10451,10.0,2026-01-29
DON_57064,VOL_10451,10.0,2026-02-08
DON_57065,VOL_10451,10.0,2026-02-12
DON_57066,VOL_10451,25.0,2026-02-15
DON_57067,VOL_10451,25.0,2026-02-19
DON_57068,VOL_10451,25.0,2026-02-22
DON_57069,VOL_10451,50.0,2026-03-01
DON_57070,VOL_10451,50.0,2026-03-08
DON_57071,VOL_10451,10.0,2026-03-29
DON_57072,VOL_10451,100.0,2026-04-12
DON_57073,VOL_10451,10.0,2026-04-16
DON_57074,VOL_10451,10.0,2026-04-30
DON_57075,VOL_10452,100.0,2025-08-10
DON_57076,VOL_10452,25.0,2025-08-28
DON_57077,VOL_10452,10.0,2025-10-12
DON_57078,VOL_10452,10.0,2025-10-12
DON_57079,VOL_10452,50.0,2025-11-02
DON_57080,VOL_10452,25.0,2025-11-30
DON_57081,VOL_10452,50.0,2025-11-30
DON_57082,VOL_10452,25.0,2025-12-07
DON_57083,VOL_10452,25.0,2025-12-07
DON_57084,VOL_10452,50.0,2025-12-11
DON_57085,VOL_10452,10.0,2025-12-21
DON_57086,VOL_10452,25.0,2025-12-28
DON_57087,VOL_10452,100.0,2026-02-19
DON_57088,VOL_10452,25.0,2026-02-19
DON_57089,VOL_10452,25.0,2026-02-19
DON_57090,VOL_10452,100.0,2026-02-26
DON_57091,VOL_10452,100.0,2026-03-12
DON_57092,VOL_10452,10.0,2026-03-29
DON_57093,VOL_10452,10.0,2026-04-02
DON_57094,VOL_10452,10.0,2026-04-02
DON_57095,VOL_10452,25.0,2026-04-23
DON_57096,VOL_10453,100.0,2025-04-27
DON_57097,VOL_10453,50.0,2025-05-01
DON_57098,VOL_10453,10.0,2025-05-11
DON_57099,VOL_10453,25.0,2025-05-25
DON_57100,VOL_10454,25.0,2025-04-17
DON_57101,VOL_10454,25.0,2025-04-20
DON_57102,VOL_10455,50.0,2025-10-12
DON_57103,VOL_10455,10.0,2025-10-26
DON_57104,VOL_10455,25.0,2025-11-06
DON_57105,VOL_10455,10.0,2025-12-11
DON_57106,VOL_10455,10.0,2025-12-18
DON_57107,VOL_10455,10.0,2025-12-18
DON_57108,VOL_10455,10.0,2025-12-25
DON_57109,VOL_10455,10.0,2026-01-08
DON_57110,VOL_10455,50.0,2026-01-15
DON_57111,VOL_10455,10.0,2026-01-22
DON_57112,VOL_10455,25.0,2026-02-12
DON_57113,VOL_10455,25.0,2026-02-22
DON_57114,VOL_10455,10.0,2026-03-12
DON_57115,VOL_10455,50.0,2026-03-19
DON_57116,VOL_10455,100.0,2026-04-09
DON_57117,VOL_10455,25.0,2026-04-16
DON_57118,VOL_10455,10.0,2026-04-16
DON_57119,VOL_10455,10.0,2026-04-23
DON_57120,VOL_10456,10.0,2025-12-07
DON_57121,VOL_10456,10.0,2025-12-11
DON_57122,VOL_10456,100.0,2025-12-11
DON_57123,VOL_10456,25.0,2025-12-18
DON_57124,VOL_10456,25.0,2026-01-29
DON_57125,VOL_10456,100.0,2026-01-29
DON_57126,VOL_10456,10.0,2026-01-29
DON_57127,VOL_10456,50.0,2026-02-26
DON_57128,VOL_10456,10.0,2026-03-15
DON_57129,VOL_10456,10.0,2026-03-15
DON_57130,VOL_10456,10.0,2026-03-15
DON_57131,VOL_10456,10.0,2026-03-29
DON_57132,VOL_10456,50.0,2026-04-02
DON_57133,VOL_10456,25.0,2026-04-05
DON_57134,VOL_10456,10.0,2026-04-16
DON_57135,VOL_10456,50.0,2026-04-26
DON_57136,VOL_10456,10.0,2026-04-30
DON_57137,VOL_10457,25.0,2025-08-14
DON_57138,VOL_10457,10.0,2025-08-24
DON_57139,VOL_10458,25.0,2025-10-19
DON_57140,VOL_10458,100.0,2025-10-23
DON_57141,VOL_10458,25.0,2025-11-09
DON_57142,VOL_10458,25.0,2026-01-18
DON_57143,VOL_10458,100.0,2026-01-29
DON_57144,VOL_10458,50.0,2026-02-01
DON_57145,VOL_10458,50.0,2026-02-15
DON_57146,VOL_10458,10.0,2026-02-19
DON_57147,VOL_10458,10.0,2026-02-22
DON_57148,VOL_10458,10.0,2026-02-22
DON_57149,VOL_10458,50.0,2026-02-26
DON_57150,VOL_10458,10.0,2026-04-05
DON_57151,VOL_10458,10.0,2026-04-23
DON_57152,VOL_10458,100.0,2026-04-26
DON_57153,VOL_10459,10.0,2025-05-04
DON_57154,VOL_10460,10.0,2025-02-06
DON_57155,VOL_10460,25.0,2025-03-02
DON_57156,VOL_10460,25.0,2025-03-16
DON_57157,VOL_10460,10.0,2025-03-30
DON_57158,VOL_10460,10.0,2025-04-03
DON_57159,VOL_10460,10.0,2025-04-27
DON_57160,VOL_10460,10.0,2025-06-08
DON_57161,VOL_10460,10.0,2025-06-15
DON_57162,VOL_10460,25.0,2025-06-15
DON_57163,VOL_10460,50.0,2025-06-19
DON_57164,VOL_10460,25.0,2025-07-20
DON_57165,VOL_10460,50.0,2025-08-17
DON_57166,VOL_10460,50.0,2025-08-17
DON_57167,VOL_10460,50.0,2025-10-26
DON_57168,VOL_10460,10.0,2025-11-02
DON_57169,VOL_10460,10.0,2025-12-21
DON_57170,VOL_10460,100.0,2026-01-18
DON_57171,VOL_10460,100.0,2026-01-22
DON_57172,VOL_10460,10.0,2026-01-22
DON_57173,VOL_10460,10.0,2026-01-29
DON_57174,VOL_10460,10.0,2026-03-05
DON_57175,VOL_10460,10.0,2026-03-12
DON_57176,VOL_10460,10.0,2026-03-19
DON_57177,VOL_10460,25.0,2026-03-29
DON_57178,VOL_10460,10.0,2026-04-05
DON_57179,VOL_10460,25.0,2026-04-16
DON_57180,VOL_10460,25.0,2026-04-19
DON_57181,VOL_10460,25.0,2026-04-23
DON_57182,VOL_10461,25.0,2025-06-08
DON_57183,VOL_10461,10.0,2025-06-15
DON_57184,VOL_10461,10.0,2025-06-29
DON_57185,VOL_10461,10.0,2025-07-17
DON_57186,VOL_10461,10.0,2025-09-11
DON_57187,VOL_10461,50.0,2025-09-21
DON_57188,VOL_10461,100.0,2025-09-28
DON_57189,VOL_10461,25.0,2025-09-28
DON_57190,VOL_10461,10.0,2025-10-05
DON_57191,VOL_10461,25.0,2025-10-05
DON_57192,VOL_10461,10.0,2025-10-05
DON_57193,VOL_10461,25.0,2025-10-12
DON_57194,VOL_10461,10.0,2025-10-30
DON_57195,VOL_10461,25.0,2025-10-30
DON_57196,VOL_10461,25.0,2025-10-30
DON_57197,VOL_10461,10.0,2025-11-02
DON_57198,VOL_10461,50.0,2025-11-16
DON_57199,VOL_10461,50.0,2025-11-16
DON_57200,VOL_10461,10.0,2025-11-16
DON_57201,VOL_10461,100.0,2025-11-20
DON_57202,VOL_10461,50.0,2025-11-23
DON_57203,VOL_10461,50.0,2025-11-27
DON_57204,VOL_10461,25.0,2025-12-04
DON_57205,VOL_10461,10.0,2025-12-07
DON_57206,VOL_10461,25.0,2025-12-11
DON_57207,VOL_10461,25.0,2025-12-25
DON_57208,VOL_10461,25.0,2026-01-08
DON_57209,VOL_10461,10.0,2026-01-18
DON_57210,VOL_10461,50.0,2026-01-29
DON_57211,VOL_10461,25.0,2026-02-12
DON_57212,VOL_10461,10.0,2026-03-01
DON_57213,VOL_10461,25.0,2026-03-05
DON_57214,VOL_10461,10.0,2026-03-05
DON_57215,VOL_10461,50.0,2026-03-29
DON_57216,VOL_10461,25.0,2026-04-02
DON_57217,VOL_10461,25.0,2026-04-23
DON_57218,VOL_10461,25.0,2026-04-30
DON_57219,VOL_10462,10.0,2025-04-27
DON_57220,VOL_10462,50.0,2025-04-27
DON_57221,VOL_10462,25.0,2025-05-11
DON_57222,VOL_10463,10.0,2025-05-18
DON_57223,VOL_10463,10.0,2025-05-25
DON_57224,VOL_10463,10.0,2025-05-25
DON_57225,VOL_10463,10.0,2025-05-29
DON_57226,VOL_10463,10.0,2025-06-01
DON_57227,VOL_10463,50.0,2025-06-15
DON_57228,VOL_10463,10.0,2025-06-15
DON_57229,VOL_10463,50.0,2025-07-27
DON_57230,VOL_10463,10.0,2025-07-31
DON_57231,VOL_10463,10.0,2025-08-07
DON_57232,VOL_10463,25.0,2025-08-07
DON_57233,VOL_10463,50.0,2025-08-17
DON_57234,VOL_10463,50.0,2025-08-31
DON_57235,VOL_10463,10.0,2025-09-04
DON_57236,VOL_10463,10.0,2025-09-21
DON_57237,VOL_10463,100.0,2025-11-09
DON_57238,VOL_10463,25.0,2025-11-09
DON_57239,VOL_10463,25.0,2025-11-13
DON_57240,VOL_10463,10.0,2025-11-23
DON_57241,VOL_10463,25.0,2025-11-23
DON_57242,VOL_10463,25.0,2025-11-23
DON_57243,VOL_10463,10.0,2025-11-23
DON_57244,VOL_10463,25.0,2025-11-27
DON_57245,VOL_10463,50.0,2025-12-04
DON_57246,VOL_10463,10.0,2025-12-11
DON_57247,VOL_10463,25.0,2025-12-11
DON_57248,VOL_10463,50.0,2025-12-14
DON_57249,VOL_10463,50.0,2025-12-28
DON_57250,VOL_10463,25.0,2026-02-08
DON_57251,VOL_10463,10.0,2026-02-12
DON_57252,VOL_10463,25.0,2026-02-22
DON_57253,VOL_10463,50.0,2026-03-22
DON_57254,VOL_10463,10.0,2026-03-29
DON_57255,VOL_10463,100.0,2026-04-16
DON_57256,VOL_10463,25.0,2026-04-26
DON_57257,VOL_10464,10.0,2025-08-24
DON_57258,VOL_10464,10.0,2025-08-28
DON_57259,VOL_10464,10.0,2025-09-04
DON_57260,VOL_10464,25.0,2025-09-21
DON_57261,VOL_10464,10.0,2025-09-21
DON_57262,VOL_10464,25.0,2025-10-19
DON_57263,VOL_10464,25.0,2025-11-23
DON_57264,VOL_10464,10.0,2025-12-07
DON_57265,VOL_10464,10.0,2025-12-18
DON_57266,VOL_10464,10.0,2025-12-18
DON_57267,VOL_10464,50.0,2026-01-29
DON_57268,VOL_10464,50.0,2026-01-29
DON_57269,VOL_10464,25.0,2026-03-12
DON_57270,VOL_10464,25.0,2026-03-12
DON_57271,VOL_10464,10.0,2026-03-19
DON_57272,VOL_10464,100.0,2026-03-26
DON_57273,VOL_10464,25.0,2026-03-29
DON_57274,VOL_10464,25.0,2026-04-26
DON_57275,VOL_10465,50.0,2025-03-06
DON_57276,VOL_10465,50.0,2025-03-20
DON_57277,VOL_10465,25.0,2025-03-23
DON_57278,VOL_10465,25.0,2025-04-06
DON_57279,VOL_10465,50.0,2025-05-04
DON_57280,VOL_10465,50.0,2025-05-15
DON_57281,VOL_10465,50.0,2025-05-18
DON_57282,VOL_10465,100.0,2025-06-05
DON_57283,VOL_10465,25.0,2025-06-15
DON_57284,VOL_10465,25.0,2025-06-22
DON_57285,VOL_10465,100.0,2025-07-17
DON_57286,VOL_10465,25.0,2025-07-20
DON_57287,VOL_10465,25.0,2025-09-04
DON_57288,VOL_10465,25.0,2025-10-02
DON_57289,VOL_10465,25.0,2025-10-12
DON_57290,VOL_10465,10.0,2025-10-19
DON_57291,VOL_10465,10.0,2025-10-30
DON_57292,VOL_10465,10.0,2025-10-30
DON_57293,VOL_10465,25.0,2025-11-13
DON_57294,VOL_10465,25.0,2025-12-11
DON_57295,VOL_10465,50.0,2025-12-18
DON_57296,VOL_10465,50.0,2025-12-18
DON_57297,VOL_10465,25.0,2025-12-25
DON_57298,VOL_10465,25.0,2026-01-15
DON_57299,VOL_10465,25.0,2026-01-15
DON_57300,VOL_10465,100.0,2026-01-29
DON_57301,VOL_10465,25.0,2026-02-05
DON_57302,VOL_10465,25.0,2026-02-05
DON_57303,VOL_10465,25.0,2026-02-19
DON_57304,VOL_10465,25.0,2026-02-22
DON_57305,VOL_10465,50.0,2026-02-26
DON_57306,VOL_10465,25.0,2026-02-26
DON_57307,VOL_10465,25.0,2026-03-01
DON_57308,VOL_10465,10.0,2026-03-12
DON_57309,VOL_10465,100.0,2026-03-19
DON_57310,VOL_10465,10.0,2026-04-30
DON_57311,VOL_10466,25.0,2025-04-13
DON_57312,VOL_10466,25.0,2025-05-22
DON_57313,VOL_10466,10.0,2025-06-19
DON_57314,VOL_10466,50.0,2025-06-19
DON_57315,VOL_10466,10.0,2025-06-22
DON_57316,VOL_10466,10.0,2025-07-06
DON_57317,VOL_10466,10.0,2025-07-10
DON_57318,VOL_10466,10.0,2025-07-20
DON_57319,VOL_10466,25.0,2025-07-31
DON_57320,VOL_10466,50.0,2025-07-31
DON_57321,VOL_10466,25.0,2025-09-28
DON_57322,VOL_10466,25.0,2025-10-02
DON_57323,VOL_10466,10.0,2025-10-12
DON_57324,VOL_10466,10.0,2025-10-23
DON_57325,VOL_10466,10.0,2025-10-30
DON_57326,VOL_10466,10.0,2025-11-16
DON_57327,VOL_10466,25.0,2025-11-23
DON_57328,VOL_10466,10.0,2025-11-23
DON_57329,VOL_10466,10.0,2025-12-07
DON_57330,VOL_10466,10.0,2025-12-14
DON_57331,VOL_10466,100.0,2025-12-18
DON_57332,VOL_10466,10.0,2026-02-01
DON_57333,VOL_10466,100.0,2026-03-05
DON_57334,VOL_10466,25.0,2026-03-12
DON_57335,VOL_10466,10.0,2026-03-26
DON_57336,VOL_10466,50.0,2026-04-12
DON_57337,VOL_10466,10.0,2026-04-16
DON_57338,VOL_10466,25.0,2026-04-23
DON_57339,VOL_10467,100.0,2025-11-20
DON_57340,VOL_10467,25.0,2025-11-27
DON_57341,VOL_10467,100.0,2025-12-21
DON_57342,VOL_10467,25.0,2025-12-25
DON_57343,VOL_10467,100.0,2026-01-04
DON_57344,VOL_10467,10.0,2026-01-08
DON_57345,VOL_10467,10.0,2026-01-15
DON_57346,VOL_10467,50.0,2026-01-25
DON_57347,VOL_10467,25.0,2026-02-12
DON_57348,VOL_10467,25.0,2026-03-01
DON_57349,VOL_10467,10.0,2026-03-12
DON_57350,VOL_10467,10.0,2026-03-12
DON_57351,VOL_10467,10.0,2026-03-22
DON_57352,VOL_10467,25.0,2026-03-29
DON_57353,VOL_10467,50.0,2026-04-09
DON_57354,VOL_10467,50.0,2026-04-30
DON_57355,VOL_10468,10.0,2025-11-13
DON_57356,VOL_10468,25.0,2025-11-16
DON_57357,VOL_10468,25.0,2025-11-16
DON_57358,VOL_10468,25.0,2025-11-20
DON_57359,VOL_10468,50.0,2025-11-27
DON_57360,VOL_10468,10.0,2025-12-07
DON_57361,VOL_10468,100.0,2025-12-18
DON_57362,VOL_10468,50.0,2026-01-29
DON_57363,VOL_10468,25.0,2026-02-12
DON_57364,VOL_10468,25.0,2026-03-05
DON_57365,VOL_10468,25.0,2026-04-09
DON_57366,VOL_10468,50.0,2026-04-23
DON_57367,VOL_10469,50.0,2025-01-30
DON_57368,VOL_10469,10.0,2025-04-10
DON_57369,VOL_10469,25.0,2025-04-20
DON_57370,VOL_10469,100.0,2025-04-20
DON_57371,VOL_10469,10.0,2025-04-24
DON_57372,VOL_10469,25.0,2025-04-27
DON_57373,VOL_10469,100.0,2025-05-01
DON_57374,VOL_10469,25.0,2025-05-04
DON_57375,VOL_10469,50.0,2025-06-01
DON_57376,VOL_10469,10.0,2025-06-08
DON_57377,VOL_10469,25.0,2025-06-15
DON_57378,VOL_10469,10.0,2025-06-19
DON_57379,VOL_10469,10.0,2025-06-19
DON_57380,VOL_10469,50.0,2025-07-06
DON_57381,VOL_10469,25.0,2025-07-10
DON_57382,VOL_10469,10.0,2025-07-17
DON_57383,VOL_10469,50.0,2025-07-20
DON_57384,VOL_10469,10.0,2025-07-24
DON_57385,VOL_10469,10.0,2025-07-27
DON_57386,VOL_10469,25.0,2025-09-11
DON_57387,VOL_10469,100.0,2025-09-18
DON_57388,VOL_10469,10.0,2025-10-05
DON_57389,VOL_10469,10.0,2025-10-23
DON_57390,VOL_10469,25.0,2025-11-09
DON_57391,VOL_10469,10.0,2025-11-09
DON_57392,VOL_10469,10.0,2025-11-16
DON_57393,VOL_10469,50.0,2025-11-23
DON_57394,VOL_10469,10.0,2025-12-11
DON_57395,VOL_10469,25.0,2026-01-15
DON_57396,VOL_10469,25.0,2026-02-12
DON_57397,VOL_10469,25.0,2026-02-19
DON_57398,VOL_10469,50.0,2026-02-26
DON_57399,VOL_10469,25.0,2026-03-05
DON_57400,VOL_10469,50.0,2026-03-05
DON_57401,VOL_10469,25.0,2026-03-22
DON_57402,VOL_10469,100.0,2026-03-26
DON_57403,VOL_10469,10.0,2026-03-29
DON_57404,VOL_10469,100.0,2026-04-30
DON_57405,VOL_10470,10.0,2025-06-29
DON_57406,VOL_10470,10.0,2025-07-10
DON_57407,VOL_10471,100.0,2025-10-02
DON_57408,VOL_10472,10.0,2025-06-29
DON_57409,VOL_10472,25.0,2025-07-06
DON_57410,VOL_10472,10.0,2025-07-06
DON_57411,VOL_10472,50.0,2025-07-27
DON_57412,VOL_10473,10.0,2025-04-13
DON_57413,VOL_10473,100.0,2025-04-24
DON_57414,VOL_10473,25.0,2025-05-08
DON_57415,VOL_10473,25.0,2025-05-11
DON_57416,VOL_10473,25.0,2025-05-18
DON_57417,VOL_10473,25.0,2025-05-29
DON_57418,VOL_10473,10.0,2025-05-29
DON_57419,VOL_10473,25.0,2025-07-06
DON_57420,VOL_10473,10.0,2025-07-20
DON_57421,VOL_10473,25.0,2025-07-24
DON_57422,VOL_10473,50.0,2025-08-10
DON_57423,VOL_10473,10.0,2025-08-17
DON_57424,VOL_10473,100.0,2025-08-31
DON_57425,VOL_10473,50.0,2025-09-04
DON_57426,VOL_10473,50.0,2025-09-28
DON_57427,VOL_10473,25.0,2025-10-02
DON_57428,VOL_10473,10.0,2025-10-16
DON_57429,VOL_10473,50.0,2025-10-23
DON_57430,VOL_10473,50.0,2025-10-26
DON_57431,VOL_10473,25.0,2025-11-02
DON_57432,VOL_10473,100.0,2025-11-16
DON_57433,VOL_10473,25.0,2025-11-23
DON_57434,VOL_10473,50.0,2025-11-23
DON_57435,VOL_10473,10.0,2025-11-27
DON_57436,VOL_10473,100.0,2025-12-11
DON_57437,VOL_10473,25.0,2026-01-18
DON_57438,VOL_10473,25.0,2026-01-22
DON_57439,VOL_10473,10.0,2026-02-08
DON_57440,VOL_10473,25.0,2026-03-12
DON_57441,VOL_10473,50.0,2026-03-15
DON_57442,VOL_10473,25.0,2026-03-15
DON_57443,VOL_10473,25.0,2026-04-19
DON_57444,VOL_10473,10.0,2026-04-26
DON_57445,VOL_10474,100.0,2025-06-29
DON_57446,VOL_10474,100.0,2025-07-10
DON_57447,VOL_10474,10.0,2025-07-20
DON_57448,VOL_10475,10.0,2026-02-01
DON_57449,VOL_10475,25.0,2026-02-26
DON_57450,VOL_10475,10.0,2026-03-19
DON_57451,VOL_10475,10.0,2026-03-29
DON_57452,VOL_10477,50.0,2025-11-27
DON_57453,VOL_10477,10.0,2025-12-14
DON_57454,VOL_10478,10.0,2026-01-25
DON_57455,VOL_10478,10.0,2026-02-22
DON_57456,VOL_10478,10.0,2026-03-15
DON_57457,VOL_10478,100.0,2026-03-29
DON_57458,VOL_10478,10.0,2026-04-05
DON_57459,VOL_10478,100.0,2026-04-19
DON_57460,VOL_10478,10.0,2026-04-30
DON_57461,VOL_10479,10.0,2025-12-14
DON_57462,VOL_10480,10.0,2025-06-22
DON_57463,VOL_10480,100.0,2025-07-27
DON_57464,VOL_10480,10.0,2025-07-31
DON_57465,VOL_10480,50.0,2025-08-03
DON_57466,VOL_10480,50.0,2025-08-17
DON_57467,VOL_10480,50.0,2025-08-24
DON_57468,VOL_10480,100.0,2025-09-21
DON_57469,VOL_10480,50.0,2025-10-12
DON_57470,VOL_10480,50.0,2025-10-23
DON_57471,VOL_10480,10.0,2025-10-26
DON_57472,VOL_10480,10.0,2025-12-04
DON_57473,VOL_10480,50.0,2025-12-11
DON_57474,VOL_10480,10.0,2025-12-18
DON_57475,VOL_10480,25.0,2025-12-28
DON_57476,VOL_10480,50.0,2026-01-01
DON_57477,VOL_10480,10.0,2026-01-18
DON_57478,VOL_10480,50.0,2026-01-22
DON_57479,VOL_10480,100.0,2026-02-08
DON_57480,VOL_10480,25.0,2026-02-15
DON_57481,VOL_10480,25.0,2026-02-26
DON_57482,VOL_10480,25.0,2026-02-26
DON_57483,VOL_10480,25.0,2026-03-08
DON_57484,VOL_10480,10.0,2026-03-19
DON_57485,VOL_10480,10.0,2026-04-05
DON_57486,VOL_10480,50.0,2026-04-12
DON_57487,VOL_10480,10.0,2026-04-16
DON_57488,VOL_10480,25.0,2026-04-16
DON_57489,VOL_10481,10.0,2025-01-16
DON_57490,VOL_10481,10.0,2025-01-19
DON_57491,VOL_10481,100.0,2025-02-09
DON_57492,VOL_10481,25.0,2025-03-16
DON_57493,VOL_10481,100.0,2025-03-30
DON_57494,VOL_10481,100.0,2025-04-06
DON_57495,VOL_10481,10.0,2025-04-10
DON_57496,VOL_10481,25.0,2025-04-27
DON_57497,VOL_10481,25.0,2025-04-27
DON_57498,VOL_10481,10.0,2025-05-01
DON_57499,VOL_10481,10.0,2025-06-15
DON_57500,VOL_10481,10.0,2025-07-20
DON_57501,VOL_10481,10.0,2025-07-27
DON_57502,VOL_10481,50.0,2025-07-31
DON_57503,VOL_10481,100.0,2025-08-24
DON_57504,VOL_10481,25.0,2025-09-14
DON_57505,VOL_10481,25.0,2025-10-23
DON_57506,VOL_10481,50.0,2025-10-26
DON_57507,VOL_10481,25.0,2025-10-26
DON_57508,VOL_10481,10.0,2025-11-02
DON_57509,VOL_10481,25.0,2025-11-06
DON_57510,VOL_10481,10.0,2025-11-23
DON_57511,VOL_10481,10.0,2025-12-18
DON_57512,VOL_10481,10.0,2026-01-01
DON_57513,VOL_10481,10.0,2026-01-08
DON_57514,VOL_10481,10.0,2026-02-26
DON_57515,VOL_10481,25.0,2026-04-12
DON_57516,VOL_10482,10.0,2025-06-05
DON_57517,VOL_10482,10.0,2025-06-08
DON_57518,VOL_10482,25.0,2025-06-19
DON_57519,VOL_10482,25.0,2025-06-26
DON_57520,VOL_10482,25.0,2025-07-17
DON_57521,VOL_10482,100.0,2025-08-07
DON_57522,VOL_10482,10.0,2025-08-31
DON_57523,VOL_10482,10.0,2025-09-18
DON_57524,VOL_10482,25.0,2025-10-12
DON_57525,VOL_10482,25.0,2025-10-26
DON_57526,VOL_10482,10.0,2025-11-06
DON_57527,VOL_10482,10.0,2025-11-06
DON_57528,VOL_10482,100.0,2025-11-13
DON_57529,VOL_10482,50.0,2025-11-16
DON_57530,VOL_10482,10.0,2025-11-20
DON_57531,VOL_10482,50.0,2025-11-27
DON_57532,VOL_10482,10.0,2025-12-21
DON_57533,VOL_10482,50.0,2025-12-28
DON_57534,VOL_10482,10.0,2026-01-04
DON_57535,VOL_10482,25.0,2026-01-08
DON_57536,VOL_10482,25.0,2026-01-22
DON_57537,VOL_10482,10.0,2026-02-01
DON_57538,VOL_10482,10.0,2026-02-22
DON_57539,VOL_10482,100.0,2026-02-26
DON_57540,VOL_10482,25.0,2026-02-26
DON_57541,VOL_10482,10.0,2026-03-05
DON_57542,VOL_10482,100.0,2026-03-12
DON_57543,VOL_10482,25.0,2026-04-02
DON_57544,VOL_10482,10.0,2026-04-12
DON_57545,VOL_10483,10.0,2025-11-20
DON_57546,VOL_10483,25.0,2025-11-23
DON_57547,VOL_10483,10.0,2025-12-04
DON_57548,VOL_10483,50.0,2025-12-11
DON_57549,VOL_10483,25.0,2025-12-14
DON_57550,VOL_10483,25.0,2025-12-21
DON_57551,VOL_10483,25.0,2026-01-04
DON_57552,VOL_10483,10.0,2026-01-29
DON_57553,VOL_10483,10.0,2026-02-01
DON_57554,VOL_10483,25.0,2026-03-01
DON_57555,VOL_10483,25.0,2026-03-05
DON_57556,VOL_10483,10.0,2026-03-12
DON_57557,VOL_10483,10.0,2026-04-16
DON_57558,VOL_10484,10.0,2026-01-08
DON_57559,VOL_10484,25.0,2026-01-22
DON_57560,VOL_10484,10.0,2026-02-01
DON_57561,VOL_10484,100.0,2026-02-08
DON_57562,VOL_10484,25.0,2026-02-26
DON_57563,VOL_10484,100.0,2026-03-12
DON_57564,VOL_10484,25.0,2026-04-16
DON_57565,VOL_10484,50.0,2026-04-30
DON_57566,VOL_10485,50.0,2026-02-19
DON_57567,VOL_10485,10.0,2026-02-22
DON_57568,VOL_10485,25.0,2026-04-19
DON_57569,VOL_10487,25.0,2025-11-23
DON_57570,VOL_10487,25.0,2025-11-27
DON_57571,VOL_10487,50.0,2025-11-30
DON_57572,VOL_10487,25.0,2025-12-07
DON_57573,VOL_10487,10.0,2025-12-11
DON_57574,VOL_10487,100.0,2025-12-14
DON_57575,VOL_10487,25.0,2025-12-21
DON_57576,VOL_10487,25.0,2025-12-21
DON_57577,VOL_10487,10.0,2026-01-04
DON_57578,VOL_10487,25.0,2026-02-26
DON_57579,VOL_10487,10.0,2026-03-05
DON_57580,VOL_10487,100.0,2026-03-05
DON_57581,VOL_10487,10.0,2026-03-12
DON_57582,VOL_10487,100.0,2026-03-29
DON_57583,VOL_10487,50.0,2026-04-02
DON_57584,VOL_10487,25.0,2026-04-26
DON_57585,VOL_10487,10.0,2026-04-26
DON_57586,VOL_10487,50.0,2026-04-30
DON_57587,VOL_10489,25.0,2025-09-28
DON_57588,VOL_10489,10.0,2025-10-05
DON_57589,VOL_10489,10.0,2025-10-12
DON_57590,VOL_10489,25.0,2025-10-30
DON_57591,VOL_10489,50.0,2025-11-06
DON_57592,VOL_10489,25.0,2025-11-09
DON_57593,VOL_10489,25.0,2025-11-09
DON_57594,VOL_10489,10.0,2025-11-16
DON_57595,VOL_10489,25.0,2025-11-16
DON_57596,VOL_10489,10.0,2025-12-18
DON_57597,VOL_10489,25.0,2025-12-18
DON_57598,VOL_10489,100.0,2026-01-15
DON_57599,VOL_10489,10.0,2026-01-22
DON_57600,VOL_10489,100.0,2026-02-26
DON_57601,VOL_10489,100.0,2026-03-05
DON_57602,VOL_10489,50.0,2026-04-30
DON_57603,VOL_10490,25.0,2025-04-06
DON_57604,VOL_10490,50.0,2025-04-10
DON_57605,VOL_10491,25.0,2025-04-13
DON_57606,VOL_10491,10.0,2025-04-13
DON_57607,VOL_10491,10.0,2025-04-17
DON_57608,VOL_10491,25.0,2025-04-24
DON_57609,VOL_10491,25.0,2025-04-24
DON_57610,VOL_10491,50.0,2025-05-08
DON_57611,VOL_10491,25.0,2025-06-12
DON_57612,VOL_10491,25.0,2025-06-22
DON_57613,VOL_10491,50.0,2025-07-06
DON_57614,VOL_10491,50.0,2025-07-13
DON_57615,VOL_10491,25.0,2025-08-17
DON_57616,VOL_10491,50.0,2025-09-28
DON_57617,VOL_10491,25.0,2025-10-02
DON_57618,VOL_10491,25.0,2025-10-02
DON_57619,VOL_10491,100.0,2025-10-16
DON_57620,VOL_10491,50.0,2025-10-26
DON_57621,VOL_10491,10.0,2025-11-06
DON_57622,VOL_10491,10.0,2025-11-13
DON_57623,VOL_10491,10.0,2025-11-27
DON_57624,VOL_10491,10.0,2025-11-27
DON_57625,VOL_10491,50.0,2025-12-04
DON_57626,VOL_10491,25.0,2025-12-07
DON_57627,VOL_10491,25.0,2025-12-14
DON_57628,VOL_10491,10.0,2025-12-18
DON_57629,VOL_10491,50.0,2025-12-21
DON_57630,VOL_10491,10.0,2025-12-25
DON_57631,VOL_10491,100.0,2025-12-25
DON_57632,VOL_10491,10.0,2026-01-08
DON_57633,VOL_10491,10.0,2026-02-05
DON_57634,VOL_10491,25.0,2026-03-05
DON_57635,VOL_10491,10.0,2026-03-22
DON_57636,VOL_10491,25.0,2026-04-09
DON_57637,VOL_10491,50.0,2026-04-16
DON_57638,VOL_10491,25.0,2026-04-23
DON_57639,VOL_10491,25.0,2026-04-26
DON_57640,VOL_10492,25.0,2025-07-10
DON_57641,VOL_10492,25.0,2025-07-20
DON_57642,VOL_10492,50.0,2025-07-31
DON_57643,VOL_10492,50.0,2025-08-10
DON_57644,VOL_10492,50.0,2025-08-14
DON_57645,VOL_10492,100.0,2025-08-24
DON_57646,VOL_10493,50.0,2025-01-19
DON_57647,VOL_10493,10.0,2025-02-02
DON_57648,VOL_10493,25.0,2025-02-02
DON_57649,VOL_10493,10.0,2025-02-06
DON_57650,VOL_10493,10.0,2025-02-09
DON_57651,VOL_10494,25.0,2025-06-08
DON_57652,VOL_10494,25.0,2025-07-17
DON_57653,VOL_10494,25.0,2025-08-10
DON_57654,VOL_10494,10.0,2025-08-24
DON_57655,VOL_10494,10.0,2025-09-14
DON_57656,VOL_10494,50.0,2025-09-21
DON_57657,VOL_10494,25.0,2025-10-12
DON_57658,VOL_10494,25.0,2025-10-16
DON_57659,VOL_10494,50.0,2025-10-23
DON_57660,VOL_10494,10.0,2025-11-13
DON_57661,VOL_10494,10.0,2025-11-16
DON_57662,VOL_10494,50.0,2025-11-27
DON_57663,VOL_10494,10.0,2025-12-25
DON_57664,VOL_10494,10.0,2026-01-08
DON_57665,VOL_10494,25.0,2026-01-15
DON_57666,VOL_10494,10.0,2026-01-18
DON_57667,VOL_10494,100.0,2026-02-05
DON_57668,VOL_10494,100.0,2026-03-05
DON_57669,VOL_10494,100.0,2026-03-19
DON_57670,VOL_10494,10.0,2026-03-29
DON_57671,VOL_10494,10.0,2026-04-02
DON_57672,VOL_10494,25.0,2026-04-09
DON_57673,VOL_10494,25.0,2026-04-12
DON_57674,VOL_10495,50.0,2025-11-02
DON_57675,VOL_10495,25.0,2025-11-16
DON_57676,VOL_10495,10.0,2025-11-27
DON_57677,VOL_10495,10.0,2025-12-04
DON_57678,VOL_10495,10.0,2025-12-11
DON_57679,VOL_10495,50.0,2025-12-18
DON_57680,VOL_10495,10.0,2025-12-18
DON_57681,VOL_10495,10.0,2026-02-08
DON_57682,VOL_10495,10.0,2026-02-12
DON_57683,VOL_10495,10.0,2026-02-26
DON_57684,VOL_10495,10.0,2026-03-15
DON_57685,VOL_10495,10.0,2026-03-15
DON_57686,VOL_10495,10.0,2026-03-19
DON_57687,VOL_10496,10.0,2025-06-29
DON_57688,VOL_10496,50.0,2025-07-06
DON_57689,VOL_10496,10.0,2025-07-17
DON_57690,VOL_10496,50.0,2025-07-24
DON_57691,VOL_10497,100.0,2025-04-17
DON_57692,VOL_10497,50.0,2025-04-27
DON_57693,VOL_10497,10.0,2025-06-01
DON_57694,VOL_10497,50.0,2025-06-26
DON_57695,VOL_10497,10.0,2025-06-26
DON_57696,VOL_10497,100.0,2025-07-03
DON_57697,VOL_10497,10.0,2025-07-10
DON_57698,VOL_10497,25.0,2025-07-17
DON_57699,VOL_10497,10.0,2025-07-20
DON_57700,VOL_10497,10.0,2025-07-27
DON_57701,VOL_10497,25.0,2025-07-27
DON_57702,VOL_10497,100.0,2025-08-07
DON_57703,VOL_10497,100.0,2025-08-07
DON_57704,VOL_10497,10.0,2025-08-17
DON_57705,VOL_10497,10.0,2025-08-24
DON_57706,VOL_10497,10.0,2025-09-21
DON_57707,VOL_10497,25.0,2025-10-30
DON_57708,VOL_10497,10.0,2025-11-06
DON_57709,VOL_10497,10.0,2025-11-09
DON_57710,VOL_10497,100.0,2025-11-23
DON_57711,VOL_10497,10.0,2025-11-27
DON_57712,VOL_10497,10.0,2025-12-07
DON_57713,VOL_10497,25.0,2025-12-18
DON_57714,VOL_10497,25.0,2026-01-04
DON_57715,VOL_10497,25.0,2026-01-08
DON_57716,VOL_10497,25.0,2026-01-29
DON_57717,VOL_10497,50.0,2026-02-12
DON_57718,VOL_10497,50.0,2026-02-15
DON_57719,VOL_10497,50.0,2026-02-26
DON_57720,VOL_10497,10.0,2026-03-12
DON_57721,VOL_10497,10.0,2026-03-12
DON_57722,VOL_10497,10.0,2026-03-15
DON_57723,VOL_10497,50.0,2026-04-09
DON_57724,VOL_10497,10.0,2026-04-12
DON_57725,VOL_10497,50.0,2026-04-19
DON_57726,VOL_10498,25.0,2025-07-20
DON_57727,VOL_10498,25.0,2025-07-31
DON_57728,VOL_10498,10.0,2025-08-17
DON_57729,VOL_10498,10.0,2025-08-21
DON_57730,VOL_10498,10.0,2025-09-14
DON_57731,VOL_10498,10.0,2025-10-16
DON_57732,VOL_10498,100.0,2025-10-23
DON_57733,VOL_10498,10.0,2025-10-26
DON_57734,VOL_10498,10.0,2025-10-30
DON_57735,VOL_10498,25.0,2025-11-06
DON_57736,VOL_10498,25.0,2026-01-11
DON_57737,VOL_10498,25.0,2026-01-29
DON_57738,VOL_10498,10.0,2026-02-08
DON_57739,VOL_10498,100.0,2026-02-26
DON_57740,VOL_10498,50.0,2026-04-23
DON_57741,VOL_10499,100.0,2025-03-06
DON_57742,VOL_10500,25.0,2025-10-12
DON_57743,VOL_10500,10.0,2025-10-19
DON_57744,VOL_10500,25.0,2025-10-26
DON_57745,VOL_10500,10.0,2025-10-26
DON_57746,VOL_10500,25.0,2025-11-13
DON_57747,VOL_10500,25.0,2026-01-01
DON_57748,VOL_10500,10.0,2026-01-18
DON_57749,VOL_10500,10.0,2026-01-22
DON_57750,VOL_10500,50.0,2026-01-22
DON_57751,VOL_10500,10.0,2026-01-25
DON_57752,VOL_10500,50.0,2026-02-01
DON_57753,VOL_10500,25.0,2026-02-19
DON_57754,VOL_10500,10.0,2026-03-01
DON_57755,VOL_10500,10.0,2026-03-05
DON_57756,VOL_10500,50.0,2026-03-08
DON_57757,VOL_10500,25.0,2026-04-19
DON_57758,VOL_10500,25.0,2026-04-23
DON_57759,VOL_10500,10.0,2026-04-26
DON_57760,VOL_10500,10.0,2026-04-26
DON_57761,VOL_10501,10.0,2025-01-16
DON_57762,VOL_10501,25.0,2025-02-02
DON_57763,VOL_10501,50.0,2025-02-09
DON_57764,VOL_10501,25.0,2025-02-23
DON_57765,VOL_10501,25.0,2025-02-23
DON_57766,VOL_10501,25.0,2025-04-20
DON_57767,VOL_10501,25.0,2025-04-27
DON_57768,VOL_10501,25.0,2025-04-27
DON_57769,VOL_10501,10.0,2025-05-29
DON_57770,VOL_10501,25.0,2025-07-17
DON_57771,VOL_10501,10.0,2025-07-20
DON_57772,VOL_10501,50.0,2025-07-31
DON_57773,VOL_10501,100.0,2025-08-03
DON_57774,VOL_10501,10.0,2025-08-10
DON_57775,VOL_10501,100.0,2025-08-21
DON_57776,VOL_10501,25.0,2025-08-24
DON_57777,VOL_10501,25.0,2025-09-11
DON_57778,VOL_10501,10.0,2025-09-14
DON_57779,VOL_10501,50.0,2025-09-21
DON_57780,VOL_10501,10.0,2025-11-02
DON_57781,VOL_10501,25.0,2025-11-06
DON_57782,VOL_10501,100.0,2025-11-13
DON_57783,VOL_10501,100.0,2025-11-16
DON_57784,VOL_10501,10.0,2025-12-14
DON_57785,VOL_10501,100.0,2026-01-08
DON_57786,VOL_10501,25.0,2026-01-22
DON_57787,VOL_10501,25.0,2026-01-29
DON_57788,VOL_10501,25.0,2026-02-01
DON_57789,VOL_10501,25.0,2026-02-08
DON_57790,VOL_10501,100.0,2026-02-08
DON_57791,VOL_10501,10.0,2026-02-22
DON_57792,VOL_10501,25.0,2026-02-26
DON_57793,VOL_10501,10.0,2026-02-26
DON_57794,VOL_10501,100.0,2026-03-19
DON_57795,VOL_10501,25.0,2026-04-05
DON_57796,VOL_10501,10.0,2026-04-12
DON_57797,VOL_10501,25.0,2026-04-19
DON_57798,VOL_10501,25.0,2026-04-26
DON_57799,VOL_10502,10.0,2025-06-22
DON_57800,VOL_10502,10.0,2025-06-29
DON_57801,VOL_10502,25.0,2025-07-06
DON_57802,VOL_10503,25.0,2025-09-21
DON_57803,VOL_10503,10.0,2025-10-05
DON_57804,VOL_10503,50.0,2025-10-12
DON_57805,VOL_10503,100.0,2025-10-26
DON_57806,VOL_10503,50.0,2025-11-06
DON_57807,VOL_10503,50.0,2025-11-16
DON_57808,VOL_10503,50.0,2025-11-20
DON_57809,VOL_10503,10.0,2025-11-27
DON_57810,VOL_10503,10.0,2025-11-30
DON_57811,VOL_10503,25.0,2025-11-30
DON_57812,VOL_10503,25.0,2025-12-04
DON_57813,VOL_10503,25.0,2025-12-07
DON_57814,VOL_10503,25.0,2025-12-14
DON_57815,VOL_10503,10.0,2026-02-08
DON_57816,VOL_10503,10.0,2026-03-15
DON_57817,VOL_10503,10.0,2026-03-26
DON_57818,VOL_10503,100.0,2026-04-16
DON_57819,VOL_10503,10.0,2026-04-19
DON_57820,VOL_10503,25.0,2026-04-30
DON_57821,VOL_10504,25.0,2025-01-19
DON_57822,VOL_10504,100.0,2025-01-30
DON_57823,VOL_10504,10.0,2025-02-02
DON_57824,VOL_10504,25.0,2025-02-02
DON_57825,VOL_10504,100.0,2025-02-20
DON_57826,VOL_10504,100.0,2025-02-23
DON_57827,VOL_10504,50.0,2025-03-20
DON_57828,VOL_10504,10.0,2025-04-06
DON_57829,VOL_10504,50.0,2025-04-17
DON_57830,VOL_10504,25.0,2025-04-20
DON_57831,VOL_10504,25.0,2025-05-08
DON_57832,VOL_10504,10.0,2025-06-01
DON_57833,VOL_10504,25.0,2025-07-13
DON_57834,VOL_10504,10.0,2025-07-13
DON_57835,VOL_10504,25.0,2025-07-20
DON_57836,VOL_10504,25.0,2025-08-17
DON_57837,VOL_10504,10.0,2025-08-17
DON_57838,VOL_10504,50.0,2025-08-21
DON_57839,VOL_10504,10.0,2025-08-24
DON_57840,VOL_10504,25.0,2025-08-24
DON_57841,VOL_10504,10.0,2025-09-14
DON_57842,VOL_10504,10.0,2025-10-02
DON_57843,VOL_10504,100.0,2025-10-23
DON_57844,VOL_10504,10.0,2025-10-30
DON_57845,VOL_10504,25.0,2025-11-02
DON_57846,VOL_10504,10.0,2025-11-13
DON_57847,VOL_10504,25.0,2025-12-25
DON_57848,VOL_10504,25.0,2026-01-04
DON_57849,VOL_10504,10.0,2026-02-12
DON_57850,VOL_10504,10.0,2026-03-26
DON_57851,VOL_10504,10.0,2026-04-05
DON_57852,VOL_10504,100.0,2026-04-26
DON_57853,VOL_10505,25.0,2025-10-02
DON_57854,VOL_10505,25.0,2025-10-23
DON_57855,VOL_10505,25.0,2025-11-02
DON_57856,VOL_10505,10.0,2025-11-23
DON_57857,VOL_10505,50.0,2025-12-14
DON_57858,VOL_10505,25.0,2025-12-21
DON_57859,VOL_10505,10.0,2026-01-18
DON_57860,VOL_10505,10.0,2026-02-05
DON_57861,VOL_10505,50.0,2026-02-26
DON_57862,VOL_10505,50.0,2026-03-26
DON_57863,VOL_10505,10.0,2026-04-12
DON_57864,VOL_10505,50.0,2026-04-16
DON_57865,VOL_10505,25.0,2026-04-23
DON_57866,VOL_10505,10.0,2026-04-30
DON_57867,VOL_10506,50.0,2025-03-16
DON_57868,VOL_10506,10.0,2025-03-20
DON_57869,VOL_10506,100.0,2025-03-23
DON_57870,VOL_10506,50.0,2025-03-27
DON_57871,VOL_10506,10.0,2025-04-03
DON_57872,VOL_10507,100.0,2025-07-24
DON_57873,VOL_10507,25.0,2025-08-07
DON_57874,VOL_10507,50.0,2025-09-11
DON_57875,VOL_10507,25.0,2025-10-23
DON_57876,VOL_10507,10.0,2025-11-02
DON_57877,VOL_10507,100.0,2025-11-09
DON_57878,VOL_10507,10.0,2025-11-16
DON_57879,VOL_10507,100.0,2026-01-15
DON_57880,VOL_10507,100.0,2026-02-01
DON_57881,VOL_10507,25.0,2026-03-15
DON_57882,VOL_10507,100.0,2026-03-29
DON_57883,VOL_10508,10.0,2025-02-02
DON_57884,VOL_10508,10.0,2025-05-01
DON_57885,VOL_10508,25.0,2025-05-01
DON_57886,VOL_10508,25.0,2025-05-08
DON_57887,VOL_10508,100.0,2025-05-15
DON_57888,VOL_10508,25.0,2025-06-01
DON_57889,VOL_10508,10.0,2025-06-15
DON_57890,VOL_10508,10.0,2025-06-15
DON_57891,VOL_10508,25.0,2025-06-19
DON_57892,VOL_10508,50.0,2025-08-07
DON_57893,VOL_10508,10.0,2025-08-14
DON_57894,VOL_10508,10.0,2025-08-24
DON_57895,VOL_10508,100.0,2025-08-28
DON_57896,VOL_10508,10.0,2025-10-12
DON_57897,VOL_10508,25.0,2025-10-23
DON_57898,VOL_10508,100.0,2025-10-30
DON_57899,VOL_10508,25.0,2025-11-09
DON_57900,VOL_10508,25.0,2025-11-09
DON_57901,VOL_10508,100.0,2025-11-13
DON_57902,VOL_10508,10.0,2025-11-16
DON_57903,VOL_10508,25.0,2025-11-23
DON_57904,VOL_10508,10.0,2025-12-04
DON_57905,VOL_10508,25.0,2025-12-21
DON_57906,VOL_10508,50.0,2026-01-08
DON_57907,VOL_10508,10.0,2026-01-11
DON_57908,VOL_10508,25.0,2026-03-15
DON_57909,VOL_10508,10.0,2026-03-19
DON_57910,VOL_10508,10.0,2026-03-26
DON_57911,VOL_10508,25.0,2026-04-02
DON_57912,VOL_10509,10.0,2025-06-22
DON_57913,VOL_10509,10.0,2025-07-06
DON_57914,VOL_10509,50.0,2025-07-13
DON_57915,VOL_10509,50.0,2025-07-27
DON_57916,VOL_10509,10.0,2025-07-27
DON_57917,VOL_10509,10.0,2025-08-03
DON_57918,VOL_10509,50.0,2025-08-03
DON_57919,VOL_10509,10.0,2025-09-21
DON_57920,VOL_10509,50.0,2025-09-21
DON_57921,VOL_10509,50.0,2025-09-28
DON_57922,VOL_10509,25.0,2025-11-02
DON_57923,VOL_10509,50.0,2025-11-13
DON_57924,VOL_10509,50.0,2025-11-27
DON_57925,VOL_10509,50.0,2025-11-30
DON_57926,VOL_10509,10.0,2025-12-04
DON_57927,VOL_10509,10.0,2025-12-04
DON_57928,VOL_10509,25.0,2025-12-28
DON_57929,VOL_10509,50.0,2026-01-01
DON_57930,VOL_10509,25.0,2026-01-29
DON_57931,VOL_10509,50.0,2026-02-15
DON_57932,VOL_10509,25.0,2026-02-19
DON_57933,VOL_10509,50.0,2026-02-19
DON_57934,VOL_10509,25.0,2026-04-23
DON_57935,VOL_10510,10.0,2025-04-17
DON_57936,VOL_10510,25.0,2025-04-17
DON_57937,VOL_10510,10.0,2025-05-08
DON_57938,VOL_10510,25.0,2025-05-08
DON_57939,VOL_10510,50.0,2025-05-25
DON_57940,VOL_10510,10.0,2025-06-01
DON_57941,VOL_10510,25.0,2025-08-07
DON_57942,VOL_10510,25.0,2025-08-17
DON_57943,VOL_10510,25.0,2025-08-24
DON_57944,VOL_10510,25.0,2025-10-02
DON_57945,VOL_10510,100.0,2025-10-23
DON_57946,VOL_10510,10.0,2025-10-26
DON_57947,VOL_10510,10.0,2025-10-26
DON_57948,VOL_10510,10.0,2025-11-02
DON_57949,VOL_10510,25.0,2025-11-13
DON_57950,VOL_10510,25.0,2025-11-13
DON_57951,VOL_10510,25.0,2025-11-23
DON_57952,VOL_10510,100.0,2025-11-27
DON_57953,VOL_10510,10.0,2025-11-27
DON_57954,VOL_10510,100.0,2025-12-14
DON_57955,VOL_10510,100.0,2025-12-14
DON_57956,VOL_10510,25.0,2025-12-18
DON_57957,VOL_10510,10.0,2026-01-29
DON_57958,VOL_10510,25.0,2026-02-12
DON_57959,VOL_10510,10.0,2026-03-05
DON_57960,VOL_10510,100.0,2026-03-19
DON_57961,VOL_10510,10.0,2026-04-02
DON_57962,VOL_10510,10.0,2026-04-09
DON_57963,VOL_10510,50.0,2026-04-16
DON_57964,VOL_10511,25.0,2025-05-22
DON_57965,VOL_10511,50.0,2025-05-29
DON_57966,VOL_10511,25.0,2025-06-01
DON_57967,VOL_10511,10.0,2025-06-01
DON_57968,VOL_10511,50.0,2025-06-01
DON_57969,VOL_10511,25.0,2025-06-08
DON_57970,VOL_10511,100.0,2025-06-22
DON_57971,VOL_10511,25.0,2025-06-22
DON_57972,VOL_10511,100.0,2025-06-26
DON_57973,VOL_10511,10.0,2025-07-06
DON_57974,VOL_10511,25.0,2025-07-13
DON_57975,VOL_10511,10.0,2025-07-20
DON_57976,VOL_10511,10.0,2025-08-17
DON_57977,VOL_10511,25.0,2025-08-28
DON_57978,VOL_10511,25.0,2025-08-31
DON_57979,VOL_10511,25.0,2025-09-14
DON_57980,VOL_10511,10.0,2025-09-14
DON_57981,VOL_10511,25.0,2025-10-02
DON_57982,VOL_10511,10.0,2025-10-02
DON_57983,VOL_10511,10.0,2025-10-12
DON_57984,VOL_10511,50.0,2025-10-23
DON_57985,VOL_10511,10.0,2025-10-26
DON_57986,VOL_10511,25.0,2025-11-02
DON_57987,VOL_10511,50.0,2025-11-27
DON_57988,VOL_10511,10.0,2025-12-18
DON_57989,VOL_10511,25.0,2025-12-28
DON_57990,VOL_10511,25.0,2026-01-15
DON_57991,VOL_10511,10.0,2026-02-12
DON_57992,VOL_10511,25.0,2026-02-19
DON_57993,VOL_10511,10.0,2026-02-26
DON_57994,VOL_10511,10.0,2026-03-22
DON_57995,VOL_10511,25.0,2026-03-29
DON_57996,VOL_10511,25.0,2026-04-09
DON_57997,VOL_10511,25.0,2026-04-23
DON_57998,VOL_10511,25.0,2026-04-30
DON_57999,VOL_10512,25.0,2025-11-27
DON_58000,VOL_10512,50.0,2025-12-07
DON_58001,VOL_10513,10.0,2025-06-15
DON_58002,VOL_10513,10.0,2025-07-10
DON_58003,VOL_10513,25.0,2025-07-17
DON_58004,VOL_10513,50.0,2025-08-21
DON_58005,VOL_10513,10.0,2025-08-24
DON_58006,VOL_10513,25.0,2025-08-28
DON_58007,VOL_10513,100.0,2025-09-28
DON_58008,VOL_10513,25.0,2025-09-28
DON_58009,VOL_10513,10.0,2025-10-12
DON_58010,VOL_10513,50.0,2025-10-23
DON_58011,VOL_10513,10.0,2025-10-23
DON_58012,VOL_10513,25.0,2025-10-30
DON_58013,VOL_10513,25.0,2025-11-06
DON_58014,VOL_10513,25.0,2025-11-27
DON_58015,VOL_10513,50.0,2025-11-30
DON_58016,VOL_10513,10.0,2025-12-18
DON_58017,VOL_10513,10.0,2026-02-08
DON_58018,VOL_10513,50.0,2026-03-05
DON_58019,VOL_10513,100.0,2026-03-12
DON_58020,VOL_10513,10.0,2026-03-15
DON_58021,VOL_10513,10.0,2026-03-19
DON_58022,VOL_10513,10.0,2026-03-19
DON_58023,VOL_10513,50.0,2026-03-29
DON_58024,VOL_10513,10.0,2026-03-29
DON_58025,VOL_10513,25.0,2026-04-23
DON_58026,VOL_10513,50.0,2026-04-26
DON_58027,VOL_10513,10.0,2026-04-30
DON_58028,VOL_10514,10.0,2025-11-23
DON_58029,VOL_10514,25.0,2025-11-30
DON_58030,VOL_10514,10.0,2025-12-28
DON_58031,VOL_10514,100.0,2026-01-04
DON_58032,VOL_10514,50.0,2026-01-08
DON_58033,VOL_10514,25.0,2026-01-25
DON_58034,VOL_10514,50.0,2026-03-12
DON_58035,VOL_10514,10.0,2026-03-26
DON_58036,VOL_10514,50.0,2026-04-02
DON_58037,VOL_10514,50.0,2026-04-16
DON_58038,VOL_10515,10.0,2026-01-29
DON_58039,VOL_10515,100.0,2026-02-26
DON_58040,VOL_10515,25.0,2026-03-01
DON_58041,VOL_10515,10.0,2026-03-12
DON_58042,VOL_10515,10.0,2026-04-02
DON_58043,VOL_10515,25.0,2026-04-02
DON_58044,VOL_10515,10.0,2026-04-05
DON_58045,VOL_10515,50.0,2026-04-12
DON_58046,VOL_10515,10.0,2026-04-16
DON_58047,VOL_10515,50.0,2026-04-19
DON_58048,VOL_10515,25.0,2026-04-23
DON_58049,VOL_10516,50.0,2025-04-24
DON_58050,VOL_10517,50.0,2025-02-06
DON_58051,VOL_10517,25.0,2025-02-13
DON_58052,VOL_10517,50.0,2025-02-20
DON_58053,VOL_10517,50.0,2025-03-20
DON_58054,VOL_10517,25.0,2025-05-01
DON_58055,VOL_10517,50.0,2025-05-18
DON_58056,VOL_10517,25.0,2025-06-12
DON_58057,VOL_10517,100.0,2025-06-19
DON_58058,VOL_10517,100.0,2025-06-22
DON_58059,VOL_10517,100.0,2025-06-26
DON_58060,VOL_10517,10.0,2025-07-13
DON_58061,VOL_10517,50.0,2025-07-17
DON_58062,VOL_10517,100.0,2025-08-10
DON_58063,VOL_10517,50.0,2025-08-14
DON_58064,VOL_10517,10.0,2025-08-21
DON_58065,VOL_10517,25.0,2025-08-28
DON_58066,VOL_10517,25.0,2025-08-28
DON_58067,VOL_10517,25.0,2025-09-04
DON_58068,VOL_10517,10.0,2025-09-14
DON_58069,VOL_10517,10.0,2025-09-21
DON_58070,VOL_10517,50.0,2025-10-16
DON_58071,VOL_10517,50.0,2025-11-09
DON_58072,VOL_10517,10.0,2025-11-16
DON_58073,VOL_10517,10.0,2025-12-25
DON_58074,VOL_10517,10.0,2026-01-25
DON_58075,VOL_10517,10.0,2026-02-12
DON_58076,VOL_10517,100.0,2026-02-15
DON_58077,VOL_10517,10.0,2026-02-15
DON_58078,VOL_10517,10.0,2026-02-19
DON_58079,VOL_10517,10.0,2026-03-08
DON_58080,VOL_10517,25.0,2026-03-12
DON_58081,VOL_10517,25.0,2026-03-29
DON_58082,VOL_10517,10.0,2026-04-12
DON_58083,VOL_10517,50.0,2026-04-12
DON_58084,VOL_10517,10.0,2026-04-26
DON_58085,VOL_10518,100.0,2025-01-16
DON_58086,VOL_10518,100.0,2025-01-26
DON_58087,VOL_10518,25.0,2025-02-06
DON_58088,VOL_10518,10.0,2025-02-23
DON_58089,VOL_10518,50.0,2025-03-13
DON_58090,VOL_10518,50.0,2025-03-27
DON_58091,VOL_10518,25.0,2025-04-03
DON_58092,VOL_10518,50.0,2025-04-10
DON_58093,VOL_10518,50.0,2025-04-13
DON_58094,VOL_10518,25.0,2025-04-17
DON_58095,VOL_10518,50.0,2025-04-20
DON_58096,VOL_10518,25.0,2025-05-25
DON_58097,VOL_10518,10.0,2025-06-19
DON_58098,VOL_10518,25.0,2025-06-22
DON_58099,VOL_10518,100.0,2025-06-29
DON_58100,VOL_10518,100.0,2025-07-13
DON_58101,VOL_10518,50.0,2025-08-03
DON_58102,VOL_10518,10.0,2025-08-14
DON_58103,VOL_10518,10.0,2025-08-24
DON_58104,VOL_10518,10.0,2025-08-24
DON_58105,VOL_10518,50.0,2025-08-24
DON_58106,VOL_10518,25.0,2025-09-18
DON_58107,VOL_10518,25.0,2025-09-21
DON_58108,VOL_10518,100.0,2025-09-28
DON_58109,VOL_10518,50.0,2025-10-05
DON_58110,VOL_10518,25.0,2025-10-23
DON_58111,VOL_10518,25.0,2025-11-02
DON_58112,VOL_10518,10.0,2025-11-02
DON_58113,VOL_10518,10.0,2025-11-13
DON_58114,VOL_10518,100.0,2025-11-16
DON_58115,VOL_10518,100.0,2025-11-23
DON_58116,VOL_10518,50.0,2025-11-23
DON_58117,VOL_10518,50.0,2025-12-04
DON_58118,VOL_10518,50.0,2025-12-14
DON_58119,VOL_10518,25.0,2025-12-18
DON_58120,VOL_10518,10.0,2025-12-21
DON_58121,VOL_10518,10.0,2025-12-28
DON_58122,VOL_10518,100.0,2026-01-01
DON_58123,VOL_10518,10.0,2026-01-04
DON_58124,VOL_10518,25.0,2026-01-18
DON_58125,VOL_10518,10.0,2026-02-19
DON_58126,VOL_10518,25.0,2026-02-22
DON_58127,VOL_10518,25.0,2026-02-26
DON_58128,VOL_10518,100.0,2026-03-01
DON_58129,VOL_10518,50.0,2026-03-29
DON_58130,VOL_10518,10.0,2026-04-09
DON_58131,VOL_10518,50.0,2026-04-09
DON_58132,VOL_10519,25.0,2025-08-24
DON_58133,VOL_10519,25.0,2025-08-28
DON_58134,VOL_10519,25.0,2025-09-04
DON_58135,VOL_10519,25.0,2025-09-11
DON_58136,VOL_10519,10.0,2025-10-12
DON_58137,VOL_10519,25.0,2025-10-19
DON_58138,VOL_10519,25.0,2025-11-06
DON_58139,VOL_10519,50.0,2025-11-23
DON_58140,VOL_10519,100.0,2025-12-07
DON_58141,VOL_10519,10.0,2025-12-18
DON_58142,VOL_10519,100.0,2026-01-04
DON_58143,VOL_10519,10.0,2026-01-04
DON_58144,VOL_10519,10.0,2026-01-29
DON_58145,VOL_10519,25.0,2026-02-15
DON_58146,VOL_10519,10.0,2026-03-12
DON_58147,VOL_10519,100.0,2026-03-12
DON_58148,VOL_10519,25.0,2026-03-15
DON_58149,VOL_10519,25.0,2026-03-19
DON_58150,VOL_10519,10.0,2026-03-26
DON_58151,VOL_10519,50.0,2026-04-05
DON_58152,VOL_10519,10.0,2026-04-09
DON_58153,VOL_10519,100.0,2026-04-26
DON_58154,VOL_10520,10.0,2026-03-05
DON_58155,VOL_10520,25.0,2026-03-19
DON_58156,VOL_10520,25.0,2026-03-29
DON_58157,VOL_10521,100.0,2025-06-01
DON_58158,VOL_10521,50.0,2025-06-05
DON_58159,VOL_10521,10.0,2025-06-08
DON_58160,VOL_10521,10.0,2025-06-22
DON_58161,VOL_10521,10.0,2025-07-10
DON_58162,VOL_10521,25.0,2025-07-27
DON_58163,VOL_10521,10.0,2025-08-14
DON_58164,VOL_10521,100.0,2025-08-28
DON_58165,VOL_10521,25.0,2025-08-31
DON_58166,VOL_10521,50.0,2025-09-18
DON_58167,VOL_10521,25.0,2025-10-05
DON_58168,VOL_10521,25.0,2025-10-26
DON_58169,VOL_10521,10.0,2025-10-26
DON_58170,VOL_10521,100.0,2025-11-06
DON_58171,VOL_10521,25.0,2025-11-06
DON_58172,VOL_10521,10.0,2025-11-13
DON_58173,VOL_10521,10.0,2025-11-27
DON_58174,VOL_10521,25.0,2025-12-07
DON_58175,VOL_10521,10.0,2025-12-25
DON_58176,VOL_10521,25.0,2026-01-04
DON_58177,VOL_10521,25.0,2026-01-08
DON_58178,VOL_10521,100.0,2026-01-18
DON_58179,VOL_10521,100.0,2026-01-18
DON_58180,VOL_10521,10.0,2026-02-05
DON_58181,VOL_10521,25.0,2026-03-05
DON_58182,VOL_10521,100.0,2026-03-05
DON_58183,VOL_10521,25.0,2026-03-22
DON_58184,VOL_10521,10.0,2026-04-05
DON_58185,VOL_10521,50.0,2026-04-12
DON_58186,VOL_10521,100.0,2026-04-23
DON_58187,VOL_10521,10.0,2026-04-23
DON_58188,VOL_10522,50.0,2025-10-05
DON_58189,VOL_10523,10.0,2025-12-28
DON_58190,VOL_10523,10.0,2026-01-04
DON_58191,VOL_10523,25.0,2026-01-08
DON_58192,VOL_10523,10.0,2026-01-22
DON_58193,VOL_10523,10.0,2026-04-19
DON_58194,VOL_10524,50.0,2025-10-05
DON_58195,VOL_10524,50.0,2025-10-16
DON_58196,VOL_10524,25.0,2025-11-06
DON_58197,VOL_10524,10.0,2025-11-30
DON_58198,VOL_10524,10.0,2026-01-04
DON_58199,VOL_10524,10.0,2026-02-05
DON_58200,VOL_10524,25.0,2026-02-05
DON_58201,VOL_10524,10.0,2026-02-26
DON_58202,VOL_10525,10.0,2025-11-27
DON_58203,VOL_10525,25.0,2025-11-30
DON_58204,VOL_10525,25.0,2025-12-07
DON_58205,VOL_10525,50.0,2025-12-07
DON_58206,VOL_10525,10.0,2025-12-11
DON_58207,VOL_10525,10.0,2025-12-18
DON_58208,VOL_10525,10.0,2026-01-15
DON_58209,VOL_10525,25.0,2026-02-12
DON_58210,VOL_10525,25.0,2026-02-15
DON_58211,VOL_10525,50.0,2026-02-22
DON_58212,VOL_10525,50.0,2026-02-26
DON_58213,VOL_10525,10.0,2026-03-01
DON_58214,VOL_10525,10.0,2026-03-08
DON_58215,VOL_10525,25.0,2026-03-15
DON_58216,VOL_10525,25.0,2026-04-23
DON_58217,VOL_10525,10.0,2026-04-26
DON_58218,VOL_10526,10.0,2026-02-19
DON_58219,VOL_10526,10.0,2026-02-26
DON_58220,VOL_10526,25.0,2026-03-05
DON_58221,VOL_10526,10.0,2026-03-05
DON_58222,VOL_10526,10.0,2026-03-15
DON_58223,VOL_10526,25.0,2026-03-26
DON_58224,VOL_10526,50.0,2026-03-29
DON_58225,VOL_10526,25.0,2026-03-29
DON_58226,VOL_10526,25.0,2026-04-09
DON_58227,VOL_10526,50.0,2026-04-16
DON_58228,VOL_10526,100.0,2026-04-19
DON_58229,VOL_10526,10.0,2026-04-23
DON_58230,VOL_10527,50.0,2025-04-06
DON_58231,VOL_10527,25.0,2025-05-01
DON_58232,VOL_10527,25.0,2025-05-25
DON_58233,VOL_10527,25.0,2025-05-29
DON_58234,VOL_10527,10.0,2025-07-10
DON_58235,VOL_10527,10.0,2025-07-13
DON_58236,VOL_10527,25.0,2025-07-24
DON_58237,VOL_10527,25.0,2025-07-27
DON_58238,VOL_10527,100.0,2025-08-14
DON_58239,VOL_10527,10.0,2025-09-14
DON_58240,VOL_10527,25.0,2025-09-18
DON_58241,VOL_10527,10.0,2025-09-21
DON_58242,VOL_10527,25.0,2025-09-28
DON_58243,VOL_10527,50.0,2025-11-06
DON_58244,VOL_10527,10.0,2025-11-13
DON_58245,VOL_10527,10.0,2025-11-13
DON_58246,VOL_10527,10.0,2025-11-20
DON_58247,VOL_10527,10.0,2025-11-23
DON_58248,VOL_10527,25.0,2025-11-23
DON_58249,VOL_10527,25.0,2025-11-27
DON_58250,VOL_10527,10.0,2025-12-04
DON_58251,VOL_10527,10.0,2025-12-18
DON_58252,VOL_10527,25.0,2026-01-08
DON_58253,VOL_10527,25.0,2026-01-15
DON_58254,VOL_10527,25.0,2026-02-12
DON_58255,VOL_10527,50.0,2026-02-19
DON_58256,VOL_10527,100.0,2026-02-19
DON_58257,VOL_10527,50.0,2026-03-05
DON_58258,VOL_10527,10.0,2026-03-12
DON_58259,VOL_10527,10.0,2026-04-16
DON_58260,VOL_10527,10.0,2026-04-30
DON_58261,VOL_10530,10.0,2025-03-13
DON_58262,VOL_10530,10.0,2025-03-16
DON_58263,VOL_10530,50.0,2025-03-20
DON_58264,VOL_10530,10.0,2025-04-03
DON_58265,VOL_10530,25.0,2025-04-10
DON_58266,VOL_10530,25.0,2025-04-17
DON_58267,VOL_10530,10.0,2025-04-24
DON_58268,VOL_10530,10.0,2025-06-12
DON_58269,VOL_10530,50.0,2025-06-15
DON_58270,VOL_10530,10.0,2025-07-20
DON_58271,VOL_10530,25.0,2025-07-20
DON_58272,VOL_10530,100.0,2025-07-20
DON_58273,VOL_10530,10.0,2025-07-31
DON_58274,VOL_10530,25.0,2025-07-31
DON_58275,VOL_10530,10.0,2025-08-03
DON_58276,VOL_10530,25.0,2025-09-14
DON_58277,VOL_10530,10.0,2025-10-19
DON_58278,VOL_10530,50.0,2025-10-23
DON_58279,VOL_10530,10.0,2025-11-16
DON_58280,VOL_10530,10.0,2025-11-30
DON_58281,VOL_10530,25.0,2025-11-30
DON_58282,VOL_10530,100.0,2026-01-04
DON_58283,VOL_10530,25.0,2026-01-08
DON_58284,VOL_10530,10.0,2026-01-18
DON_58285,VOL_10530,50.0,2026-01-22
DON_58286,VOL_10530,50.0,2026-01-29
DON_58287,VOL_10530,50.0,2026-02-05
DON_58288,VOL_10530,25.0,2026-02-12
DON_58289,VOL_10530,50.0,2026-03-01
DON_58290,VOL_10530,10.0,2026-03-19
DON_58291,VOL_10530,50.0,2026-03-29
DON_58292,VOL_10530,25.0,2026-04-12
DON_58293,VOL_10530,10.0,2026-04-16
DON_58294,VOL_10530,10.0,2026-04-26
DON_58295,VOL_10531,25.0,2025-11-27
DON_58296,VOL_10531,10.0,2025-12-04
DON_58297,VOL_10531,25.0,2025-12-11
DON_58298,VOL_10531,25.0,2025-12-28
DON_58299,VOL_10531,50.0,2025-12-28
DON_58300,VOL_10531,100.0,2026-01-04
DON_58301,VOL_10531,25.0,2026-01-08
DON_58302,VOL_10531,50.0,2026-01-29
DON_58303,VOL_10531,25.0,2026-02-08
DON_58304,VOL_10531,50.0,2026-02-12
DON_58305,VOL_10531,10.0,2026-03-19
DON_58306,VOL_10531,25.0,2026-03-19
DON_58307,VOL_10531,50.0,2026-03-19
DON_58308,VOL_10531,10.0,2026-03-29
DON_58309,VOL_10531,10.0,2026-04-02
DON_58310,VOL_10531,50.0,2026-04-02
DON_58311,VOL_10531,25.0,2026-04-26
DON_58312,VOL_10532,25.0,2025-08-31
DON_58313,VOL_10532,50.0,2025-08-31
DON_58314,VOL_10532,100.0,2025-09-04
DON_58315,VOL_10532,10.0,2025-09-28
DON_58316,VOL_10533,10.0,2025-04-20
DON_58317,VOL_10533,50.0,2025-04-24
DON_58318,VOL_10533,100.0,2025-04-27
DON_58319,VOL_10533,25.0,2025-05-08
DON_58320,VOL_10533,25.0,2025-05-18
DON_58321,VOL_10533,100.0,2025-08-07
DON_58322,VOL_10533,10.0,2025-09-04
DON_58323,VOL_10533,25.0,2025-10-02
DON_58324,VOL_10533,25.0,2025-11-06
DON_58325,VOL_10533,10.0,2025-11-09
DON_58326,VOL_10533,25.0,2025-11-13
DON_58327,VOL_10533,25.0,2025-11-13
DON_58328,VOL_10533,10.0,2025-11-16
DON_58329,VOL_10533,50.0,2025-11-23
DON_58330,VOL_10533,10.0,2026-01-15
DON_58331,VOL_10533,100.0,2026-04-09
DON_58332,VOL_10533,25.0,2026-04-12
DON_58333,VOL_10534,50.0,2025-10-26
DON_58334,VOL_10534,25.0,2025-10-30
DON_58335,VOL_10534,10.0,2025-11-16
DON_58336,VOL_10534,25.0,2025-11-23
DON_58337,VOL_10534,50.0,2025-11-27
DON_58338,VOL_10535,10.0,2025-11-23
DON_58339,VOL_10535,25.0,2025-12-07
DON_58340,VOL_10535,50.0,2025-12-14
DON_58341,VOL_10535,25.0,2025-12-18
DON_58342,VOL_10535,10.0,2025-12-18
DON_58343,VOL_10535,25.0,2026-01-04
DON_58344,VOL_10535,50.0,2026-01-29
DON_58345,VOL_10535,25.0,2026-02-08
DON_58346,VOL_10535,25.0,2026-02-12
DON_58347,VOL_10535,10.0,2026-02-22
DON_58348,VOL_10535,10.0,2026-02-26
DON_58349,VOL_10535,10.0,2026-03-08
DON_58350,VOL_10535,10.0,2026-04-26
DON_58351,VOL_10535,50.0,2026-04-30
DON_58352,VOL_10536,100.0,2025-03-23
DON_58353,VOL_10536,100.0,2025-03-27
DON_58354,VOL_10536,10.0,2025-04-10
DON_58355,VOL_10536,25.0,2025-04-17
DON_58356,VOL_10536,25.0,2025-04-17
DON_58357,VOL_10536,100.0,2025-04-24
DON_58358,VOL_10536,10.0,2025-04-24
DON_58359,VOL_10536,25.0,2025-05-11
DON_58360,VOL_10536,10.0,2025-06-08
DON_58361,VOL_10536,25.0,2025-06-15
DON_58362,VOL_10536,10.0,2025-06-22
DON_58363,VOL_10536,10.0,2025-06-29
DON_58364,VOL_10536,25.0,2025-07-06
DON_58365,VOL_10536,25.0,2025-07-20
DON_58366,VOL_10536,25.0,2025-07-27
DON_58367,VOL_10536,10.0,2025-07-31
DON_58368,VOL_10536,100.0,2025-08-03
DON_58369,VOL_10536,10.0,2025-09-28
DON_58370,VOL_10536,25.0,2025-10-12
DON_58371,VOL_10536,10.0,2025-10-30
DON_58372,VOL_10536,50.0,2025-11-23
DON_58373,VOL_10536,25.0,2025-11-30
DON_58374,VOL_10536,10.0,2025-12-04
DON_58375,VOL_10536,10.0,2025-12-28
DON_58376,VOL_10536,25.0,2026-01-18
DON_58377,VOL_10536,25.0,2026-02-01
DON_58378,VOL_10536,10.0,2026-03-05
DON_58379,VOL_10536,100.0,2026-03-12
DON_58380,VOL_10536,10.0,2026-03-12
DON_58381,VOL_10536,50.0,2026-04-05
DON_58382,VOL_10537,25.0,2025-09-28
DON_58383,VOL_10537,25.0,2025-09-28
DON_58384,VOL_10537,10.0,2025-10-05
DON_58385,VOL_10537,10.0,2025-11-06
DON_58386,VOL_10537,10.0,2025-11-16
DON_58387,VOL_10537,50.0,2025-11-16
DON_58388,VOL_10537,25.0,2025-11-16
DON_58389,VOL_10537,10.0,2025-12-04
DON_58390,VOL_10537,25.0,2026-01-04
DON_58391,VOL_10537,10.0,2026-02-15
DON_58392,VOL_10537,25.0,2026-02-26
DON_58393,VOL_10537,10.0,2026-03-19
DON_58394,VOL_10537,10.0,2026-04-16
DON_58395,VOL_10537,10.0,2026-04-23
DON_58396,VOL_10537,25.0,2026-04-23
DON_58397,VOL_10538,50.0,2025-11-20
DON_58398,VOL_10538,25.0,2025-11-30
DON_58399,VOL_10538,100.0,2025-12-07
DON_58400,VOL_10539,25.0,2025-02-20
DON_58401,VOL_10539,10.0,2025-03-23
DON_58402,VOL_10539,10.0,2025-04-20
DON_58403,VOL_10539,25.0,2025-04-24
DON_58404,VOL_10539,10.0,2025-04-27
DON_58405,VOL_10539,25.0,2025-05-15
DON_58406,VOL_10539,10.0,2025-05-18
DON_58407,VOL_10539,10.0,2025-05-18
DON_58408,VOL_10539,10.0,2025-06-01
DON_58409,VOL_10539,50.0,2025-06-22
DON_58410,VOL_10539,25.0,2025-07-20
DON_58411,VOL_10539,10.0,2025-07-27
DON_58412,VOL_10539,25.0,2025-08-21
DON_58413,VOL_10539,50.0,2025-08-28
DON_58414,VOL_10539,50.0,2025-09-28
DON_58415,VOL_10539,25.0,2025-09-28
DON_58416,VOL_10539,25.0,2025-10-05
DON_58417,VOL_10539,50.0,2025-10-12
DON_58418,VOL_10539,50.0,2025-10-23
DON_58419,VOL_10539,25.0,2025-11-06
DON_58420,VOL_10539,10.0,2025-11-06
DON_58421,VOL_10539,25.0,2025-11-20
DON_58422,VOL_10539,10.0,2025-11-30
DON_58423,VOL_10539,10.0,2025-12-07
DON_58424,VOL_10539,25.0,2025-12-14
DON_58425,VOL_10539,25.0,2025-12-14
DON_58426,VOL_10539,25.0,2026-01-08
DON_58427,VOL_10539,10.0,2026-01-08
DON_58428,VOL_10539,100.0,2026-01-11
DON_58429,VOL_10539,10.0,2026-01-18
DON_58430,VOL_10539,50.0,2026-01-22
DON_58431,VOL_10539,100.0,2026-02-12
DON_58432,VOL_10539,10.0,2026-02-15
DON_58433,VOL_10539,25.0,2026-02-19
DON_58434,VOL_10539,100.0,2026-03-01
DON_58435,VOL_10539,25.0,2026-03-12
DON_58436,VOL_10539,50.0,2026-03-15
DON_58437,VOL_10539,25.0,2026-03-15
DON_58438,VOL_10539,10.0,2026-03-19
DON_58439,VOL_10539,25.0,2026-04-05
DON_58440,VOL_10539,25.0,2026-04-09
DON_58441,VOL_10539,10.0,2026-04-12
DON_58442,VOL_10539,25.0,2026-04-23
DON_58443,VOL_10540,25.0,2026-02-01
DON_58444,VOL_10540,100.0,2026-02-01
DON_58445,VOL_10540,100.0,2026-02-08
DON_58446,VOL_10540,25.0,2026-02-12
DON_58447,VOL_10540,50.0,2026-02-15
DON_58448,VOL_10540,10.0,2026-03-05
DON_58449,VOL_10540,10.0,2026-03-05
DON_58450,VOL_10540,10.0,2026-03-15
DON_58451,VOL_10540,100.0,2026-03-29
DON_58452,VOL_10540,50.0,2026-04-09
DON_58453,VOL_10540,10.0,2026-04-09
DON_58454,VOL_10540,25.0,2026-04-16
DON_58455,VOL_10540,50.0,2026-04-26
DON_58456,VOL_10541,25.0,2026-02-19
DON_58457,VOL_10541,10.0,2026-02-26
DON_58458,VOL_10541,50.0,2026-03-01
DON_58459,VOL_10541,50.0,2026-03-19
DON_58460,VOL_10541,25.0,2026-03-19
DON_58461,VOL_10541,10.0,2026-04-30
DON_58462,VOL_10543,25.0,2025-01-16
DON_58463,VOL_10543,50.0,2025-02-06
DON_58464,VOL_10543,50.0,2025-02-06
DON_58465,VOL_10543,50.0,2025-02-16
DON_58466,VOL_10543,10.0,2025-02-27
DON_58467,VOL_10543,25.0,2025-03-02
DON_58468,VOL_10543,25.0,2025-03-09
DON_58469,VOL_10543,10.0,2025-03-13
DON_58470,VOL_10543,25.0,2025-03-16
DON_58471,VOL_10543,50.0,2025-04-10
DON_58472,VOL_10543,50.0,2025-04-10
DON_58473,VOL_10543,25.0,2025-05-11
DON_58474,VOL_10543,25.0,2025-07-13
DON_58475,VOL_10543,25.0,2025-08-07
DON_58476,VOL_10543,100.0,2025-08-31
DON_58477,VOL_10543,50.0,2025-10-12
DON_58478,VOL_10543,50.0,2025-11-13
DON_58479,VOL_10543,10.0,2025-11-23
DON_58480,VOL_10543,25.0,2026-01-29
DON_58481,VOL_10543,25.0,2026-02-19
DON_58482,VOL_10543,10.0,2026-03-01
DON_58483,VOL_10543,25.0,2026-03-08
DON_58484,VOL_10543,10.0,2026-03-12
DON_58485,VOL_10543,10.0,2026-03-19
DON_58486,VOL_10543,10.0,2026-04-16
DON_58487,VOL_10544,10.0,2025-05-22
DON_58488,VOL_10544,50.0,2025-06-15
DON_58489,VOL_10544,10.0,2025-06-19
DON_58490,VOL_10544,10.0,2025-06-22
DON_58491,VOL_10544,100.0,2025-06-26
DON_58492,VOL_10544,10.0,2025-06-29
DON_58493,VOL_10544,50.0,2025-07-03
DON_58494,VOL_10544,10.0,2025-07-06
DON_58495,VOL_10544,10.0,2025-07-17
DON_58496,VOL_10544,25.0,2025-07-17
DON_58497,VOL_10544,25.0,2025-07-20
DON_58498,VOL_10544,10.0,2025-07-20
DON_58499,VOL_10544,100.0,2025-07-31
DON_58500,VOL_10544,50.0,2025-09-14
DON_58501,VOL_10544,50.0,2025-09-28
DON_58502,VOL_10544,10.0,2025-10-05
DON_58503,VOL_10544,100.0,2025-10-05
DON_58504,VOL_10544,10.0,2025-11-30
DON_58505,VOL_10544,10.0,2025-12-04
DON_58506,VOL_10544,100.0,2025-12-14
DON_58507,VOL_10544,25.0,2026-01-15
DON_58508,VOL_10544,50.0,2026-01-18
DON_58509,VOL_10544,50.0,2026-02-15
DON_58510,VOL_10544,10.0,2026-02-22
DON_58511,VOL_10544,25.0,2026-02-26
DON_58512,VOL_10544,10.0,2026-03-08
DON_58513,VOL_10544,25.0,2026-04-02
DON_58514,VOL_10544,25.0,2026-04-26
DON_58515,VOL_10544,50.0,2026-04-26
DON_58516,VOL_10545,25.0,2025-10-16
DON_58517,VOL_10545,10.0,2025-10-23
DON_58518,VOL_10545,100.0,2025-10-26
DON_58519,VOL_10545,10.0,2025-11-09
DON_58520,VOL_10545,10.0,2025-11-16
DON_58521,VOL_10545,10.0,2025-11-23
DON_58522,VOL_10545,25.0,2025-11-27
DON_58523,VOL_10545,50.0,2025-12-04
DON_58524,VOL_10545,10.0,2025-12-11
DON_58525,VOL_10545,10.0,2025-12-11
DON_58526,VOL_10545,10.0,2026-01-08
DON_58527,VOL_10545,10.0,2026-01-11
DON_58528,VOL_10545,10.0,2026-01-29
DON_58529,VOL_10545,10.0,2026-02-08
DON_58530,VOL_10545,10.0,2026-02-22
DON_58531,VOL_10545,10.0,2026-03-19
DON_58532,VOL_10545,25.0,2026-03-26
DON_58533,VOL_10545,25.0,2026-04-02
DON_58534,VOL_10545,50.0,2026-04-16
DON_58535,VOL_10546,25.0,2026-02-26
DON_58536,VOL_10546,10.0,2026-03-08
DON_58537,VOL_10546,50.0,2026-03-12
DON_58538,VOL_10546,10.0,2026-03-15
DON_58539,VOL_10546,25.0,2026-04-19
DON_58540,VOL_10546,50.0,2026-04-26
DON_58541,VOL_10547,10.0,2025-06-29
DON_58542,VOL_10547,50.0,2025-07-03
DON_58543,VOL_10547,50.0,2025-07-06
DON_58544,VOL_10548,100.0,2025-11-09
DON_58545,VOL_10548,50.0,2025-11-23
DON_58546,VOL_10549,25.0,2025-02-27
DON_58547,VOL_10550,25.0,2025-12-11
DON_58548,VOL_10550,10.0,2025-12-21
DON_58549,VOL_10550,10.0,2025-12-25
DON_58550,VOL_10550,25.0,2026-01-15
DON_58551,VOL_10550,100.0,2026-01-29
DON_58552,VOL_10550,50.0,2026-02-01
DON_58553,VOL_10550,10.0,2026-02-26
DON_58554,VOL_10550,25.0,2026-04-02
DON_58555,VOL_10550,10.0,2026-04-23
DON_58556,VOL_10551,50.0,2025-10-05
DON_58557,VOL_10551,100.0,2025-10-23
DON_58558,VOL_10551,10.0,2025-10-23
DON_58559,VOL_10551,25.0,2025-10-26
DON_58560,VOL_10551,25.0,2025-11-06
DON_58561,VOL_10551,25.0,2025-12-04
DON_58562,VOL_10551,100.0,2025-12-11
DON_58563,VOL_10551,100.0,2025-12-18
DON_58564,VOL_10551,50.0,2025-12-21
DON_58565,VOL_10551,10.0,2025-12-28
DON_58566,VOL_10551,25.0,2026-01-08
DON_58567,VOL_10551,10.0,2026-01-18
DON_58568,VOL_10551,100.0,2026-01-18
DON_58569,VOL_10551,10.0,2026-02-08
DON_58570,VOL_10551,10.0,2026-03-05
DON_58571,VOL_10551,10.0,2026-03-05
DON_58572,VOL_10551,10.0,2026-03-05
DON_58573,VOL_10551,25.0,2026-03-12
DON_58574,VOL_10551,25.0,2026-03-15
DON_58575,VOL_10551,50.0,2026-03-19
DON_58576,VOL_10551,10.0,2026-04-23
DON_58577,VOL_10551,10.0,2026-04-26
DON_58578,VOL_10551,10.0,2026-04-26
DON_58579,VOL_10553,25.0,2025-12-04
DON_58580,VOL_10553,10.0,2025-12-11
DON_58581,VOL_10553,100.0,2025-12-18
DON_58582,VOL_10553,25.0,2026-01-18
DON_58583,VOL_10553,25.0,2026-02-01
DON_58584,VOL_10553,25.0,2026-04-16
DON_58585,VOL_10553,50.0,2026-04-26
DON_58586,VOL_10553,10.0,2026-04-26
DON_58587,VOL_10554,25.0,2026-01-01
DON_58588,VOL_10554,10.0,2026-01-29
DON_58589,VOL_10554,50.0,2026-03-05
DON_58590,VOL_10554,10.0,2026-03-29
DON_58591,VOL_10554,10.0,2026-04-02
DON_58592,VOL_10554,100.0,2026-04-12
DON_58593,VOL_10555,25.0,2025-09-18
DON_58594,VOL_10555,10.0,2025-09-21
DON_58595,VOL_10555,25.0,2025-09-25
DON_58596,VOL_10555,25.0,2025-10-02
DON_58597,VOL_10555,10.0,2025-10-12
DON_58598,VOL_10555,25.0,2025-10-23
DON_58599,VOL_10555,100.0,2025-10-26
DON_58600,VOL_10555,100.0,2025-10-30
DON_58601,VOL_10555,100.0,2025-11-02
DON_58602,VOL_10555,50.0,2025-11-06
DON_58603,VOL_10555,10.0,2025-11-23
DON_58604,VOL_10555,10.0,2025-12-11
DON_58605,VOL_10555,25.0,2026-01-08
DON_58606,VOL_10555,100.0,2026-01-15
DON_58607,VOL_10555,50.0,2026-02-05
DON_58608,VOL_10555,25.0,2026-02-19
DON_58609,VOL_10555,100.0,2026-03-15
DON_58610,VOL_10555,50.0,2026-04-23
DON_58611,VOL_10556,100.0,2025-03-27
DON_58612,VOL_10556,10.0,2025-04-03
DON_58613,VOL_10556,10.0,2025-04-06
DON_58614,VOL_10556,50.0,2025-04-17
DON_58615,VOL_10556,10.0,2025-05-01
DON_58616,VOL_10556,50.0,2025-05-08
DON_58617,VOL_10556,10.0,2025-05-11
DON_58618,VOL_10556,25.0,2025-05-18
DON_58619,VOL_10556,100.0,2025-05-29
DON_58620,VOL_10556,25.0,2025-06-26
DON_58621,VOL_10556,10.0,2025-06-26
DON_58622,VOL_10556,100.0,2025-08-10
DON_58623,VOL_10556,25.0,2025-08-17
DON_58624,VOL_10556,50.0,2025-08-31
DON_58625,VOL_10556,50.0,2025-09-21
DON_58626,VOL_10556,10.0,2025-10-12
DON_58627,VOL_10556,50.0,2025-11-02
DON_58628,VOL_10556,100.0,2025-12-18
DON_58629,VOL_10556,100.0,2026-02-12
DON_58630,VOL_10556,50.0,2026-02-26
DON_58631,VOL_10556,50.0,2026-02-26
DON_58632,VOL_10556,25.0,2026-02-26
DON_58633,VOL_10556,25.0,2026-03-05
DON_58634,VOL_10556,25.0,2026-03-05
DON_58635,VOL_10556,10.0,2026-03-15
DON_58636,VOL_10556,10.0,2026-03-19
DON_58637,VOL_10556,25.0,2026-04-02
DON_58638,VOL_10556,50.0,2026-04-12
DON_58639,VOL_10556,10.0,2026-04-12
DON_58640,VOL_10556,10.0,2026-04-26
DON_58641,VOL_10556,25.0,2026-04-26
DON_58642,VOL_10557,50.0,2026-02-26
DON_58643,VOL_10557,100.0,2026-03-12
DON_58644,VOL_10558,50.0,2025-12-04
DON_58645,VOL_10559,50.0,2025-06-01
DON_58646,VOL_10559,10.0,2025-06-08
DON_58647,VOL_10559,25.0,2025-06-08
DON_58648,VOL_10559,10.0,2025-06-15
DON_58649,VOL_10559,25.0,2025-06-19
DON_58650,VOL_10559,10.0,2025-06-19
DON_58651,VOL_10559,10.0,2025-06-22
DON_58652,VOL_10559,10.0,2025-07-06
DON_58653,VOL_10559,25.0,2025-07-06
DON_58654,VOL_10559,25.0,2025-07-10
DON_58655,VOL_10559,100.0,2025-07-24
DON_58656,VOL_10559,25.0,2025-07-31
DON_58657,VOL_10559,25.0,2025-07-31
DON_58658,VOL_10559,10.0,2025-07-31
DON_58659,VOL_10559,10.0,2025-08-14
DON_58660,VOL_10559,50.0,2025-08-21
DON_58661,VOL_10559,10.0,2025-08-21
DON_58662,VOL_10559,25.0,2025-09-21
DON_58663,VOL_10559,50.0,2025-10-05
DON_58664,VOL_10559,25.0,2025-10-12
DON_58665,VOL_10559,50.0,2025-10-16
DON_58666,VOL_10559,25.0,2025-10-23
DON_58667,VOL_10559,25.0,2025-10-30
DON_58668,VOL_10559,50.0,2025-11-06
DON_58669,VOL_10559,25.0,2025-11-09
DON_58670,VOL_10559,50.0,2025-11-09
DON_58671,VOL_10559,10.0,2025-11-13
DON_58672,VOL_10559,10.0,2025-11-13
DON_58673,VOL_10559,100.0,2025-11-20
DON_58674,VOL_10559,25.0,2025-11-23
DON_58675,VOL_10559,25.0,2025-11-23
DON_58676,VOL_10559,10.0,2025-11-30
DON_58677,VOL_10559,10.0,2025-12-04
DON_58678,VOL_10559,25.0,2025-12-07
DON_58679,VOL_10559,100.0,2025-12-11
DON_58680,VOL_10559,50.0,2026-01-29
DON_58681,VOL_10559,100.0,2026-02-01
DON_58682,VOL_10559,10.0,2026-02-12
DON_58683,VOL_10559,50.0,2026-02-26
DON_58684,VOL_10559,25.0,2026-03-15
DON_58685,VOL_10559,10.0,2026-03-19
DON_58686,VOL_10559,10.0,2026-04-26
DON_58687,VOL_10560,10.0,2025-07-17
DON_58688,VOL_10560,10.0,2025-08-03
DON_58689,VOL_10560,10.0,2025-08-07
DON_58690,VOL_10560,25.0,2025-08-24
DON_58691,VOL_10560,10.0,2025-08-28
DON_58692,VOL_10560,10.0,2025-11-06
DON_58693,VOL_10560,25.0,2025-11-16
DON_58694,VOL_10560,25.0,2025-12-07
DON_58695,VOL_10560,10.0,2025-12-11
DON_58696,VOL_10560,10.0,2026-01-08
DON_58697,VOL_10560,100.0,2026-01-22
DON_58698,VOL_10560,25.0,2026-01-29
DON_58699,VOL_10560,10.0,2026-01-29
DON_58700,VOL_10560,25.0,2026-02-05
DON_58701,VOL_10560,25.0,2026-03-08
DON_58702,VOL_10560,10.0,2026-04-02
DON_58703,VOL_10560,25.0,2026-04-30
DON_58704,VOL_10561,100.0,2025-06-15
DON_58705,VOL_10561,50.0,2025-06-22
DON_58706,VOL_10561,50.0,2025-06-26
DON_58707,VOL_10561,100.0,2025-08-07
DON_58708,VOL_10561,10.0,2025-08-10
DON_58709,VOL_10561,25.0,2025-08-21
DON_58710,VOL_10561,10.0,2025-08-24
DON_58711,VOL_10561,50.0,2025-08-24
DON_58712,VOL_10561,50.0,2025-09-04
DON_58713,VOL_10561,100.0,2025-09-18
DON_58714,VOL_10561,10.0,2025-09-21
DON_58715,VOL_10561,25.0,2025-10-26
DON_58716,VOL_10561,50.0,2025-10-30
DON_58717,VOL_10561,100.0,2025-11-09
DON_58718,VOL_10561,50.0,2025-11-20
DON_58719,VOL_10561,25.0,2025-11-30
DON_58720,VOL_10561,50.0,2025-11-30
DON_58721,VOL_10561,10.0,2025-12-07
DON_58722,VOL_10561,25.0,2026-01-18
DON_58723,VOL_10561,100.0,2026-01-29
DON_58724,VOL_10561,25.0,2026-02-05
DON_58725,VOL_10561,50.0,2026-02-05
DON_58726,VOL_10561,10.0,2026-02-08
DON_58727,VOL_10561,25.0,2026-02-12
DON_58728,VOL_10561,10.0,2026-02-26
DON_58729,VOL_10561,25.0,2026-03-29
DON_58730,VOL_10561,10.0,2026-04-16
DON_58731,VOL_10562,50.0,2025-08-24
DON_58732,VOL_10562,50.0,2025-09-21
DON_58733,VOL_10562,25.0,2025-11-09
DON_58734,VOL_10562,10.0,2025-11-16
DON_58735,VOL_10562,25.0,2025-12-18
DON_58736,VOL_10562,10.0,2026-01-04
DON_58737,VOL_10562,10.0,2026-03-01
DON_58738,VOL_10562,10.0,2026-03-05
DON_58739,VOL_10562,10.0,2026-03-12
DON_58740,VOL_10562,10.0,2026-04-09
DON_58741,VOL_10562,50.0,2026-04-16
DON_58742,VOL_10563,25.0,2025-05-29
DON_58743,VOL_10563,10.0,2025-07-06
DON_58744,VOL_10563,50.0,2025-07-20
DON_58745,VOL_10563,100.0,2025-07-27
DON_58746,VOL_10563,10.0,2025-07-31
DON_58747,VOL_10563,10.0,2025-07-31
DON_58748,VOL_10563,25.0,2025-08-10
DON_58749,VOL_10563,10.0,2025-08-17
DON_58750,VOL_10563,50.0,2025-08-28
DON_58751,VOL_10563,100.0,2025-09-14
DON_58752,VOL_10563,10.0,2025-10-23
DON_58753,VOL_10563,100.0,2025-10-26
DON_58754,VOL_10563,25.0,2025-10-30
DON_58755,VOL_10563,10.0,2025-11-02
DON_58756,VOL_10563,25.0,2025-11-16
DON_58757,VOL_10563,50.0,2025-11-27
DON_58758,VOL_10563,50.0,2025-12-18
DON_58759,VOL_10563,10.0,2025-12-18
DON_58760,VOL_10563,25.0,2025-12-21
DON_58761,VOL_10563,10.0,2025-12-25
DON_58762,VOL_10563,25.0,2026-01-15
DON_58763,VOL_10563,25.0,2026-01-18
DON_58764,VOL_10563,10.0,2026-01-29
DON_58765,VOL_10563,10.0,2026-02-01
DON_58766,VOL_10563,10.0,2026-02-12
DON_58767,VOL_10563,25.0,2026-02-15
DON_58768,VOL_10563,25.0,2026-03-08
DON_58769,VOL_10563,100.0,2026-03-15
DON_58770,VOL_10563,10.0,2026-03-22
DON_58771,VOL_10563,25.0,2026-04-16
DON_58772,VOL_10563,25.0,2026-04-16
DON_58773,VOL_10564,50.0,2026-01-08
DON_58774,VOL_10565,10.0,2026-01-04
DON_58775,VOL_10565,25.0,2026-01-22
DON_58776,VOL_10565,25.0,2026-02-05
DON_58777,VOL_10565,50.0,2026-03-05
DON_58778,VOL_10565,10.0,2026-03-12
DON_58779,VOL_10565,50.0,2026-03-26
DON_58780,VOL_10565,25.0,2026-04-12
DON_58781,VOL_10565,10.0,2026-04-26
DON_58782,VOL_10566,25.0,2025-02-16
DON_58783,VOL_10568,25.0,2025-10-23
DON_58784,VOL_10568,50.0,2025-11-09
DON_58785,VOL_10568,10.0,2025-11-16
DON_58786,VOL_10568,100.0,2025-12-04
DON_58787,VOL_10568,25.0,2026-01-01
DON_58788,VOL_10568,25.0,2026-01-15
DON_58789,VOL_10568,50.0,2026-01-18
DON_58790,VOL_10568,10.0,2026-02-08
DON_58791,VOL_10568,10.0,2026-02-22
DON_58792,VOL_10568,10.0,2026-02-26
DON_58793,VOL_10568,10.0,2026-02-26
DON_58794,VOL_10568,50.0,2026-03-01
DON_58795,VOL_10568,10.0,2026-03-29
DON_58796,VOL_10568,25.0,2026-04-09
DON_58797,VOL_10568,10.0,2026-04-26
DON_58798,VOL_10569,25.0,2026-01-04
DON_58799,VOL_10569,10.0,2026-01-08
DON_58800,VOL_10569,25.0,2026-01-18
DON_58801,VOL_10569,25.0,2026-01-22
DON_58802,VOL_10569,50.0,2026-01-22
DON_58803,VOL_10569,10.0,2026-02-12
DON_58804,VOL_10569,50.0,2026-03-29
DON_58805,VOL_10569,50.0,2026-04-09
DON_58806,VOL_10569,50.0,2026-04-26
DON_58807,VOL_10570,10.0,2025-10-30
DON_58808,VOL_10570,25.0,2025-11-16
DON_58809,VOL_10570,100.0,2025-12-18
DON_58810,VOL_10570,50.0,2026-01-22
DON_58811,VOL_10570,25.0,2026-03-08
DON_58812,VOL_10570,100.0,2026-03-15
DON_58813,VOL_10570,25.0,2026-03-29
DON_58814,VOL_10570,10.0,2026-04-12
DON_58815,VOL_10570,10.0,2026-04-23
DON_58816,VOL_10570,10.0,2026-04-30
DON_58817,VOL_10570,25.0,2026-04-30
DON_58818,VOL_10571,10.0,2025-07-31
DON_58819,VOL_10571,10.0,2025-08-24
DON_58820,VOL_10571,50.0,2025-08-28
DON_58821,VOL_10571,10.0,2025-09-21
DON_58822,VOL_10571,10.0,2025-10-05
DON_58823,VOL_10571,25.0,2025-10-23
DON_58824,VOL_10571,25.0,2025-11-06
DON_58825,VOL_10571,10.0,2025-11-27
DON_58826,VOL_10571,25.0,2025-12-14
DON_58827,VOL_10571,50.0,2026-01-01
DON_58828,VOL_10571,25.0,2026-02-08
DON_58829,VOL_10571,50.0,2026-04-02
DON_58830,VOL_10571,10.0,2026-04-02
DON_58831,VOL_10571,50.0,2026-04-12
DON_58832,VOL_10572,50.0,2025-11-09
DON_58833,VOL_10572,25.0,2025-11-13
DON_58834,VOL_10572,25.0,2025-11-13
DON_58835,VOL_10572,10.0,2025-11-16
DON_58836,VOL_10572,10.0,2025-11-16
DON_58837,VOL_10572,50.0,2025-11-27
DON_58838,VOL_10572,50.0,2025-11-27
DON_58839,VOL_10572,10.0,2025-11-30
DON_58840,VOL_10572,10.0,2025-12-14
DON_58841,VOL_10572,25.0,2025-12-21
DON_58842,VOL_10572,50.0,2026-02-08
DON_58843,VOL_10572,25.0,2026-02-15
DON_58844,VOL_10572,100.0,2026-03-15
DON_58845,VOL_10572,25.0,2026-03-19
DON_58846,VOL_10572,10.0,2026-03-19
DON_58847,VOL_10572,25.0,2026-04-26
DON_58848,VOL_10573,25.0,2026-02-26
DON_58849,VOL_10573,50.0,2026-03-12
DON_58850,VOL_10573,25.0,2026-03-26
DON_58851,VOL_10573,10.0,2026-04-30
DON_58852,VOL_10573,10.0,2026-04-30
DON_58853,VOL_10574,25.0,2025-04-27
DON_58854,VOL_10574,25.0,2025-04-27
DON_58855,VOL_10574,10.0,2025-05-11
DON_58856,VOL_10574,25.0,2025-05-18
DON_58857,VOL_10574,10.0,2025-05-25
DON_58858,VOL_10574,50.0,2025-06-26
DON_58859,VOL_10574,10.0,2025-07-06
DON_58860,VOL_10574,100.0,2025-07-20
DON_58861,VOL_10574,10.0,2025-07-31
DON_58862,VOL_10574,10.0,2025-08-10
DON_58863,VOL_10574,10.0,2025-08-24
DON_58864,VOL_10574,100.0,2025-08-31
DON_58865,VOL_10574,10.0,2025-09-04
DON_58866,VOL_10574,25.0,2025-09-14
DON_58867,VOL_10574,10.0,2025-09-18
DON_58868,VOL_10574,50.0,2025-09-25
DON_58869,VOL_10574,10.0,2025-10-02
DON_58870,VOL_10574,10.0,2025-10-05
DON_58871,VOL_10574,50.0,2025-10-12
DON_58872,VOL_10574,25.0,2025-10-16
DON_58873,VOL_10574,100.0,2025-10-30
DON_58874,VOL_10574,10.0,2025-11-06
DON_58875,VOL_10574,10.0,2025-11-13
DON_58876,VOL_10574,25.0,2025-11-30
DON_58877,VOL_10574,10.0,2025-12-11
DON_58878,VOL_10574,25.0,2025-12-11
DON_58879,VOL_10574,10.0,2025-12-18
DON_58880,VOL_10574,50.0,2026-01-15
DON_58881,VOL_10574,10.0,2026-01-25
DON_58882,VOL_10574,10.0,2026-02-08
DON_58883,VOL_10574,10.0,2026-02-15
DON_58884,VOL_10574,25.0,2026-03-12
DON_58885,VOL_10574,10.0,2026-03-15
DON_58886,VOL_10574,10.0,2026-03-15
DON_58887,VOL_10574,50.0,2026-04-09
DON_58888,VOL_10574,10.0,2026-04-23
DON_58889,VOL_10574,10.0,2026-04-26
DON_58890,VOL_10575,10.0,2025-12-11
DON_58891,VOL_10575,50.0,2025-12-18
DON_58892,VOL_10575,10.0,2026-01-04
DON_58893,VOL_10575,10.0,2026-01-08
DON_58894,VOL_10575,10.0,2026-01-22
DON_58895,VOL_10575,10.0,2026-01-29
DON_58896,VOL_10575,100.0,2026-02-05
DON_58897,VOL_10575,10.0,2026-03-08
DON_58898,VOL_10575,50.0,2026-03-19
DON_58899,VOL_10575,10.0,2026-03-19
DON_58900,VOL_10575,50.0,2026-04-05
DON_58901,VOL_10575,10.0,2026-04-12
DON_58902,VOL_10575,100.0,2026-04-16
DON_58903,VOL_10575,100.0,2026-04-23
DON_58904,VOL_10576,25.0,2025-10-23
DON_58905,VOL_10576,10.0,2025-10-23
DON_58906,VOL_10576,10.0,2025-10-30
DON_58907,VOL_10576,25.0,2025-11-16
DON_58908,VOL_10576,50.0,2025-11-27
DON_58909,VOL_10576,100.0,2025-12-04
DON_58910,VOL_10576,25.0,2025-12-04
DON_58911,VOL_10576,50.0,2025-12-28
DON_58912,VOL_10576,10.0,2026-01-08
DON_58913,VOL_10576,50.0,2026-01-15
DON_58914,VOL_10576,50.0,2026-01-22
DON_58915,VOL_10576,25.0,2026-01-29
DON_58916,VOL_10576,10.0,2026-02-08
DON_58917,VOL_10576,10.0,2026-02-12
DON_58918,VOL_10576,25.0,2026-02-22
DON_58919,VOL_10576,100.0,2026-02-26
DON_58920,VOL_10576,50.0,2026-03-01
DON_58921,VOL_10576,50.0,2026-03-05
DON_58922,VOL_10576,50.0,2026-03-12
DON_58923,VOL_10576,50.0,2026-04-05
DON_58924,VOL_10576,100.0,2026-04-05
DON_58925,VOL_10576,10.0,2026-04-09
DON_58926,VOL_10576,10.0,2026-04-12
DON_58927,VOL_10576,25.0,2026-04-16
DON_58928,VOL_10576,50.0,2026-04-19
DON_58929,VOL_10576,10.0,2026-04-23
DON_58930,VOL_10577,50.0,2025-08-24
DON_58931,VOL_10577,10.0,2025-09-18
DON_58932,VOL_10577,100.0,2025-10-02
DON_58933,VOL_10577,10.0,2025-10-05
DON_58934,VOL_10577,25.0,2025-10-26
DON_58935,VOL_10577,50.0,2025-11-02
DON_58936,VOL_10577,10.0,2025-11-16
DON_58937,VOL_10577,50.0,2025-11-20
DON_58938,VOL_10577,10.0,2025-11-20
DON_58939,VOL_10577,50.0,2025-12-14
DON_58940,VOL_10577,10.0,2025-12-25
DON_58941,VOL_10577,100.0,2026-02-12
DON_58942,VOL_10577,100.0,2026-03-08
DON_58943,VOL_10577,25.0,2026-03-12
DON_58944,VOL_10577,10.0,2026-03-29
DON_58945,VOL_10577,25.0,2026-03-29
DON_58946,VOL_10577,25.0,2026-04-09
DON_58947,VOL_10577,10.0,2026-04-12
DON_58948,VOL_10577,25.0,2026-04-16
DON_58949,VOL_10577,25.0,2026-04-26
DON_58950,VOL_10577,25.0,2026-04-26
DON_58951,VOL_10578,10.0,2025-07-27
DON_58952,VOL_10578,25.0,2025-07-31
DON_58953,VOL_10578,10.0,2025-09-04
DON_58954,VOL_10578,10.0,2025-11-09
DON_58955,VOL_10578,25.0,2025-11-13
DON_58956,VOL_10578,10.0,2025-11-16
DON_58957,VOL_10578,10.0,2025-11-23
DON_58958,VOL_10578,10.0,2025-11-27
DON_58959,VOL_10578,10.0,2025-11-27
DON_58960,VOL_10578,10.0,2025-12-11
DON_58961,VOL_10578,25.0,2025-12-14
DON_58962,VOL_10578,10.0,2025-12-14
DON_58963,VOL_10578,10.0,2025-12-28
DON_58964,VOL_10578,10.0,2026-01-04
DON_58965,VOL_10578,10.0,2026-01-25
DON_58966,VOL_10578,25.0,2026-01-29
DON_58967,VOL_10578,10.0,2026-02-19
DON_58968,VOL_10578,10.0,2026-02-22
DON_58969,VOL_10578,10.0,2026-03-08
DON_58970,VOL_10578,50.0,2026-03-15
DON_58971,VOL_10578,100.0,2026-03-19
DON_58972,VOL_10578,10.0,2026-03-29
DON_58973,VOL_10578,25.0,2026-04-26
DON_58974,VOL_10579,10.0,2025-11-13
DON_58975,VOL_10579,25.0,2025-11-23
DON_58976,VOL_10579,10.0,2025-11-30
DON_58977,VOL_10579,10.0,2025-12-04
DON_58978,VOL_10579,50.0,2025-12-18
DON_58979,VOL_10579,25.0,2025-12-18
DON_58980,VOL_10579,50.0,2026-03-01
DON_58981,VOL_10579,10.0,2026-03-05
DON_58982,VOL_10579,10.0,2026-03-08
DON_58983,VOL_10579,10.0,2026-04-26
DON_58984,VOL_10579,50.0,2026-04-26
DON_58985,VOL_10580,25.0,2025-05-11
DON_58986,VOL_10580,25.0,2025-05-11
DON_58987,VOL_10580,10.0,2025-07-03
DON_58988,VOL_10580,25.0,2025-07-06
DON_58989,VOL_10580,25.0,2025-07-27
DON_58990,VOL_10580,10.0,2025-08-07
DON_58991,VOL_10580,10.0,2025-08-10
DON_58992,VOL_10580,50.0,2025-08-10
DON_58993,VOL_10580,10.0,2025-08-14
DON_58994,VOL_10580,50.0,2025-08-17
DON_58995,VOL_10580,50.0,2025-08-24
DON_58996,VOL_10580,10.0,2025-08-24
DON_58997,VOL_10580,50.0,2025-08-24
DON_58998,VOL_10580,50.0,2025-08-24
DON_58999,VOL_10580,10.0,2025-09-04
DON_59000,VOL_10580,25.0,2025-09-14
DON_59001,VOL_10580,10.0,2025-09-21
DON_59002,VOL_10580,25.0,2025-10-12
DON_59003,VOL_10580,50.0,2025-10-26
DON_59004,VOL_10580,10.0,2025-11-09
DON_59005,VOL_10580,10.0,2025-11-20
DON_59006,VOL_10580,100.0,2025-11-30
DON_59007,VOL_10580,10.0,2025-12-07
DON_59008,VOL_10580,10.0,2025-12-21
DON_59009,VOL_10580,10.0,2026-02-12
DON_59010,VOL_10580,25.0,2026-02-15
DON_59011,VOL_10580,100.0,2026-02-26
DON_59012,VOL_10580,10.0,2026-03-01
DON_59013,VOL_10580,10.0,2026-03-05
DON_59014,VOL_10580,50.0,2026-03-19
DON_59015,VOL_10580,25.0,2026-03-26
DON_59016,VOL_10580,50.0,2026-04-05
DON_59017,VOL_10580,10.0,2026-04-19
DON_59018,VOL_10580,10.0,2026-04-23
DON_59019,VOL_10580,25.0,2026-04-23
DON_59020,VOL_10580,10.0,2026-04-30
DON_59021,VOL_10581,25.0,2026-01-18
DON_59022,VOL_10581,50.0,2026-01-18
DON_59023,VOL_10581,10.0,2026-03-12
DON_59024,VOL_10581,10.0,2026-03-15
DON_59025,VOL_10581,100.0,2026-03-15
DON_59026,VOL_10581,100.0,2026-03-19
DON_59027,VOL_10581,10.0,2026-03-29
DON_59028,VOL_10581,50.0,2026-04-05
DON_59029,VOL_10581,10.0,2026-04-30
DON_59030,VOL_10584,50.0,2026-02-12
DON_59031,VOL_10584,50.0,2026-02-15
DON_59032,VOL_10584,25.0,2026-02-26
DON_59033,VOL_10584,25.0,2026-03-01
DON_59034,VOL_10584,25.0,2026-03-05
DON_59035,VOL_10584,10.0,2026-03-05
DON_59036,VOL_10584,25.0,2026-03-15
DON_59037,VOL_10584,25.0,2026-03-19
DON_59038,VOL_10584,10.0,2026-03-29
DON_59039,VOL_10584,50.0,2026-04-02
DON_59040,VOL_10584,50.0,2026-04-16
DON_59041,VOL_10584,100.0,2026-04-30
DON_59042,VOL_10585,10.0,2025-04-17
DON_59043,VOL_10585,100.0,2025-04-17
DON_59044,VOL_10585,25.0,2025-04-24
DON_59045,VOL_10585,10.0,2025-04-27
DON_59046,VOL_10585,10.0,2025-05-15
DON_59047,VOL_10585,50.0,2025-05-18
DON_59048,VOL_10585,25.0,2025-05-25
DON_59049,VOL_10585,25.0,2025-06-08
DON_59050,VOL_10585,25.0,2025-06-22
DON_59051,VOL_10585,25.0,2025-07-20
DON_59052,VOL_10585,25.0,2025-07-31
DON_59053,VOL_10585,50.0,2025-08-24
DON_59054,VOL_10585,50.0,2025-09-18
DON_59055,VOL_10585,10.0,2025-09-18
DON_59056,VOL_10585,50.0,2025-10-02
DON_59057,VOL_10585,10.0,2025-11-13
DON_59058,VOL_10585,25.0,2025-11-23
DON_59059,VOL_10585,10.0,2025-11-30
DON_59060,VOL_10585,100.0,2025-12-11
DON_59061,VOL_10585,10.0,2025-12-18
DON_59062,VOL_10585,10.0,2025-12-25
DON_59063,VOL_10585,50.0,2025-12-25
DON_59064,VOL_10585,10.0,2026-01-08
DON_59065,VOL_10585,25.0,2026-01-11
DON_59066,VOL_10585,25.0,2026-01-15
DON_59067,VOL_10585,50.0,2026-01-22
DON_59068,VOL_10585,50.0,2026-02-05
DON_59069,VOL_10585,10.0,2026-02-26
DON_59070,VOL_10585,25.0,2026-03-12
DON_59071,VOL_10585,50.0,2026-03-12
DON_59072,VOL_10585,100.0,2026-03-22
DON_59073,VOL_10585,25.0,2026-04-09
DON_59074,VOL_10586,10.0,2025-07-27
DON_59075,VOL_10586,50.0,2025-07-27
DON_59076,VOL_10586,50.0,2025-08-07
DON_59077,VOL_10586,10.0,2025-09-11
DON_59078,VOL_10586,25.0,2025-09-18
DON_59079,VOL_10586,50.0,2025-09-25
DON_59080,VOL_10586,25.0,2025-10-05
DON_59081,VOL_10586,10.0,2025-10-12
DON_59082,VOL_10586,50.0,2025-10-19
DON_59083,VOL_10586,10.0,2025-10-23
DON_59084,VOL_10586,10.0,2025-10-26
DON_59085,VOL_10586,10.0,2025-11-13
DON_59086,VOL_10586,25.0,2025-11-20
DON_59087,VOL_10586,50.0,2025-11-30
DON_59088,VOL_10586,100.0,2026-01-15
DON_59089,VOL_10586,100.0,2026-01-29
DON_59090,VOL_10586,25.0,2026-02-08
DON_59091,VOL_10586,10.0,2026-02-26
DON_59092,VOL_10586,10.0,2026-03-12
DON_59093,VOL_10586,25.0,2026-03-12
DON_59094,VOL_10586,10.0,2026-03-15
DON_59095,VOL_10586,25.0,2026-03-19
DON_59096,VOL_10586,10.0,2026-04-16
DON_59097,VOL_10587,25.0,2025-09-25
DON_59098,VOL_10587,10.0,2025-09-28
DON_59099,VOL_10587,25.0,2025-09-28
DON_59100,VOL_10587,25.0,2025-10-02
DON_59101,VOL_10587,100.0,2025-11-16
DON_59102,VOL_10587,50.0,2025-11-23
DON_59103,VOL_10587,10.0,2025-11-30
DON_59104,VOL_10587,10.0,2025-12-11
DON_59105,VOL_10587,25.0,2025-12-11
DON_59106,VOL_10587,50.0,2026-01-08
DON_59107,VOL_10587,100.0,2026-01-15
DON_59108,VOL_10587,100.0,2026-01-22
DON_59109,VOL_10587,100.0,2026-02-05
DON_59110,VOL_10587,10.0,2026-02-12
DON_59111,VOL_10587,10.0,2026-03-05
DON_59112,VOL_10587,50.0,2026-03-26
DON_59113,VOL_10587,10.0,2026-04-02
DON_59114,VOL_10587,10.0,2026-04-19
DON_59115,VOL_10588,10.0,2025-06-12
DON_59116,VOL_10589,10.0,2025-02-06
DON_59117,VOL_10589,25.0,2025-02-23
DON_59118,VOL_10589,10.0,2025-03-06
DON_59119,VOL_10589,10.0,2025-03-13
DON_59120,VOL_10589,25.0,2025-03-20
DON_59121,VOL_10589,50.0,2025-03-27
DON_59122,VOL_10589,25.0,2025-04-24
DON_59123,VOL_10589,50.0,2025-04-24
DON_59124,VOL_10589,50.0,2025-05-01
DON_59125,VOL_10589,25.0,2025-05-29
DON_59126,VOL_10589,25.0,2025-05-29
DON_59127,VOL_10589,10.0,2025-06-01
DON_59128,VOL_10589,25.0,2025-06-08
DON_59129,VOL_10589,10.0,2025-06-15
DON_59130,VOL_10589,10.0,2025-06-19
DON_59131,VOL_10589,25.0,2025-06-26
DON_59132,VOL_10589,50.0,2025-07-06
DON_59133,VOL_10589,100.0,2025-07-17
DON_59134,VOL_10589,50.0,2025-07-20
DON_59135,VOL_10589,10.0,2025-07-31
DON_59136,VOL_10589,100.0,2025-08-03
DON_59137,VOL_10589,50.0,2025-09-04
DON_59138,VOL_10589,25.0,2025-09-21
DON_59139,VOL_10589,10.0,2025-10-05
DON_59140,VOL_10589,50.0,2025-10-12
DON_59141,VOL_10589,25.0,2025-10-23
DON_59142,VOL_10589,25.0,2025-10-23
DON_59143,VOL_10589,10.0,2025-11-13
DON_59144,VOL_10589,25.0,2025-11-23
DON_59145,VOL_10589,50.0,2026-01-25
DON_59146,VOL_10589,50.0,2026-02-26
DON_59147,VOL_10589,10.0,2026-03-08
DON_59148,VOL_10589,25.0,2026-03-12
DON_59149,VOL_10589,25.0,2026-03-15
DON_59150,VOL_10589,100.0,2026-03-19
DON_59151,VOL_10589,50.0,2026-03-29
DON_59152,VOL_10589,50.0,2026-04-09
DON_59153,VOL_10589,25.0,2026-04-30
DON_59154,VOL_10590,10.0,2026-01-29
DON_59155,VOL_10590,25.0,2026-02-01
DON_59156,VOL_10590,25.0,2026-02-08
DON_59157,VOL_10590,50.0,2026-02-26
DON_59158,VOL_10590,25.0,2026-03-01
DON_59159,VOL_10590,25.0,2026-03-12
DON_59160,VOL_10590,10.0,2026-03-15
DON_59161,VOL_10590,10.0,2026-04-23
DON_59162,VOL_10591,50.0,2025-03-20
DON_59163,VOL_10591,10.0,2025-04-03
DON_59164,VOL_10591,50.0,2025-04-10
DON_59165,VOL_10591,10.0,2025-04-20
DON_59166,VOL_10591,10.0,2025-04-20
DON_59167,VOL_10591,50.0,2025-05-08
DON_59168,VOL_10591,50.0,2025-05-15
DON_59169,VOL_10591,10.0,2025-06-22
DON_59170,VOL_10591,10.0,2025-06-26
DON_59171,VOL_10591,50.0,2025-07-06
DON_59172,VOL_10591,10.0,2025-08-07
DON_59173,VOL_10591,100.0,2025-08-17
DON_59174,VOL_10591,25.0,2025-08-24
DON_59175,VOL_10591,10.0,2025-09-21
DON_59176,VOL_10591,10.0,2025-10-23
DON_59177,VOL_10591,50.0,2025-10-26
DON_59178,VOL_10591,25.0,2025-10-30
DON_59179,VOL_10591,100.0,2025-11-27
DON_59180,VOL_10591,25.0,2025-12-04
DON_59181,VOL_10591,50.0,2026-01-15
DON_59182,VOL_10591,10.0,2026-01-29
DON_59183,VOL_10591,25.0,2026-02-01
DON_59184,VOL_10591,50.0,2026-03-29
DON_59185,VOL_10591,10.0,2026-03-29
DON_59186,VOL_10591,100.0,2026-04-12
DON_59187,VOL_10591,25.0,2026-04-26
DON_59188,VOL_10593,25.0,2026-02-12
DON_59189,VOL_10593,10.0,2026-02-15
DON_59190,VOL_10593,25.0,2026-03-01
DON_59191,VOL_10593,10.0,2026-03-12
DON_59192,VOL_10593,10.0,2026-03-19
DON_59193,VOL_10593,25.0,2026-03-29
DON_59194,VOL_10593,25.0,2026-04-23
DON_59195,VOL_10593,10.0,2026-04-26
DON_59196,VOL_10593,100.0,2026-04-30
DON_59197,VOL_10593,10.0,2026-04-30
DON_59198,VOL_10595,25.0,2026-01-22
DON_59199,VOL_10595,100.0,2026-01-25
DON_59200,VOL_10595,100.0,2026-02-19
DON_59201,VOL_10595,50.0,2026-03-05
DON_59202,VOL_10595,10.0,2026-03-12
DON_59203,VOL_10595,25.0,2026-03-19
DON_59204,VOL_10595,10.0,2026-03-19
DON_59205,VOL_10595,10.0,2026-03-19
DON_59206,VOL_10596,10.0,2025-11-09
DON_59207,VOL_10597,50.0,2025-06-08
DON_59208,VOL_10597,10.0,2025-06-08
DON_59209,VOL_10597,10.0,2025-07-20
DON_59210,VOL_10597,25.0,2025-07-31
DON_59211,VOL_10597,25.0,2025-08-03
DON_59212,VOL_10597,10.0,2025-08-07
DON_59213,VOL_10597,10.0,2025-08-17
DON_59214,VOL_10597,25.0,2025-09-04
DON_59215,VOL_10597,25.0,2025-09-11
DON_59216,VOL_10597,10.0,2025-09-14
DON_59217,VOL_10597,25.0,2025-09-18
DON_59218,VOL_10597,10.0,2025-10-05
DON_59219,VOL_10597,10.0,2025-10-05
DON_59220,VOL_10597,10.0,2025-11-06
DON_59221,VOL_10597,100.0,2025-11-09
DON_59222,VOL_10597,10.0,2025-11-23
DON_59223,VOL_10597,10.0,2025-12-07
DON_59224,VOL_10597,100.0,2025-12-11
DON_59225,VOL_10597,25.0,2025-12-14
DON_59226,VOL_10597,25.0,2026-01-04
DON_59227,VOL_10597,25.0,2026-01-15
DON_59228,VOL_10597,25.0,2026-01-18
DON_59229,VOL_10597,50.0,2026-01-22
DON_59230,VOL_10597,25.0,2026-01-29
DON_59231,VOL_10597,25.0,2026-02-19
DON_59232,VOL_10597,50.0,2026-03-12
DON_59233,VOL_10597,25.0,2026-03-15
DON_59234,VOL_10597,50.0,2026-03-29
DON_59235,VOL_10597,10.0,2026-04-23
DON_59236,VOL_10597,50.0,2026-04-23
DON_59237,VOL_10597,50.0,2026-04-30
DON_59238,VOL_10598,10.0,2025-01-16
DON_59239,VOL_10598,25.0,2025-01-30
DON_59240,VOL_10598,25.0,2025-02-23
DON_59241,VOL_10598,100.0,2025-03-09
DON_59242,VOL_10598,10.0,2025-04-03
DON_59243,VOL_10598,25.0,2025-05-01
DON_59244,VOL_10598,10.0,2025-05-11
DON_59245,VOL_10598,10.0,2025-05-15
DON_59246,VOL_10598,10.0,2025-05-18
DON_59247,VOL_10598,10.0,2025-06-01
DON_59248,VOL_10598,10.0,2025-06-01
DON_59249,VOL_10598,100.0,2025-06-08
DON_59250,VOL_10598,50.0,2025-06-19
DON_59251,VOL_10598,100.0,2025-07-10
DON_59252,VOL_10598,10.0,2025-07-17
DON_59253,VOL_10598,25.0,2025-07-24
DON_59254,VOL_10598,10.0,2025-07-27
DON_59255,VOL_10598,100.0,2025-07-27
DON_59256,VOL_10598,25.0,2025-08-24
DON_59257,VOL_10598,10.0,2025-08-24
DON_59258,VOL_10598,50.0,2025-09-14
DON_59259,VOL_10598,10.0,2025-09-25
DON_59260,VOL_10598,10.0,2025-10-05
DON_59261,VOL_10598,10.0,2025-10-23
DON_59262,VOL_10598,50.0,2025-11-02
DON_59263,VOL_10598,10.0,2025-11-13
DON_59264,VOL_10598,50.0,2025-11-16
DON_59265,VOL_10598,50.0,2025-11-23
DON_59266,VOL_10598,100.0,2025-11-30
DON_59267,VOL_10598,25.0,2025-12-11
DON_59268,VOL_10598,10.0,2025-12-14
DON_59269,VOL_10598,50.0,2025-12-18
DON_59270,VOL_10598,10.0,2025-12-25
DON_59271,VOL_10598,10.0,2026-01-04
DON_59272,VOL_10598,100.0,2026-01-04
DON_59273,VOL_10598,25.0,2026-01-15
DON_59274,VOL_10598,100.0,2026-02-05
DON_59275,VOL_10598,25.0,2026-02-26
DON_59276,VOL_10598,100.0,2026-03-01
DON_59277,VOL_10598,25.0,2026-03-15
DON_59278,VOL_10598,50.0,2026-03-22
DON_59279,VOL_10598,10.0,2026-03-26
DON_59280,VOL_10598,25.0,2026-03-29
DON_59281,VOL_10598,25.0,2026-04-23
DON_59282,VOL_10599,25.0,2026-03-15
DON_59283,VOL_10599,25.0,2026-03-19
DON_59284,VOL_10599,10.0,2026-03-26
DON_59285,VOL_10599,100.0,2026-03-29
DON_59286,VOL_10599,10.0,2026-04-09
DON_59287,VOL_10599,25.0,2026-04-16
DON_59288,VOL_10600,100.0,2025-02-16
DON_59289,VOL_10600,10.0,2025-02-27
DON_59290,VOL_10600,25.0,2025-03-06
DON_59291,VOL_10600,10.0,2025-03-16
DON_59292,VOL_10600,100.0,2025-03-27
DON_59293,VOL_10600,100.0,2025-04-06
DON_59294,VOL_10600,25.0,2025-04-10
DON_59295,VOL_10600,100.0,2025-04-27
DON_59296,VOL_10600,10.0,2025-05-08
DON_59297,VOL_10600,25.0,2025-05-11
DON_59298,VOL_10600,50.0,2025-07-13
DON_59299,VOL_10600,10.0,2025-07-17
DON_59300,VOL_10600,25.0,2025-07-24
DON_59301,VOL_10600,25.0,2025-07-31
DON_59302,VOL_10600,50.0,2025-08-03
DON_59303,VOL_10600,10.0,2025-08-03
DON_59304,VOL_10600,25.0,2025-08-10
DON_59305,VOL_10600,100.0,2025-08-14
DON_59306,VOL_10600,25.0,2025-08-17
DON_59307,VOL_10600,10.0,2025-08-24
DON_59308,VOL_10600,50.0,2025-08-31
DON_59309,VOL_10600,25.0,2025-09-14
DON_59310,VOL_10600,50.0,2025-09-28
DON_59311,VOL_10600,10.0,2025-10-02
DON_59312,VOL_10600,25.0,2025-10-23
DON_59313,VOL_10600,25.0,2025-10-26
DON_59314,VOL_10600,10.0,2025-10-30
DON_59315,VOL_10600,50.0,2025-10-30
DON_59316,VOL_10600,10.0,2025-11-09
DON_59317,VOL_10600,50.0,2025-11-16
DON_59318,VOL_10600,25.0,2025-11-27
DON_59319,VOL_10600,10.0,2025-11-27
DON_59320,VOL_10600,10.0,2025-12-04
DON_59321,VOL_10600,10.0,2025-12-07
DON_59322,VOL_10600,50.0,2025-12-18
DON_59323,VOL_10600,25.0,2026-01-08
DON_59324,VOL_10600,10.0,2026-01-15
DON_59325,VOL_10600,50.0,2026-01-25
DON_59326,VOL_10600,10.0,2026-03-26
DON_59327,VOL_10600,50.0,2026-04-23
DON_59328,VOL_10601,10.0,2025-11-27
DON_59329,VOL_10601,50.0,2026-01-04
DON_59330,VOL_10601,100.0,2026-02-19
DON_59331,VOL_10601,50.0,2026-02-26
DON_59332,VOL_10601,25.0,2026-02-26
DON_59333,VOL_10601,50.0,2026-03-05
DON_59334,VOL_10601,10.0,2026-03-08
DON_59335,VOL_10601,10.0,2026-03-15
DON_59336,VOL_10601,10.0,2026-03-26
DON_59337,VOL_10601,10.0,2026-04-02
DON_59338,VOL_10601,100.0,2026-04-02
DON_59339,VOL_10601,10.0,2026-04-16
DON_59340,VOL_10601,10.0,2026-04-30
DON_59341,VOL_10602,10.0,2025-08-28
DON_59342,VOL_10602,10.0,2025-10-12
DON_59343,VOL_10602,10.0,2025-10-19
DON_59344,VOL_10602,10.0,2025-10-26
DON_59345,VOL_10602,10.0,2025-11-27
DON_59346,VOL_10602,100.0,2025-12-04
DON_59347,VOL_10602,10.0,2025-12-28
DON_59348,VOL_10602,10.0,2026-02-08
DON_59349,VOL_10602,25.0,2026-03-15
DON_59350,VOL_10602,25.0,2026-03-19
DON_59351,VOL_10602,10.0,2026-03-19
DON_59352,VOL_10602,50.0,2026-04-05
DON_59353,VOL_10602,100.0,2026-04-12
DON_59354,VOL_10603,50.0,2025-11-30
DON_59355,VOL_10603,10.0,2025-12-11
DON_59356,VOL_10603,25.0,2025-12-18
DON_59357,VOL_10603,50.0,2026-01-18
DON_59358,VOL_10603,25.0,2026-02-01
DON_59359,VOL_10603,10.0,2026-02-08
DON_59360,VOL_10603,100.0,2026-02-12
DON_59361,VOL_10603,10.0,2026-02-19
DON_59362,VOL_10603,50.0,2026-03-01
DON_59363,VOL_10603,50.0,2026-03-08
DON_59364,VOL_10603,10.0,2026-03-12
DON_59365,VOL_10603,10.0,2026-03-12
DON_59366,VOL_10603,50.0,2026-04-23
DON_59367,VOL_10603,100.0,2026-04-26
DON_59368,VOL_10604,25.0,2025-11-27
DON_59369,VOL_10604,100.0,2025-12-04
DON_59370,VOL_10604,25.0,2025-12-07
DON_59371,VOL_10606,100.0,2025-08-07
DON_59372,VOL_10606,50.0,2025-08-17
DON_59373,VOL_10606,100.0,2025-08-24
DON_59374,VOL_10606,10.0,2025-09-04
DON_59375,VOL_10607,100.0,2025-12-11
DON_59376,VOL_10607,25.0,2025-12-25
DON_59377,VOL_10607,100.0,2025-12-25
DON_59378,VOL_10607,25.0,2026-01-22
DON_59379,VOL_10607,100.0,2026-02-08
DON_59380,VOL_10607,100.0,2026-02-08
DON_59381,VOL_10607,10.0,2026-02-08
DON_59382,VOL_10607,50.0,2026-03-19
DON_59383,VOL_10607,25.0,2026-03-26
DON_59384,VOL_10607,10.0,2026-04-12
DON_59385,VOL_10607,100.0,2026-04-12
DON_59386,VOL_10607,50.0,2026-04-19
DON_59387,VOL_10607,10.0,2026-04-23
DON_59388,VOL_10607,10.0,2026-04-26
DON_59389,VOL_10609,10.0,2025-04-06
DON_59390,VOL_10609,100.0,2025-04-10
DON_59391,VOL_10609,50.0,2025-04-10
DON_59392,VOL_10609,10.0,2025-04-20
DON_59393,VOL_10609,25.0,2025-04-24
DON_59394,VOL_10609,25.0,2025-05-04
DON_59395,VOL_10609,25.0,2025-05-11
DON_59396,VOL_10609,50.0,2025-06-01
DON_59397,VOL_10609,10.0,2025-06-12
DON_59398,VOL_10609,10.0,2025-06-15
DON_59399,VOL_10609,10.0,2025-06-26
DON_59400,VOL_10609,25.0,2025-06-26
DON_59401,VOL_10609,100.0,2025-07-17
DON_59402,VOL_10609,25.0,2025-07-17
DON_59403,VOL_10609,50.0,2025-08-10
DON_59404,VOL_10609,25.0,2025-08-14
DON_59405,VOL_10609,25.0,2025-09-28
DON_59406,VOL_10609,50.0,2025-10-19
DON_59407,VOL_10609,10.0,2025-10-26
DON_59408,VOL_10609,10.0,2025-11-16
DON_59409,VOL_10609,25.0,2025-11-27
DON_59410,VOL_10609,10.0,2025-11-27
DON_59411,VOL_10609,10.0,2025-12-18
DON_59412,VOL_10609,100.0,2025-12-25
DON_59413,VOL_10609,25.0,2026-01-15
DON_59414,VOL_10609,50.0,2026-01-22
DON_59415,VOL_10609,50.0,2026-02-08
DON_59416,VOL_10609,10.0,2026-02-15
DON_59417,VOL_10609,10.0,2026-02-15
DON_59418,VOL_10609,25.0,2026-02-22
DON_59419,VOL_10609,50.0,2026-03-29
DON_59420,VOL_10609,100.0,2026-04-02
DON_59421,VOL_10609,25.0,2026-04-16
DON_59422,VOL_10609,10.0,2026-04-23
DON_59423,VOL_10609,25.0,2026-04-23
DON_59424,VOL_10609,50.0,2026-04-30
DON_59425,VOL_10610,100.0,2025-11-09
DON_59426,VOL_10610,10.0,2025-11-23
DON_59427,VOL_10610,25.0,2025-11-23
DON_59428,VOL_10610,50.0,2025-11-27
DON_59429,VOL_10610,100.0,2025-11-30
DON_59430,VOL_10610,25.0,2025-12-07
DON_59431,VOL_10610,50.0,2025-12-18
DON_59432,VOL_10610,10.0,2025-12-25
DON_59433,VOL_10610,25.0,2026-01-08
DON_59434,VOL_10610,10.0,2026-01-22
DON_59435,VOL_10610,10.0,2026-01-29
DON_59436,VOL_10610,50.0,2026-02-08
DON_59437,VOL_10610,10.0,2026-02-22
DON_59438,VOL_10610,10.0,2026-03-12
DON_59439,VOL_10610,10.0,2026-03-19
DON_59440,VOL_10610,10.0,2026-03-26
DON_59441,VOL_10610,10.0,2026-04-19
DON_59442,VOL_10611,25.0,2025-05-18
DON_59443,VOL_10611,25.0,2025-06-19
DON_59444,VOL_10611,10.0,2025-07-20
DON_59445,VOL_10611,10.0,2025-08-17
DON_59446,VOL_10611,25.0,2025-09-11
DON_59447,VOL_10611,25.0,2025-12-11
DON_59448,VOL_10611,10.0,2026-01-08
DON_59449,VOL_10611,100.0,2026-01-29
DON_59450,VOL_10611,50.0,2026-02-08
DON_59451,VOL_10611,10.0,2026-02-22
DON_59452,VOL_10612,25.0,2025-09-14
DON_59453,VOL_10612,10.0,2025-10-05
DON_59454,VOL_10612,100.0,2025-10-05
DON_59455,VOL_10612,10.0,2025-10-12
DON_59456,VOL_10612,100.0,2025-11-13
DON_59457,VOL_10612,25.0,2025-11-16
DON_59458,VOL_10612,50.0,2025-11-20
DON_59459,VOL_10612,50.0,2025-11-27
DON_59460,VOL_10612,50.0,2025-12-18
DON_59461,VOL_10612,25.0,2026-02-01
DON_59462,VOL_10612,10.0,2026-02-22
DON_59463,VOL_10612,100.0,2026-03-26
DON_59464,VOL_10612,50.0,2026-04-26
DON_59465,VOL_10612,10.0,2026-04-26
DON_59466,VOL_10613,10.0,2025-07-24
DON_59467,VOL_10613,25.0,2025-07-31
DON_59468,VOL_10614,25.0,2025-09-14
DON_59469,VOL_10614,10.0,2025-09-28
DON_59470,VOL_10614,25.0,2025-10-05
DON_59471,VOL_10614,10.0,2025-10-16
DON_59472,VOL_10614,10.0,2025-10-23
DON_59473,VOL_10614,10.0,2025-10-26
DON_59474,VOL_10614,10.0,2025-10-30
DON_59475,VOL_10614,10.0,2025-11-06
DON_59476,VOL_10614,10.0,2025-11-13
DON_59477,VOL_10614,100.0,2025-11-23
DON_59478,VOL_10614,50.0,2025-11-27
DON_59479,VOL_10614,25.0,2025-12-04
DON_59480,VOL_10614,25.0,2025-12-11
DON_59481,VOL_10614,10.0,2025-12-18
DON_59482,VOL_10614,10.0,2025-12-21
DON_59483,VOL_10614,100.0,2026-01-08
DON_59484,VOL_10614,100.0,2026-01-22
DON_59485,VOL_10614,50.0,2026-01-29
DON_59486,VOL_10614,50.0,2026-02-05
DON_59487,VOL_10614,25.0,2026-02-05
DON_59488,VOL_10614,50.0,2026-02-22
DON_59489,VOL_10614,50.0,2026-03-19
DON_59490,VOL_10614,25.0,2026-04-12
DON_59491,VOL_10614,10.0,2026-04-26
DON_59492,VOL_10614,10.0,2026-04-26
DON_59493,VOL_10615,50.0,2025-07-27
DON_59494,VOL_10615,100.0,2025-07-31
DON_59495,VOL_10615,10.0,2025-08-10
DON_59496,VOL_10615,10.0,2025-08-17
DON_59497,VOL_10615,10.0,2025-08-24
DON_59498,VOL_10615,10.0,2025-08-24
DON_59499,VOL_10615,10.0,2025-09-04
DON_59500,VOL_10615,10.0,2025-09-28
DON_59501,VOL_10615,10.0,2025-09-28
DON_59502,VOL_10615,10.0,2025-10-16
DON_59503,VOL_10615,10.0,2025-11-02
DON_59504,VOL_10615,10.0,2025-11-06
DON_59505,VOL_10615,50.0,2025-11-13
DON_59506,VOL_10615,50.0,2025-12-04
DON_59507,VOL_10615,10.0,2026-01-08
DON_59508,VOL_10615,50.0,2026-01-15
DON_59509,VOL_10615,50.0,2026-01-29
DON_59510,VOL_10615,10.0,2026-01-29
DON_59511,VOL_10615,25.0,2026-02-12
DON_59512,VOL_10615,10.0,2026-02-19
DON_59513,VOL_10615,100.0,2026-02-22
DON_59514,VOL_10615,50.0,2026-03-05
DON_59515,VOL_10615,10.0,2026-04-09
DON_59516,VOL_10615,100.0,2026-04-12
DON_59517,VOL_10615,10.0,2026-04-23
DON_59518,VOL_10616,10.0,2025-11-23
DON_59519,VOL_10616,10.0,2025-11-23
DON_59520,VOL_10616,100.0,2025-11-27
DON_59521,VOL_10616,25.0,2025-12-21
DON_59522,VOL_10616,100.0,2025-12-25
DON_59523,VOL_10616,10.0,2025-12-28
DON_59524,VOL_10616,25.0,2026-01-25
DON_59525,VOL_10616,10.0,2026-01-29
DON_59526,VOL_10616,50.0,2026-02-26
DON_59527,VOL_10616,50.0,2026-03-08
DON_59528,VOL_10616,50.0,2026-03-19
DON_59529,VOL_10616,100.0,2026-03-19
DON_59530,VOL_10616,50.0,2026-03-26
DON_59531,VOL_10616,25.0,2026-03-26
DON_59532,VOL_10616,10.0,2026-04-02
DON_59533,VOL_10616,10.0,2026-04-12
DON_59534,VOL_10616,50.0,2026-04-23
DON_59535,VOL_10617,100.0,2025-05-29
DON_59536,VOL_10617,25.0,2025-06-15
DON_59537,VOL_10617,10.0,2025-06-22
DON_59538,VOL_10617,50.0,2025-06-29
DON_59539,VOL_10617,10.0,2025-07-03
DON_59540,VOL_10617,25.0,2025-07-06
DON_59541,VOL_10617,25.0,2025-07-10
DON_59542,VOL_10617,10.0,2025-08-03
DON_59543,VOL_10617,10.0,2025-08-17
DON_59544,VOL_10617,10.0,2025-08-24
DON_59545,VOL_10617,10.0,2025-08-28
DON_59546,VOL_10617,50.0,2025-09-14
DON_59547,VOL_10617,25.0,2025-09-21
DON_59548,VOL_10617,25.0,2025-09-28
DON_59549,VOL_10617,25.0,2025-10-02
DON_59550,VOL_10617,10.0,2025-10-12
DON_59551,VOL_10617,25.0,2025-10-16
DON_59552,VOL_10617,10.0,2025-11-20
DON_59553,VOL_10617,10.0,2025-11-27
DON_59554,VOL_10617,25.0,2025-12-07
DON_59555,VOL_10617,100.0,2025-12-25
DON_59556,VOL_10617,100.0,2026-01-29
DON_59557,VOL_10617,100.0,2026-02-01
DON_59558,VOL_10617,25.0,2026-02-26
DON_59559,VOL_10617,25.0,2026-03-05
DON_59560,VOL_10617,10.0,2026-03-15
DON_59561,VOL_10617,100.0,2026-03-19
DON_59562,VOL_10617,10.0,2026-03-19
DON_59563,VOL_10617,25.0,2026-04-09
DON_59564,VOL_10617,25.0,2026-04-19
DON_59565,VOL_10617,10.0,2026-04-26
DON_59566,VOL_10618,50.0,2025-11-09
DON_59567,VOL_10618,50.0,2025-11-27
DON_59568,VOL_10618,10.0,2025-11-30
DON_59569,VOL_10618,25.0,2025-12-18
DON_59570,VOL_10618,25.0,2025-12-28
DON_59571,VOL_10618,10.0,2026-01-11
DON_59572,VOL_10618,25.0,2026-01-15
DON_59573,VOL_10618,50.0,2026-01-18
DON_59574,VOL_10618,100.0,2026-01-25
DON_59575,VOL_10618,10.0,2026-02-08
DON_59576,VOL_10618,25.0,2026-03-05
DON_59577,VOL_10618,10.0,2026-03-12
DON_59578,VOL_10618,25.0,2026-03-29
DON_59579,VOL_10618,25.0,2026-04-09
DON_59580,VOL_10618,10.0,2026-04-16
DON_59581,VOL_10618,10.0,2026-04-23
DON_59582,VOL_10618,25.0,2026-04-30
DON_59583,VOL_10619,10.0,2025-04-27
DON_59584,VOL_10619,25.0,2025-05-08
DON_59585,VOL_10620,10.0,2025-04-20
DON_59586,VOL_10620,10.0,2025-04-24
DON_59587,VOL_10620,100.0,2025-04-27
DON_59588,VOL_10620,25.0,2025-05-04
DON_59589,VOL_10620,10.0,2025-05-18
DON_59590,VOL_10620,100.0,2025-06-26
DON_59591,VOL_10620,100.0,2025-07-10
DON_59592,VOL_10620,100.0,2025-07-24
DON_59593,VOL_10620,10.0,2025-08-10
DON_59594,VOL_10620,25.0,2025-08-24
DON_59595,VOL_10620,25.0,2025-08-28
DON_59596,VOL_10620,25.0,2025-10-02
DON_59597,VOL_10620,10.0,2025-10-16
DON_59598,VOL_10620,50.0,2025-10-23
DON_59599,VOL_10620,25.0,2025-10-23
DON_59600,VOL_10620,100.0,2025-10-23
DON_59601,VOL_10620,10.0,2025-11-02
DON_59602,VOL_10620,25.0,2025-12-04
DON_59603,VOL_10620,25.0,2025-12-07
DON_59604,VOL_10620,10.0,2025-12-11
DON_59605,VOL_10620,10.0,2025-12-21
DON_59606,VOL_10620,25.0,2025-12-28
DON_59607,VOL_10620,10.0,2026-01-08
DON_59608,VOL_10620,10.0,2026-01-15
DON_59609,VOL_10620,25.0,2026-01-18
DON_59610,VOL_10620,25.0,2026-01-18
DON_59611,VOL_10620,25.0,2026-01-29
DON_59612,VOL_10620,10.0,2026-02-22
DON_59613,VOL_10620,10.0,2026-02-26
DON_59614,VOL_10620,50.0,2026-02-26
DON_59615,VOL_10620,25.0,2026-03-05
DON_59616,VOL_10620,10.0,2026-04-23
DON_59617,VOL_10620,25.0,2026-04-26
DON_59618,VOL_10621,50.0,2025-03-16
DON_59619,VOL_10621,50.0,2025-03-20
DON_59620,VOL_10621,25.0,2025-04-06
DON_59621,VOL_10621,25.0,2025-04-17
DON_59622,VOL_10621,100.0,2025-04-17
DON_59623,VOL_10621,25.0,2025-06-15
DON_59624,VOL_10621,25.0,2025-06-15
DON_59625,VOL_10621,10.0,2025-06-19
DON_59626,VOL_10621,25.0,2025-06-29
DON_59627,VOL_10621,100.0,2025-07-10
DON_59628,VOL_10621,50.0,2025-08-07
DON_59629,VOL_10621,10.0,2025-09-04
DON_59630,VOL_10621,25.0,2025-09-14
DON_59631,VOL_10621,10.0,2025-09-25
DON_59632,VOL_10621,100.0,2025-10-12
DON_59633,VOL_10621,10.0,2025-11-23
DON_59634,VOL_10621,25.0,2025-11-23
DON_59635,VOL_10621,10.0,2025-11-30
DON_59636,VOL_10621,50.0,2025-12-07
DON_59637,VOL_10621,100.0,2026-01-15
DON_59638,VOL_10621,10.0,2026-01-18
DON_59639,VOL_10621,50.0,2026-01-22
DON_59640,VOL_10621,10.0,2026-03-05
DON_59641,VOL_10621,25.0,2026-04-02
DON_59642,VOL_10621,25.0,2026-04-05
DON_59643,VOL_10621,50.0,2026-04-26
DON_59644,VOL_10621,25.0,2026-04-26
DON_59645,VOL_10622,25.0,2025-04-27
DON_59646,VOL_10622,10.0,2025-05-08
DON_59647,VOL_10622,10.0,2025-05-18
DON_59648,VOL_10622,100.0,2025-05-25
DON_59649,VOL_10622,25.0,2025-05-29
DON_59650,VOL_10622,25.0,2025-06-05
DON_59651,VOL_10622,10.0,2025-06-08
DON_59652,VOL_10622,100.0,2025-06-12
DON_59653,VOL_10622,50.0,2025-06-19
DON_59654,VOL_10622,10.0,2025-06-22
DON_59655,VOL_10622,10.0,2025-06-26
DON_59656,VOL_10622,25.0,2025-06-26
DON_59657,VOL_10622,50.0,2025-07-03
DON_59658,VOL_10622,10.0,2025-07-17
DON_59659,VOL_10622,10.0,2025-07-20
DON_59660,VOL_10622,50.0,2025-07-24
DON_59661,VOL_10622,25.0,2025-07-24
DON_59662,VOL_10622,10.0,2025-08-03
DON_59663,VOL_10622,10.0,2025-08-17
DON_59664,VOL_10622,25.0,2025-08-24
DON_59665,VOL_10622,10.0,2025-09-14
DON_59666,VOL_10622,50.0,2025-09-21
DON_59667,VOL_10622,10.0,2025-09-28
DON_59668,VOL_10622,25.0,2025-10-02
DON_59669,VOL_10622,10.0,2025-10-05
DON_59670,VOL_10622,10.0,2025-10-05
DON_59671,VOL_10622,50.0,2025-10-12
DON_59672,VOL_10622,100.0,2025-10-19
DON_59673,VOL_10622,10.0,2025-10-30
DON_59674,VOL_10622,50.0,2025-11-02
DON_59675,VOL_10622,25.0,2025-11-09
DON_59676,VOL_10622,25.0,2025-11-20
DON_59677,VOL_10622,50.0,2025-11-27
DON_59678,VOL_10622,10.0,2025-11-27
DON_59679,VOL_10622,10.0,2025-12-07
DON_59680,VOL_10622,25.0,2025-12-11
DON_59681,VOL_10622,25.0,2025-12-18
DON_59682,VOL_10622,10.0,2025-12-21
DON_59683,VOL_10622,10.0,2025-12-21
DON_59684,VOL_10622,10.0,2026-01-08
DON_59685,VOL_10622,25.0,2026-01-15
DON_59686,VOL_10622,50.0,2026-01-22
DON_59687,VOL_10622,25.0,2026-02-08
DON_59688,VOL_10622,25.0,2026-02-19
DON_59689,VOL_10622,50.0,2026-02-26
DON_59690,VOL_10622,10.0,2026-03-01
DON_59691,VOL_10622,10.0,2026-03-26
DON_59692,VOL_10622,50.0,2026-04-09
DON_59693,VOL_10623,25.0,2025-03-02
DON_59694,VOL_10623,100.0,2025-03-13
DON_59695,VOL_10624,50.0,2025-08-17
DON_59696,VOL_10624,10.0,2025-08-24
DON_59697,VOL_10624,10.0,2025-08-28
DON_59698,VOL_10624,10.0,2025-10-02
DON_59699,VOL_10624,25.0,2025-10-26
DON_59700,VOL_10624,10.0,2025-11-02
DON_59701,VOL_10624,50.0,2025-11-16
DON_59702,VOL_10624,50.0,2025-11-23
DON_59703,VOL_10624,25.0,2025-11-27
DON_59704,VOL_10624,50.0,2025-12-04
DON_59705,VOL_10624,10.0,2025-12-11
DON_59706,VOL_10624,50.0,2025-12-11
DON_59707,VOL_10624,10.0,2026-02-08
DON_59708,VOL_10624,10.0,2026-02-19
DON_59709,VOL_10624,100.0,2026-02-19
DON_59710,VOL_10624,10.0,2026-03-05
DON_59711,VOL_10624,10.0,2026-04-02
DON_59712,VOL_10624,10.0,2026-04-16
DON_59713,VOL_10624,10.0,2026-04-30
DON_59714,VOL_10625,50.0,2025-11-27
DON_59715,VOL_10625,10.0,2025-12-11
DON_59716,VOL_10625,10.0,2025-12-18
DON_59717,VOL_10625,10.0,2025-12-18
DON_59718,VOL_10625,10.0,2025-12-21
DON_59719,VOL_10625,25.0,2026-01-15
DON_59720,VOL_10625,100.0,2026-01-15
DON_59721,VOL_10625,10.0,2026-02-12
DON_59722,VOL_10625,100.0,2026-02-19
DON_59723,VOL_10625,10.0,2026-02-26
DON_59724,VOL_10625,10.0,2026-02-26
DON_59725,VOL_10625,10.0,2026-03-05
DON_59726,VOL_10625,100.0,2026-03-15
DON_59727,VOL_10625,10.0,2026-04-09
DON_59728,VOL_10625,25.0,2026-04-09
DON_59729,VOL_10625,10.0,2026-04-26
DON_59730,VOL_10626,100.0,2025-04-13
DON_59731,VOL_10626,50.0,2025-04-17
DON_59732,VOL_10626,10.0,2025-04-20
DON_59733,VOL_10626,25.0,2025-05-11
DON_59734,VOL_10626,25.0,2025-06-01
DON_59735,VOL_10626,10.0,2025-06-15
DON_59736,VOL_10626,25.0,2025-06-22
DON_59737,VOL_10626,10.0,2025-07-06
DON_59738,VOL_10626,25.0,2025-07-13
DON_59739,VOL_10626,50.0,2025-07-17
DON_59740,VOL_10626,50.0,2025-08-24
DON_59741,VOL_10626,10.0,2025-08-28
DON_59742,VOL_10626,10.0,2025-10-02
DON_59743,VOL_10626,25.0,2025-10-23
DON_59744,VOL_10626,50.0,2025-10-26
DON_59745,VOL_10626,50.0,2025-11-09
DON_59746,VOL_10626,50.0,2025-11-27
DON_59747,VOL_10626,100.0,2025-11-30
DON_59748,VOL_10626,10.0,2025-12-11
DON_59749,VOL_10626,50.0,2025-12-18
DON_59750,VOL_10626,10.0,2026-01-04
DON_59751,VOL_10626,10.0,2026-01-15
DON_59752,VOL_10626,25.0,2026-02-08
DON_59753,VOL_10626,25.0,2026-02-08
DON_59754,VOL_10626,50.0,2026-02-12
DON_59755,VOL_10626,25.0,2026-02-15
DON_59756,VOL_10626,10.0,2026-03-01
DON_59757,VOL_10626,25.0,2026-03-08
DON_59758,VOL_10626,25.0,2026-04-19
DON_59759,VOL_10626,100.0,2026-04-23
DON_59760,VOL_10626,10.0,2026-04-26
DON_59761,VOL_10626,10.0,2026-04-30
DON_59762,VOL_10627,25.0,2025-04-10
DON_59763,VOL_10627,50.0,2025-04-24
DON_59764,VOL_10627,25.0,2025-05-01
DON_59765,VOL_10627,25.0,2025-05-08
DON_59766,VOL_10627,10.0,2025-06-01
DON_59767,VOL_10627,10.0,2025-06-26
DON_59768,VOL_10627,10.0,2025-07-17
DON_59769,VOL_10627,50.0,2025-08-24
DON_59770,VOL_10627,25.0,2025-08-31
DON_59771,VOL_10627,10.0,2025-09-28
DON_59772,VOL_10627,10.0,2025-10-05
DON_59773,VOL_10627,10.0,2025-10-23
DON_59774,VOL_10627,10.0,2025-11-02
DON_59775,VOL_10627,10.0,2025-11-09
DON_59776,VOL_10627,50.0,2025-11-27
DON_59777,VOL_10627,10.0,2025-11-27
DON_59778,VOL_10627,25.0,2025-12-18
DON_59779,VOL_10627,10.0,2025-12-25
DON_59780,VOL_10627,25.0,2026-01-04
DON_59781,VOL_10627,50.0,2026-01-25
DON_59782,VOL_10627,50.0,2026-01-25
DON_59783,VOL_10627,10.0,2026-02-01
DON_59784,VOL_10627,100.0,2026-03-15
DON_59785,VOL_10627,100.0,2026-04-02
DON_59786,VOL_10627,50.0,2026-04-05
DON_59787,VOL_10627,100.0,2026-04-26
DON_59788,VOL_10627,10.0,2026-04-30
DON_59789,VOL_10628,50.0,2025-08-07
DON_59790,VOL_10628,10.0,2025-08-10
DON_59791,VOL_10628,25.0,2025-08-14
DON_59792,VOL_10628,25.0,2025-08-17
DON_59793,VOL_10629,10.0,2025-11-06
DON_59794,VOL_10629,25.0,2025-11-13
DON_59795,VOL_10629,10.0,2025-11-27
DON_59796,VOL_10629,50.0,2025-11-30
DON_59797,VOL_10629,25.0,2025-12-04
DON_59798,VOL_10629,10.0,2025-12-18
DON_59799,VOL_10629,25.0,2026-01-11
DON_59800,VOL_10629,25.0,2026-01-22
DON_59801,VOL_10629,100.0,2026-02-19
DON_59802,VOL_10629,100.0,2026-02-22
DON_59803,VOL_10629,50.0,2026-03-12
DON_59804,VOL_10629,25.0,2026-03-19
DON_59805,VOL_10629,10.0,2026-04-16
DON_59806,VOL_10629,25.0,2026-04-26
DON_59807,VOL_10629,10.0,2026-04-26
DON_59808,VOL_10629,100.0,2026-04-26
DON_59809,VOL_10630,50.0,2026-02-22
DON_59810,VOL_10630,10.0,2026-02-26
DON_59811,VOL_10630,50.0,2026-03-05
DON_59812,VOL_10630,25.0,2026-03-15
DON_59813,VOL_10630,10.0,2026-03-19
DON_59814,VOL_10630,10.0,2026-03-29
DON_59815,VOL_10630,10.0,2026-04-16
DON_59816,VOL_10630,10.0,2026-04-26
DON_59817,VOL_10630,25.0,2026-04-30
DON_59818,VOL_10631,10.0,2025-08-28
DON_59819,VOL_10631,25.0,2025-08-28
DON_59820,VOL_10631,10.0,2025-10-02
DON_59821,VOL_10631,25.0,2025-10-02
DON_59822,VOL_10631,50.0,2025-10-19
DON_59823,VOL_10631,10.0,2025-10-26
DON_59824,VOL_10631,50.0,2025-10-26
DON_59825,VOL_10631,25.0,2025-11-13
DON_59826,VOL_10631,10.0,2025-11-20
DON_59827,VOL_10631,10.0,2025-12-04
DON_59828,VOL_10631,10.0,2025-12-14
DON_59829,VOL_10631,10.0,2025-12-14
DON_59830,VOL_10631,25.0,2025-12-18
DON_59831,VOL_10631,10.0,2025-12-18
DON_59832,VOL_10631,25.0,2025-12-28
DON_59833,VOL_10631,50.0,2025-12-28
DON_59834,VOL_10631,50.0,2026-01-18
DON_59835,VOL_10631,25.0,2026-02-12
DON_59836,VOL_10631,10.0,2026-02-26
DON_59837,VOL_10631,50.0,2026-03-19
DON_59838,VOL_10631,10.0,2026-04-23
DON_59839,VOL_10632,10.0,2025-05-29
DON_59840,VOL_10632,100.0,2025-06-08
DON_59841,VOL_10632,10.0,2025-06-19
DON_59842,VOL_10632,10.0,2025-06-19
DON_59843,VOL_10632,50.0,2025-07-13
DON_59844,VOL_10632,100.0,2025-08-07
DON_59845,VOL_10632,100.0,2025-08-07
DON_59846,VOL_10632,10.0,2025-08-10
DON_59847,VOL_10632,10.0,2025-08-14
DON_59848,VOL_10632,25.0,2025-08-21
DON_59849,VOL_10632,25.0,2025-08-24
DON_59850,VOL_10632,25.0,2025-10-02
DON_59851,VOL_10632,50.0,2025-10-02
DON_59852,VOL_10632,50.0,2025-10-05
DON_59853,VOL_10632,25.0,2025-11-09
DON_59854,VOL_10632,10.0,2025-11-13
DON_59855,VOL_10632,25.0,2025-11-16
DON_59856,VOL_10632,100.0,2025-11-20
DON_59857,VOL_10632,25.0,2025-12-14
DON_59858,VOL_10632,10.0,2025-12-21
DON_59859,VOL_10632,25.0,2025-12-25
DON_59860,VOL_10632,50.0,2026-01-04
DON_59861,VOL_10632,10.0,2026-01-08
DON_59862,VOL_10632,10.0,2026-01-08
DON_59863,VOL_10632,25.0,2026-02-15
DON_59864,VOL_10632,10.0,2026-03-08
DON_59865,VOL_10632,100.0,2026-03-19
DON_59866,VOL_10632,100.0,2026-03-29
DON_59867,VOL_10632,10.0,2026-04-02
DON_59868,VOL_10632,50.0,2026-04-09
DON_59869,VOL_10632,10.0,2026-04-16
DON_59870,VOL_10633,25.0,2025-03-09
DON_59871,VOL_10633,25.0,2025-04-13
DON_59872,VOL_10633,50.0,2025-04-17
DON_59873,VOL_10633,10.0,2025-04-24
DON_59874,VOL_10633,25.0,2025-06-15
DON_59875,VOL_10633,50.0,2025-07-10
DON_59876,VOL_10633,50.0,2025-09-11
DON_59877,VOL_10633,50.0,2025-10-16
DON_59878,VOL_10633,100.0,2025-10-26
DON_59879,VOL_10633,10.0,2025-10-30
DON_59880,VOL_10633,25.0,2025-11-02
DON_59881,VOL_10633,25.0,2025-11-13
DON_59882,VOL_10633,25.0,2025-11-20
DON_59883,VOL_10633,50.0,2025-12-07
DON_59884,VOL_10633,50.0,2025-12-21
DON_59885,VOL_10633,25.0,2026-01-08
DON_59886,VOL_10633,25.0,2026-01-11
DON_59887,VOL_10633,50.0,2026-02-22
DON_59888,VOL_10633,25.0,2026-02-26
DON_59889,VOL_10633,25.0,2026-03-08
DON_59890,VOL_10633,50.0,2026-03-15
DON_59891,VOL_10633,10.0,2026-03-29
DON_59892,VOL_10633,50.0,2026-04-16
DON_59893,VOL_10634,10.0,2025-03-27
DON_59894,VOL_10634,100.0,2025-04-17
DON_59895,VOL_10634,50.0,2025-04-20
DON_59896,VOL_10634,25.0,2025-04-27
DON_59897,VOL_10634,10.0,2025-05-04
DON_59898,VOL_10634,10.0,2025-05-15
DON_59899,VOL_10634,10.0,2025-05-22
DON_59900,VOL_10634,10.0,2025-05-25
DON_59901,VOL_10634,25.0,2025-05-25
DON_59902,VOL_10634,10.0,2025-05-29
DON_59903,VOL_10634,10.0,2025-06-12
DON_59904,VOL_10634,10.0,2025-06-12
DON_59905,VOL_10634,25.0,2025-06-15
DON_59906,VOL_10634,10.0,2025-06-22
DON_59907,VOL_10634,10.0,2025-06-22
DON_59908,VOL_10634,50.0,2025-07-10
DON_59909,VOL_10634,10.0,2025-07-24
DON_59910,VOL_10634,50.0,2025-07-27
DON_59911,VOL_10634,10.0,2025-07-31
DON_59912,VOL_10634,10.0,2025-08-21
DON_59913,VOL_10634,10.0,2025-08-28
DON_59914,VOL_10634,50.0,2025-08-31
DON_59915,VOL_10634,50.0,2025-09-11
DON_59916,VOL_10634,50.0,2025-09-28
DON_59917,VOL_10634,25.0,2025-10-12
DON_59918,VOL_10634,10.0,2025-10-26
DON_59919,VOL_10634,25.0,2025-10-30
DON_59920,VOL_10634,10.0,2025-11-06
DON_59921,VOL_10634,10.0,2025-11-27
DON_59922,VOL_10634,25.0,2025-12-11
DON_59923,VOL_10634,100.0,2025-12-28
DON_59924,VOL_10634,25.0,2026-01-04
DON_59925,VOL_10634,10.0,2026-01-08
DON_59926,VOL_10634,25.0,2026-01-15
DON_59927,VOL_10634,100.0,2026-02-12
DON_59928,VOL_10634,25.0,2026-02-15
DON_59929,VOL_10634,10.0,2026-03-01
DON_59930,VOL_10634,25.0,2026-04-09
DON_59931,VOL_10634,25.0,2026-04-23
DON_59932,VOL_10634,100.0,2026-04-26
DON_59933,VOL_10635,50.0,2025-04-10
DON_59934,VOL_10635,10.0,2025-04-17
DON_59935,VOL_10635,25.0,2025-04-27
DON_59936,VOL_10635,10.0,2025-05-15
DON_59937,VOL_10635,10.0,2025-05-18
DON_59938,VOL_10635,10.0,2025-05-18
DON_59939,VOL_10635,25.0,2025-05-18
DON_59940,VOL_10635,10.0,2025-05-25
DON_59941,VOL_10635,100.0,2025-06-01
DON_59942,VOL_10635,50.0,2025-06-19
DON_59943,VOL_10635,25.0,2025-06-26
DON_59944,VOL_10635,100.0,2025-06-29
DON_59945,VOL_10635,100.0,2025-07-10
DON_59946,VOL_10635,50.0,2025-08-07
DON_59947,VOL_10635,10.0,2025-08-17
DON_59948,VOL_10635,10.0,2025-09-18
DON_59949,VOL_10635,10.0,2025-09-21
DON_59950,VOL_10635,25.0,2025-10-16
DON_59951,VOL_10635,10.0,2025-11-09
DON_59952,VOL_10635,100.0,2025-11-30
DON_59953,VOL_10635,10.0,2025-12-04
DON_59954,VOL_10635,100.0,2025-12-18
DON_59955,VOL_10635,25.0,2025-12-25
DON_59956,VOL_10635,100.0,2025-12-25
DON_59957,VOL_10635,10.0,2026-01-04
DON_59958,VOL_10635,10.0,2026-01-08
DON_59959,VOL_10635,25.0,2026-01-25
DON_59960,VOL_10635,10.0,2026-02-26
DON_59961,VOL_10635,10.0,2026-03-05
DON_59962,VOL_10635,25.0,2026-03-19
DON_59963,VOL_10635,25.0,2026-04-26
DON_59964,VOL_10635,10.0,2026-04-26
DON_59965,VOL_10636,50.0,2025-03-23
DON_59966,VOL_10637,10.0,2025-01-09
DON_59967,VOL_10638,10.0,2025-08-17
DON_59968,VOL_10639,25.0,2025-05-01
DON_59969,VOL_10639,10.0,2025-05-08
DON_59970,VOL_10639,10.0,2025-05-08
DON_59971,VOL_10639,25.0,2025-06-15
DON_59972,VOL_10639,10.0,2025-06-22
DON_59973,VOL_10639,100.0,2025-07-06
DON_59974,VOL_10639,100.0,2025-07-10
DON_59975,VOL_10639,50.0,2025-07-24
DON_59976,VOL_10639,10.0,2025-08-03
DON_59977,VOL_10639,10.0,2025-08-24
DON_59978,VOL_10639,10.0,2025-09-11
DON_59979,VOL_10639,25.0,2025-09-28
DON_59980,VOL_10639,10.0,2025-10-02
DON_59981,VOL_10639,10.0,2025-10-02
DON_59982,VOL_10639,50.0,2025-11-13
DON_59983,VOL_10639,10.0,2025-12-14
DON_59984,VOL_10639,10.0,2026-01-29
DON_59985,VOL_10639,50.0,2026-02-01
DON_59986,VOL_10639,25.0,2026-02-22
DON_59987,VOL_10639,10.0,2026-02-22
DON_59988,VOL_10639,25.0,2026-02-26
DON_59989,VOL_10639,100.0,2026-03-08
DON_59990,VOL_10639,10.0,2026-04-02
DON_59991,VOL_10639,25.0,2026-04-19
DON_59992,VOL_10639,10.0,2026-04-26
DON_59993,VOL_10640,100.0,2026-02-26
DON_59994,VOL_10640,10.0,2026-03-08
DON_59995,VOL_10640,10.0,2026-03-12
DON_59996,VOL_10640,10.0,2026-03-15
DON_59997,VOL_10640,50.0,2026-04-05
DON_59998,VOL_10640,10.0,2026-04-09
DON_59999,VOL_10640,10.0,2026-04-26
DON_60000,VOL_10641,10.0,2025-08-28
DON_60001,VOL_10641,50.0,2025-09-11
DON_60002,VOL_10641,25.0,2025-09-14
DON_60003,VOL_10642,50.0,2025-11-02
DON_60004,VOL_10642,10.0,2025-11-06
DON_60005,VOL_10642,25.0,2025-11-13
DON_60006,VOL_10642,100.0,2025-11-20
DON_60007,VOL_10642,10.0,2025-11-30
DON_60008,VOL_10642,10.0,2025-11-30
DON_60009,VOL_10642,100.0,2025-12-07
DON_60010,VOL_10642,50.0,2025-12-21
DON_60011,VOL_10642,10.0,2026-01-15
DON_60012,VOL_10642,100.0,2026-02-08
DON_60013,VOL_10642,25.0,2026-02-12
DON_60014,VOL_10642,25.0,2026-02-12
DON_60015,VOL_10642,25.0,2026-03-29
DON_60016,VOL_10642,10.0,2026-03-29
DON_60017,VOL_10642,10.0,2026-04-09
DON_60018,VOL_10642,25.0,2026-04-12
DON_60019,VOL_10642,10.0,2026-04-26
DON_60020,VOL_10643,50.0,2025-03-13
DON_60021,VOL_10643,50.0,2025-03-16
DON_60022,VOL_10643,10.0,2025-03-16
DON_60023,VOL_10643,50.0,2025-03-20
DON_60024,VOL_10643,10.0,2025-04-03
DON_60025,VOL_10643,10.0,2025-04-24
DON_60026,VOL_10643,100.0,2025-05-04
DON_60027,VOL_10643,25.0,2025-05-25
DON_60028,VOL_10643,25.0,2025-06-15
DON_60029,VOL_10643,25.0,2025-06-22
DON_60030,VOL_10643,10.0,2025-06-26
DON_60031,VOL_10643,10.0,2025-07-06
DON_60032,VOL_10643,10.0,2025-07-27
DON_60033,VOL_10643,10.0,2025-08-10
DON_60034,VOL_10643,25.0,2025-08-14
DON_60035,VOL_10643,25.0,2025-08-14
DON_60036,VOL_10643,50.0,2025-08-24
DON_60037,VOL_10643,10.0,2025-08-31
DON_60038,VOL_10643,10.0,2025-09-04
DON_60039,VOL_10643,25.0,2025-10-26
DON_60040,VOL_10643,25.0,2025-10-30
DON_60041,VOL_10643,10.0,2025-11-02
DON_60042,VOL_10643,50.0,2025-11-09
DON_60043,VOL_10643,10.0,2025-11-23
DON_60044,VOL_10643,25.0,2025-11-23
DON_60045,VOL_10643,10.0,2025-12-04
DON_60046,VOL_10643,50.0,2026-02-08
DON_60047,VOL_10643,10.0,2026-03-05
DON_60048,VOL_10643,10.0,2026-03-05
DON_60049,VOL_10643,100.0,2026-03-29
DON_60050,VOL_10643,10.0,2026-04-09
DON_60051,VOL_10643,10.0,2026-04-16
DON_60052,VOL_10644,25.0,2026-02-05
DON_60053,VOL_10644,10.0,2026-03-12
DON_60054,VOL_10644,100.0,2026-03-12
DON_60055,VOL_10644,25.0,2026-03-15
DON_60056,VOL_10644,10.0,2026-03-19
DON_60057,VOL_10644,10.0,2026-04-02
DON_60058,VOL_10644,50.0,2026-04-16
DON_60059,VOL_10644,10.0,2026-04-23
DON_60060,VOL_10644,10.0,2026-04-26
DON_60061,VOL_10646,25.0,2026-01-18
DON_60062,VOL_10646,25.0,2026-01-29
DON_60063,VOL_10646,25.0,2026-04-12
DON_60064,VOL_10647,50.0,2025-09-18
DON_60065,VOL_10647,50.0,2025-09-28
DON_60066,VOL_10647,50.0,2025-10-12
DON_60067,VOL_10647,10.0,2025-10-19
DON_60068,VOL_10647,10.0,2025-10-30
DON_60069,VOL_10647,50.0,2025-11-06
DON_60070,VOL_10647,100.0,2025-11-09
DON_60071,VOL_10647,10.0,2025-11-13
DON_60072,VOL_10647,25.0,2025-11-13
DON_60073,VOL_10647,100.0,2025-11-16
DON_60074,VOL_10647,10.0,2025-11-27
DON_60075,VOL_10647,10.0,2025-12-25
DON_60076,VOL_10647,10.0,2025-12-28
DON_60077,VOL_10647,10.0,2025-12-28
DON_60078,VOL_10647,10.0,2026-01-11
DON_60079,VOL_10647,10.0,2026-02-01
DON_60080,VOL_10647,50.0,2026-02-08
DON_60081,VOL_10647,10.0,2026-02-19
DON_60082,VOL_10647,10.0,2026-02-19
DON_60083,VOL_10647,25.0,2026-02-26
DON_60084,VOL_10647,25.0,2026-03-01
DON_60085,VOL_10647,10.0,2026-04-12
DON_60086,VOL_10648,25.0,2025-07-31
DON_60087,VOL_10648,25.0,2025-08-10
DON_60088,VOL_10648,25.0,2025-09-25
DON_60089,VOL_10648,50.0,2025-09-28
DON_60090,VOL_10648,10.0,2025-10-16
DON_60091,VOL_10648,25.0,2025-10-19
DON_60092,VOL_10648,10.0,2025-10-19
DON_60093,VOL_10648,50.0,2025-11-06
DON_60094,VOL_10648,25.0,2025-11-09
DON_60095,VOL_10648,100.0,2025-11-20
DON_60096,VOL_10648,25.0,2025-12-11
DON_60097,VOL_10648,25.0,2025-12-14
DON_60098,VOL_10648,25.0,2025-12-21
DON_60099,VOL_10648,10.0,2025-12-28
DON_60100,VOL_10648,50.0,2026-01-15
DON_60101,VOL_10648,25.0,2026-01-18
DON_60102,VOL_10648,10.0,2026-01-22
DON_60103,VOL_10648,10.0,2026-03-12
DON_60104,VOL_10648,50.0,2026-03-15
DON_60105,VOL_10648,100.0,2026-04-02
DON_60106,VOL_10648,25.0,2026-04-19
DON_60107,VOL_10649,25.0,2025-08-21
DON_60108,VOL_10649,50.0,2025-09-14
DON_60109,VOL_10649,10.0,2025-10-12
DON_60110,VOL_10649,10.0,2025-10-16
DON_60111,VOL_10649,50.0,2025-10-19
DON_60112,VOL_10649,10.0,2025-10-23
DON_60113,VOL_10649,10.0,2025-11-02
DON_60114,VOL_10649,50.0,2025-11-09
DON_60115,VOL_10649,100.0,2025-11-16
DON_60116,VOL_10649,25.0,2025-11-20
DON_60117,VOL_10649,25.0,2025-11-23
DON_60118,VOL_10649,50.0,2025-11-23
DON_60119,VOL_10649,50.0,2025-11-27
DON_60120,VOL_10649,25.0,2025-12-07
DON_60121,VOL_10649,50.0,2026-01-04
DON_60122,VOL_10649,25.0,2026-02-15
DON_60123,VOL_10649,10.0,2026-02-26
DON_60124,VOL_10649,100.0,2026-03-05
DON_60125,VOL_10649,50.0,2026-03-15
DON_60126,VOL_10649,25.0,2026-04-09
DON_60127,VOL_10649,10.0,2026-04-16
DON_60128,VOL_10650,10.0,2025-03-27
DON_60129,VOL_10650,10.0,2025-04-24
DON_60130,VOL_10650,25.0,2025-04-24
DON_60131,VOL_10650,50.0,2025-05-08
DON_60132,VOL_10650,25.0,2025-05-15
DON_60133,VOL_10650,10.0,2025-06-19
DON_60134,VOL_10650,100.0,2025-06-29
DON_60135,VOL_10650,10.0,2025-07-24
DON_60136,VOL_10650,50.0,2025-07-24
DON_60137,VOL_10650,50.0,2025-07-27
DON_60138,VOL_10650,100.0,2025-08-14
DON_60139,VOL_10650,25.0,2025-08-17
DON_60140,VOL_10650,50.0,2025-08-24
DON_60141,VOL_10650,10.0,2025-08-24
DON_60142,VOL_10650,10.0,2025-08-28
DON_60143,VOL_10650,10.0,2025-09-11
DON_60144,VOL_10650,100.0,2025-09-18
DON_60145,VOL_10650,10.0,2025-09-25
DON_60146,VOL_10650,25.0,2025-09-28
DON_60147,VOL_10650,10.0,2025-09-28
DON_60148,VOL_10650,50.0,2025-10-12
DON_60149,VOL_10650,100.0,2025-10-12
DON_60150,VOL_10650,10.0,2025-10-26
DON_60151,VOL_10650,10.0,2025-11-13
DON_60152,VOL_10650,10.0,2025-11-23
DON_60153,VOL_10650,100.0,2025-11-30
DON_60154,VOL_10650,10.0,2025-12-18
DON_60155,VOL_10650,10.0,2026-01-15
DON_60156,VOL_10650,25.0,2026-01-25
DON_60157,VOL_10650,10.0,2026-02-19
DON_60158,VOL_10650,25.0,2026-03-05
DON_60159,VOL_10650,25.0,2026-03-05
DON_60160,VOL_10650,50.0,2026-03-12
DON_60161,VOL_10650,25.0,2026-03-29
DON_60162,VOL_10650,10.0,2026-04-12
DON_60163,VOL_10651,10.0,2025-02-06
DON_60164,VOL_10651,10.0,2025-03-02
DON_60165,VOL_10651,50.0,2025-03-06
DON_60166,VOL_10651,25.0,2025-03-09
DON_60167,VOL_10651,100.0,2025-03-16
DON_60168,VOL_10651,25.0,2025-04-03
DON_60169,VOL_10651,25.0,2025-04-06
DON_60170,VOL_10651,25.0,2025-04-10
DON_60171,VOL_10651,10.0,2025-05-01
DON_60172,VOL_10651,50.0,2025-05-11
DON_60173,VOL_10651,10.0,2025-05-18
DON_60174,VOL_10651,25.0,2025-05-29
DON_60175,VOL_10651,50.0,2025-06-01
DON_60176,VOL_10651,50.0,2025-06-19
DON_60177,VOL_10651,10.0,2025-06-26
DON_60178,VOL_10651,50.0,2025-06-29
DON_60179,VOL_10651,25.0,2025-07-03
DON_60180,VOL_10651,10.0,2025-07-06
DON_60181,VOL_10651,10.0,2025-07-27
DON_60182,VOL_10651,100.0,2025-10-16
DON_60183,VOL_10651,25.0,2025-11-02
DON_60184,VOL_10651,25.0,2025-11-06
DON_60185,VOL_10651,10.0,2025-11-13
DON_60186,VOL_10651,10.0,2025-11-27
DON_60187,VOL_10651,25.0,2025-11-30
DON_60188,VOL_10651,25.0,2025-12-07
DON_60189,VOL_10651,10.0,2026-01-15
DON_60190,VOL_10651,10.0,2026-01-15
DON_60191,VOL_10651,10.0,2026-01-22
DON_60192,VOL_10651,10.0,2026-01-29
DON_60193,VOL_10651,100.0,2026-02-15
DON_60194,VOL_10651,10.0,2026-02-22
DON_60195,VOL_10651,10.0,2026-03-22
DON_60196,VOL_10651,10.0,2026-04-12
DON_60197,VOL_10651,10.0,2026-04-26
DON_60198,VOL_10652,25.0,2026-02-05
DON_60199,VOL_10652,10.0,2026-02-15
DON_60200,VOL_10652,10.0,2026-02-19
DON_60201,VOL_10652,50.0,2026-03-19
DON_60202,VOL_10652,10.0,2026-04-09
DON_60203,VOL_10653,25.0,2025-07-31
DON_60204,VOL_10653,10.0,2025-08-17
DON_60205,VOL_10653,10.0,2025-08-24
DON_60206,VOL_10654,10.0,2025-12-25
DON_60207,VOL_10654,100.0,2026-01-15
DON_60208,VOL_10654,100.0,2026-01-22
DON_60209,VOL_10654,10.0,2026-02-22
DON_60210,VOL_10654,10.0,2026-02-26
DON_60211,VOL_10654,10.0,2026-03-08
DON_60212,VOL_10654,10.0,2026-03-26
DON_60213,VOL_10654,50.0,2026-04-02
DON_60214,VOL_10654,10.0,2026-04-12
DON_60215,VOL_10654,10.0,2026-04-26
DON_60216,VOL_10655,10.0,2025-07-06
DON_60217,VOL_10655,25.0,2025-07-06
DON_60218,VOL_10656,10.0,2025-02-06
DON_60219,VOL_10656,10.0,2025-02-23
DON_60220,VOL_10656,10.0,2025-02-27
DON_60221,VOL_10656,10.0,2025-03-09
DON_60222,VOL_10656,25.0,2025-03-20
DON_60223,VOL_10656,10.0,2025-03-23
DON_60224,VOL_10656,10.0,2025-04-10
DON_60225,VOL_10656,50.0,2025-04-10
DON_60226,VOL_10656,25.0,2025-04-17
DON_60227,VOL_10656,10.0,2025-05-08
DON_60228,VOL_10656,25.0,2025-05-25
DON_60229,VOL_10656,25.0,2025-06-08
DON_60230,VOL_10656,25.0,2025-06-19
DON_60231,VOL_10656,10.0,2025-07-10
DON_60232,VOL_10656,25.0,2025-07-20
DON_60233,VOL_10656,100.0,2025-08-14
DON_60234,VOL_10656,25.0,2025-08-14
DON_60235,VOL_10656,10.0,2025-08-17
DON_60236,VOL_10656,50.0,2025-09-28
DON_60237,VOL_10656,10.0,2025-10-05
DON_60238,VOL_10656,10.0,2025-10-23
DON_60239,VOL_10656,10.0,2025-11-09
DON_60240,VOL_10656,10.0,2025-11-09
DON_60241,VOL_10656,100.0,2025-11-13
DON_60242,VOL_10656,25.0,2025-11-16
DON_60243,VOL_10656,25.0,2025-11-16
DON_60244,VOL_10656,50.0,2025-11-20
DON_60245,VOL_10656,50.0,2025-11-27
DON_60246,VOL_10656,50.0,2025-12-28
DON_60247,VOL_10656,100.0,2026-01-18
DON_60248,VOL_10656,25.0,2026-01-29
DON_60249,VOL_10656,25.0,2026-02-05
DON_60250,VOL_10656,25.0,2026-02-08
DON_60251,VOL_10656,10.0,2026-02-19
DON_60252,VOL_10656,100.0,2026-02-22
DON_60253,VOL_10656,25.0,2026-03-05
DON_60254,VOL_10656,25.0,2026-03-12
DON_60255,VOL_10656,10.0,2026-03-29
DON_60256,VOL_10656,100.0,2026-04-16
DON_60257,VOL_10657,50.0,2025-09-28
DON_60258,VOL_10657,10.0,2025-10-02
DON_60259,VOL_10657,50.0,2025-11-20
DON_60260,VOL_10657,10.0,2025-12-04
DON_60261,VOL_10657,25.0,2025-12-14
DON_60262,VOL_10657,25.0,2025-12-28
DON_60263,VOL_10657,10.0,2026-01-04
DON_60264,VOL_10657,100.0,2026-01-04
DON_60265,VOL_10657,10.0,2026-01-25
DON_60266,VOL_10657,50.0,2026-02-12
DON_60267,VOL_10657,10.0,2026-02-15
DON_60268,VOL_10657,50.0,2026-03-26
DON_60269,VOL_10657,10.0,2026-03-29
DON_60270,VOL_10657,10.0,2026-04-02
DON_60271,VOL_10657,100.0,2026-04-16
DON_60272,VOL_10657,100.0,2026-04-30
DON_60273,VOL_10658,100.0,2025-02-02
DON_60274,VOL_10658,25.0,2025-02-09
DON_60275,VOL_10658,25.0,2025-02-13
DON_60276,VOL_10658,100.0,2025-02-27
DON_60277,VOL_10658,10.0,2025-04-27
DON_60278,VOL_10658,50.0,2025-05-15
DON_60279,VOL_10658,10.0,2025-06-01
DON_60280,VOL_10658,10.0,2025-06-26
DON_60281,VOL_10658,10.0,2025-06-29
DON_60282,VOL_10658,10.0,2025-07-13
DON_60283,VOL_10658,100.0,2025-07-20
DON_60284,VOL_10658,10.0,2025-08-14
DON_60285,VOL_10658,10.0,2025-08-17
DON_60286,VOL_10658,10.0,2025-08-31
DON_60287,VOL_10658,100.0,2025-09-04
DON_60288,VOL_10658,25.0,2025-09-11
DON_60289,VOL_10658,25.0,2025-09-14
DON_60290,VOL_10658,25.0,2025-10-19
DON_60291,VOL_10658,25.0,2025-10-19
DON_60292,VOL_10658,10.0,2025-11-13
DON_60293,VOL_10658,10.0,2025-11-13
DON_60294,VOL_10658,10.0,2025-11-16
DON_60295,VOL_10658,10.0,2025-11-23
DON_60296,VOL_10658,100.0,2025-12-11
DON_60297,VOL_10658,10.0,2026-02-05
DON_60298,VOL_10658,100.0,2026-02-15
DON_60299,VOL_10658,10.0,2026-02-26
DON_60300,VOL_10658,25.0,2026-02-26
DON_60301,VOL_10658,100.0,2026-03-29
DON_60302,VOL_10658,25.0,2026-04-09
DON_60303,VOL_10658,10.0,2026-04-16
DON_60304,VOL_10658,10.0,2026-04-16
DON_60305,VOL_10658,25.0,2026-04-19
DON_60306,VOL_10658,10.0,2026-04-23
DON_60307,VOL_10662,25.0,2026-03-05
DON_60308,VOL_10662,25.0,2026-03-05
DON_60309,VOL_10662,25.0,2026-04-16
DON_60310,VOL_10662,10.0,2026-04-30
DON_60311,VOL_10663,25.0,2025-03-02
DON_60312,VOL_10663,25.0,2025-03-13
DON_60313,VOL_10663,25.0,2025-03-20
DON_60314,VOL_10663,50.0,2025-04-13
DON_60315,VOL_10663,10.0,2025-04-20
DON_60316,VOL_10663,100.0,2025-04-24
DON_60317,VOL_10663,25.0,2025-05-25
DON_60318,VOL_10663,10.0,2025-06-08
DON_60319,VOL_10663,50.0,2025-07-17
DON_60320,VOL_10663,10.0,2025-07-24
DON_60321,VOL_10663,10.0,2025-08-03
DON_60322,VOL_10663,10.0,2025-08-03
DON_60323,VOL_10663,10.0,2025-08-07
DON_60324,VOL_10663,10.0,2025-08-14
DON_60325,VOL_10663,10.0,2025-08-17
DON_60326,VOL_10663,10.0,2025-08-24
DON_60327,VOL_10663,100.0,2025-08-31
DON_60328,VOL_10663,10.0,2025-09-04
DON_60329,VOL_10663,100.0,2025-09-21
DON_60330,VOL_10663,25.0,2025-09-28
DON_60331,VOL_10663,10.0,2025-11-09
DON_60332,VOL_10663,10.0,2025-11-23
DON_60333,VOL_10663,10.0,2025-11-30
DON_60334,VOL_10663,10.0,2025-11-30
DON_60335,VOL_10663,50.0,2025-12-04
DON_60336,VOL_10663,50.0,2025-12-14
DON_60337,VOL_10663,25.0,2026-01-15
DON_60338,VOL_10663,10.0,2026-02-08
DON_60339,VOL_10663,10.0,2026-02-08
DON_60340,VOL_10663,25.0,2026-02-15
DON_60341,VOL_10663,50.0,2026-02-26
DON_60342,VOL_10663,25.0,2026-03-05
DON_60343,VOL_10663,10.0,2026-03-29
DON_60344,VOL_10663,10.0,2026-03-29
DON_60345,VOL_10663,10.0,2026-04-09
DON_60346,VOL_10663,50.0,2026-04-09
DON_60347,VOL_10663,25.0,2026-04-16
DON_60348,VOL_10663,10.0,2026-04-19
DON_60349,VOL_10663,10.0,2026-04-30
DON_60350,VOL_10664,10.0,2025-11-27
DON_60351,VOL_10664,50.0,2025-12-04
DON_60352,VOL_10664,25.0,2025-12-11
DON_60353,VOL_10664,50.0,2025-12-18
DON_60354,VOL_10664,25.0,2025-12-18
DON_60355,VOL_10664,10.0,2026-01-08
DON_60356,VOL_10664,10.0,2026-02-15
DON_60357,VOL_10664,10.0,2026-02-15
DON_60358,VOL_10664,25.0,2026-02-19
DON_60359,VOL_10664,10.0,2026-03-08
DON_60360,VOL_10664,50.0,2026-03-19
DON_60361,VOL_10664,10.0,2026-03-29
DON_60362,VOL_10664,10.0,2026-03-29
DON_60363,VOL_10664,10.0,2026-04-05
DON_60364,VOL_10664,10.0,2026-04-09
DON_60365,VOL_10664,25.0,2026-04-09
DON_60366,VOL_10665,10.0,2025-09-18
DON_60367,VOL_10665,50.0,2025-10-16
DON_60368,VOL_10665,50.0,2025-11-06
DON_60369,VOL_10665,50.0,2025-11-06
DON_60370,VOL_10665,10.0,2025-11-16
DON_60371,VOL_10665,10.0,2025-11-16
DON_60372,VOL_10665,50.0,2025-11-20
DON_60373,VOL_10665,25.0,2025-11-23
DON_60374,VOL_10665,10.0,2025-11-30
DON_60375,VOL_10665,50.0,2026-02-01
DON_60376,VOL_10665,25.0,2026-02-08
DON_60377,VOL_10665,10.0,2026-02-15
DON_60378,VOL_10665,10.0,2026-02-15
DON_60379,VOL_10665,25.0,2026-02-26
DON_60380,VOL_10665,100.0,2026-02-26
DON_60381,VOL_10665,10.0,2026-03-19
DON_60382,VOL_10665,25.0,2026-03-19
DON_60383,VOL_10665,10.0,2026-04-02
DON_60384,VOL_10665,25.0,2026-04-30
DON_60385,VOL_10666,10.0,2026-01-08
DON_60386,VOL_10667,10.0,2025-04-13
DON_60387,VOL_10667,100.0,2025-04-27
DON_60388,VOL_10667,10.0,2025-05-04
DON_60389,VOL_10667,50.0,2025-05-15
DON_60390,VOL_10668,25.0,2025-08-14
DON_60391,VOL_10668,10.0,2025-08-24
DON_60392,VOL_10669,50.0,2025-07-20
DON_60393,VOL_10669,25.0,2025-08-10
DON_60394,VOL_10669,10.0,2025-08-17
DON_60395,VOL_10669,25.0,2025-08-28
DON_60396,VOL_10669,25.0,2025-09-04
DON_60397,VOL_10669,50.0,2025-09-14
DON_60398,VOL_10669,10.0,2025-10-05
DON_60399,VOL_10669,50.0,2025-10-30
DON_60400,VOL_10669,10.0,2025-11-06
DON_60401,VOL_10669,10.0,2025-11-23
DON_60402,VOL_10669,100.0,2025-11-27
DON_60403,VOL_10669,25.0,2025-12-04
DON_60404,VOL_10669,10.0,2025-12-07
DON_60405,VOL_10669,25.0,2026-01-08
DON_60406,VOL_10669,10.0,2026-01-22
DON_60407,VOL_10669,50.0,2026-02-08
DON_60408,VOL_10669,50.0,2026-03-05
DON_60409,VOL_10669,10.0,2026-03-29
DON_60410,VOL_10669,10.0,2026-04-12
DON_60411,VOL_10669,25.0,2026-04-12
DON_60412,VOL_10669,25.0,2026-04-16
DON_60413,VOL_10669,10.0,2026-04-26
DON_60414,VOL_10670,25.0,2025-07-20
DON_60415,VOL_10670,100.0,2025-08-03
DON_60416,VOL_10670,50.0,2025-08-07
DON_60417,VOL_10670,25.0,2025-08-10
DON_60418,VOL_10670,50.0,2025-08-10
DON_60419,VOL_10670,25.0,2025-08-14
DON_60420,VOL_10670,100.0,2025-10-16
DON_60421,VOL_10670,25.0,2025-10-26
DON_60422,VOL_10670,10.0,2025-11-02
DON_60423,VOL_10670,10.0,2025-11-16
DON_60424,VOL_10670,10.0,2025-11-16
DON_60425,VOL_10670,50.0,2025-12-28
DON_60426,VOL_10670,25.0,2026-01-04
DON_60427,VOL_10670,50.0,2026-01-18
DON_60428,VOL_10670,25.0,2026-01-25
DON_60429,VOL_10670,10.0,2026-01-29
DON_60430,VOL_10670,10.0,2026-02-15
DON_60431,VOL_10670,25.0,2026-02-19
DON_60432,VOL_10670,25.0,2026-02-22
DON_60433,VOL_10670,25.0,2026-02-22
DON_60434,VOL_10670,10.0,2026-03-01
DON_60435,VOL_10670,100.0,2026-03-12
DON_60436,VOL_10670,25.0,2026-04-16
DON_60437,VOL_10670,10.0,2026-04-23
DON_60438,VOL_10670,25.0,2026-04-30
DON_60439,VOL_10671,10.0,2026-02-19
DON_60440,VOL_10671,25.0,2026-03-01
DON_60441,VOL_10671,10.0,2026-03-05
DON_60442,VOL_10671,10.0,2026-03-05
DON_60443,VOL_10671,10.0,2026-03-05
DON_60444,VOL_10671,10.0,2026-03-15
DON_60445,VOL_10671,25.0,2026-03-15
DON_60446,VOL_10671,25.0,2026-03-29
DON_60447,VOL_10671,10.0,2026-04-02
DON_60448,VOL_10671,10.0,2026-04-09
DON_60449,VOL_10671,25.0,2026-04-16
DON_60450,VOL_10673,50.0,2025-06-26
DON_60451,VOL_10673,25.0,2025-07-10
DON_60452,VOL_10673,50.0,2025-07-13
DON_60453,VOL_10673,10.0,2025-07-17
DON_60454,VOL_10673,25.0,2025-07-20
DON_60455,VOL_10673,50.0,2025-07-27
DON_60456,VOL_10673,10.0,2025-07-27
DON_60457,VOL_10673,25.0,2025-08-17
DON_60458,VOL_10673,10.0,2025-08-24
DON_60459,VOL_10673,25.0,2025-09-18
DON_60460,VOL_10673,25.0,2025-10-02
DON_60461,VOL_10673,10.0,2025-10-23
DON_60462,VOL_10673,100.0,2025-10-30
DON_60463,VOL_10673,10.0,2025-11-02
DON_60464,VOL_10673,100.0,2025-11-06
DON_60465,VOL_10673,25.0,2025-11-30
DON_60466,VOL_10673,10.0,2025-12-14
DON_60467,VOL_10673,25.0,2025-12-25
DON_60468,VOL_10673,100.0,2025-12-28
DON_60469,VOL_10673,25.0,2026-01-22
DON_60470,VOL_10673,10.0,2026-02-05
DON_60471,VOL_10673,25.0,2026-02-08
DON_60472,VOL_10673,10.0,2026-02-15
DON_60473,VOL_10673,100.0,2026-02-22
DON_60474,VOL_10673,50.0,2026-03-12
DON_60475,VOL_10673,25.0,2026-03-26
DON_60476,VOL_10673,100.0,2026-04-23
DON_60477,VOL_10673,25.0,2026-04-23
DON_60478,VOL_10673,25.0,2026-04-26
DON_60479,VOL_10673,10.0,2026-04-26
DON_60480,VOL_10674,100.0,2025-10-26
DON_60481,VOL_10674,10.0,2025-11-13
DON_60482,VOL_10675,50.0,2025-09-21
DON_60483,VOL_10675,10.0,2025-10-02
DON_60484,VOL_10675,10.0,2025-10-19
DON_60485,VOL_10675,100.0,2025-10-26
DON_60486,VOL_10675,25.0,2025-10-26
DON_60487,VOL_10675,50.0,2025-11-13
DON_60488,VOL_10675,25.0,2025-11-16
DON_60489,VOL_10675,100.0,2025-11-20
DON_60490,VOL_10675,50.0,2025-12-04
DON_60491,VOL_10675,25.0,2025-12-11
DON_60492,VOL_10675,10.0,2026-01-22
DON_60493,VOL_10675,10.0,2026-01-29
DON_60494,VOL_10675,50.0,2026-02-26
DON_60495,VOL_10675,50.0,2026-03-19
DON_60496,VOL_10675,50.0,2026-04-12
DON_60497,VOL_10675,10.0,2026-04-12
DON_60498,VOL_10675,10.0,2026-04-16
DON_60499,VOL_10675,10.0,2026-04-30
DON_60500,VOL_10676,50.0,2025-12-04
DON_60501,VOL_10677,10.0,2026-02-19
DON_60502,VOL_10677,10.0,2026-02-26
DON_60503,VOL_10677,10.0,2026-04-02
DON_60504,VOL_10677,10.0,2026-04-05
DON_60505,VOL_10677,10.0,2026-04-26
DON_60506,VOL_10678,10.0,2025-04-03
DON_60507,VOL_10678,10.0,2025-04-17
DON_60508,VOL_10679,10.0,2025-04-03
DON_60509,VOL_10679,10.0,2025-04-06
DON_60510,VOL_10679,100.0,2025-04-13
DON_60511,VOL_10679,10.0,2025-04-20
DON_60512,VOL_10679,10.0,2025-04-24
DON_60513,VOL_10679,50.0,2025-04-27
DON_60514,VOL_10679,25.0,2025-05-01
DON_60515,VOL_10679,10.0,2025-05-29
DON_60516,VOL_10679,10.0,2025-07-17
DON_60517,VOL_10679,10.0,2025-07-24
DON_60518,VOL_10679,100.0,2025-08-14
DON_60519,VOL_10679,100.0,2025-08-24
DON_60520,VOL_10679,50.0,2025-10-05
DON_60521,VOL_10679,50.0,2025-10-16
DON_60522,VOL_10679,10.0,2025-11-02
DON_60523,VOL_10679,10.0,2025-11-06
DON_60524,VOL_10679,50.0,2025-11-13
DON_60525,VOL_10679,100.0,2025-11-23
DON_60526,VOL_10679,25.0,2025-11-27
DON_60527,VOL_10679,50.0,2026-01-22
DON_60528,VOL_10679,25.0,2026-01-29
DON_60529,VOL_10679,25.0,2026-02-08
DON_60530,VOL_10679,50.0,2026-02-19
DON_60531,VOL_10679,25.0,2026-02-26
DON_60532,VOL_10679,10.0,2026-03-08
DON_60533,VOL_10679,10.0,2026-03-29
DON_60534,VOL_10679,10.0,2026-03-29
DON_60535,VOL_10679,10.0,2026-04-30
DON_60536,VOL_10680,10.0,2025-10-23
DON_60537,VOL_10680,25.0,2025-10-30
DON_60538,VOL_10680,10.0,2025-11-09
DON_60539,VOL_10680,10.0,2025-11-09
DON_60540,VOL_10680,10.0,2025-11-13
DON_60541,VOL_10680,10.0,2025-11-13
DON_60542,VOL_10680,25.0,2025-11-23
DON_60543,VOL_10680,10.0,2025-11-30
DON_60544,VOL_10680,50.0,2025-12-21
DON_60545,VOL_10680,100.0,2025-12-25
DON_60546,VOL_10680,100.0,2026-01-22
DON_60547,VOL_10680,10.0,2026-01-22
DON_60548,VOL_10680,10.0,2026-02-05
DON_60549,VOL_10680,25.0,2026-02-08
DON_60550,VOL_10680,50.0,2026-02-12
DON_60551,VOL_10680,25.0,2026-02-26
DON_60552,VOL_10680,100.0,2026-03-01
DON_60553,VOL_10680,50.0,2026-04-09
DON_60554,VOL_10680,50.0,2026-04-16
DON_60555,VOL_10680,10.0,2026-04-26
DON_60556,VOL_10680,10.0,2026-04-30
DON_60557,VOL_10681,25.0,2025-03-30
DON_60558,VOL_10681,100.0,2025-04-10
DON_60559,VOL_10681,25.0,2025-04-10
DON_60560,VOL_10681,10.0,2025-04-17
DON_60561,VOL_10681,25.0,2025-04-27
DON_60562,VOL_10681,10.0,2025-05-08
DON_60563,VOL_10681,50.0,2025-05-15
DON_60564,VOL_10681,25.0,2025-06-08
DON_60565,VOL_10681,50.0,2025-06-19
DON_60566,VOL_10681,10.0,2025-06-22
DON_60567,VOL_10681,25.0,2025-07-10
DON_60568,VOL_10681,25.0,2025-07-17
DON_60569,VOL_10681,50.0,2025-07-31
DON_60570,VOL_10681,100.0,2025-07-31
DON_60571,VOL_10681,10.0,2025-08-21
DON_60572,VOL_10681,10.0,2025-09-04
DON_60573,VOL_10681,25.0,2025-09-11
DON_60574,VOL_10681,25.0,2025-10-05
DON_60575,VOL_10681,10.0,2025-11-09
DON_60576,VOL_10681,25.0,2025-11-13
DON_60577,VOL_10681,50.0,2025-11-23
DON_60578,VOL_10681,10.0,2025-11-27
DON_60579,VOL_10681,10.0,2025-11-30
DON_60580,VOL_10681,25.0,2025-12-11
DON_60581,VOL_10681,10.0,2025-12-28
DON_60582,VOL_10681,50.0,2026-02-19
DON_60583,VOL_10681,10.0,2026-03-12
DON_60584,VOL_10681,50.0,2026-03-29
DON_60585,VOL_10681,10.0,2026-03-29
DON_60586,VOL_10681,50.0,2026-04-05
DON_60587,VOL_10681,50.0,2026-04-09
DON_60588,VOL_10681,25.0,2026-04-23
DON_60589,VOL_10681,50.0,2026-04-23
DON_60590,VOL_10681,50.0,2026-04-26
DON_60591,VOL_10681,25.0,2026-04-26
DON_60592,VOL_10681,50.0,2026-04-30
DON_60593,VOL_10682,25.0,2025-03-20
DON_60594,VOL_10682,50.0,2025-03-20
DON_60595,VOL_10682,25.0,2025-04-24
DON_60596,VOL_10682,50.0,2025-05-15
DON_60597,VOL_10682,25.0,2025-05-18
DON_60598,VOL_10682,50.0,2025-05-22
DON_60599,VOL_10682,50.0,2025-06-01
DON_60600,VOL_10682,10.0,2025-06-15
DON_60601,VOL_10682,25.0,2025-06-22
DON_60602,VOL_10682,10.0,2025-07-10
DON_60603,VOL_10682,10.0,2025-07-24
DON_60604,VOL_10682,100.0,2025-07-27
DON_60605,VOL_10682,10.0,2025-07-31
DON_60606,VOL_10682,50.0,2025-08-03
DON_60607,VOL_10682,25.0,2025-08-28
DON_60608,VOL_10682,50.0,2025-09-11
DON_60609,VOL_10682,100.0,2025-09-28
DON_60610,VOL_10682,50.0,2025-10-02
DON_60611,VOL_10682,25.0,2025-10-05
DON_60612,VOL_10682,25.0,2025-10-26
DON_60613,VOL_10682,25.0,2025-11-13
DON_60614,VOL_10682,50.0,2025-11-13
DON_60615,VOL_10682,10.0,2025-11-30
DON_60616,VOL_10682,10.0,2025-12-04
DON_60617,VOL_10682,10.0,2025-12-04
DON_60618,VOL_10682,25.0,2025-12-21
DON_60619,VOL_10682,25.0,2026-01-11
DON_60620,VOL_10682,25.0,2026-01-25
DON_60621,VOL_10682,50.0,2026-02-08
DON_60622,VOL_10682,10.0,2026-03-22
DON_60623,VOL_10682,25.0,2026-04-09
DON_60624,VOL_10683,10.0,2025-02-06
DON_60625,VOL_10683,100.0,2025-03-27
DON_60626,VOL_10683,50.0,2025-03-30
DON_60627,VOL_10683,25.0,2025-04-03
DON_60628,VOL_10683,10.0,2025-04-10
DON_60629,VOL_10683,25.0,2025-05-01
DON_60630,VOL_10683,25.0,2025-05-18
DON_60631,VOL_10683,50.0,2025-05-22
DON_60632,VOL_10683,50.0,2025-06-01
DON_60633,VOL_10683,25.0,2025-06-05
DON_60634,VOL_10683,25.0,2025-06-15
DON_60635,VOL_10683,10.0,2025-06-26
DON_60636,VOL_10683,50.0,2025-08-10
DON_60637,VOL_10683,25.0,2025-08-14
DON_60638,VOL_10683,25.0,2025-08-17
DON_60639,VOL_10683,100.0,2025-08-17
DON_60640,VOL_10683,50.0,2025-08-24
DON_60641,VOL_10683,10.0,2025-10-12
DON_60642,VOL_10683,25.0,2025-11-09
DON_60643,VOL_10683,25.0,2025-11-16
DON_60644,VOL_10683,10.0,2025-11-30
DON_60645,VOL_10683,10.0,2025-12-04
DON_60646,VOL_10683,10.0,2026-01-15
DON_60647,VOL_10683,100.0,2026-01-18
DON_60648,VOL_10683,10.0,2026-02-26
DON_60649,VOL_10683,25.0,2026-02-26
DON_60650,VOL_10683,50.0,2026-04-02
DON_60651,VOL_10683,10.0,2026-04-05
DON_60652,VOL_10683,25.0,2026-04-09
DON_60653,VOL_10683,10.0,2026-04-12
DON_60654,VOL_10683,50.0,2026-04-23
DON_60655,VOL_10683,50.0,2026-04-30
DON_60656,VOL_10684,10.0,2025-01-12
DON_60657,VOL_10684,10.0,2025-01-16
DON_60658,VOL_10684,10.0,2025-01-19
DON_60659,VOL_10684,10.0,2025-01-26
DON_60660,VOL_10684,10.0,2025-01-30
DON_60661,VOL_10684,10.0,2025-02-02
DON_60662,VOL_10684,25.0,2025-02-27
DON_60663,VOL_10684,25.0,2025-03-06
DON_60664,VOL_10684,50.0,2025-03-16
DON_60665,VOL_10684,10.0,2025-03-20
DON_60666,VOL_10684,10.0,2025-03-27
DON_60667,VOL_10684,50.0,2025-03-30
DON_60668,VOL_10684,10.0,2025-03-30
DON_60669,VOL_10684,10.0,2025-04-03
DON_60670,VOL_10684,25.0,2025-04-27
DON_60671,VOL_10684,50.0,2025-05-08
DON_60672,VOL_10684,10.0,2025-05-15
DON_60673,VOL_10684,10.0,2025-06-01
DON_60674,VOL_10684,10.0,2025-06-08
DON_60675,VOL_10684,50.0,2025-07-06
DON_60676,VOL_10684,25.0,2025-07-10
DON_60677,VOL_10684,10.0,2025-07-27
DON_60678,VOL_10684,25.0,2025-07-31
DON_60679,VOL_10684,25.0,2025-08-07
DON_60680,VOL_10684,50.0,2025-08-17
DON_60681,VOL_10684,10.0,2025-08-24
DON_60682,VOL_10684,10.0,2025-09-04
DON_60683,VOL_10684,100.0,2025-09-28
DON_60684,VOL_10684,50.0,2025-10-26
DON_60685,VOL_10684,10.0,2025-11-06
DON_60686,VOL_10684,10.0,2025-11-09
DON_60687,VOL_10684,10.0,2025-12-11
DON_60688,VOL_10684,10.0,2025-12-14
DON_60689,VOL_10684,25.0,2025-12-14
DON_60690,VOL_10684,50.0,2025-12-18
DON_60691,VOL_10684,25.0,2026-01-04
DON_60692,VOL_10684,50.0,2026-01-22
DON_60693,VOL_10684,25.0,2026-01-29
DON_60694,VOL_10684,10.0,2026-02-26
DON_60695,VOL_10684,10.0,2026-03-08
DON_60696,VOL_10684,10.0,2026-03-12
DON_60697,VOL_10684,10.0,2026-03-12
DON_60698,VOL_10684,10.0,2026-03-12
DON_60699,VOL_10684,10.0,2026-03-29
DON_60700,VOL_10684,25.0,2026-04-09
DON_60701,VOL_10684,10.0,2026-04-12
DON_60702,VOL_10684,10.0,2026-04-19
DON_60703,VOL_10684,50.0,2026-04-30
DON_60704,VOL_10684,100.0,2026-04-30
DON_60705,VOL_10685,50.0,2025-08-31
DON_60706,VOL_10685,25.0,2025-09-04
DON_60707,VOL_10685,10.0,2025-09-21
DON_60708,VOL_10685,25.0,2025-10-16
DON_60709,VOL_10685,50.0,2025-10-26
DON_60710,VOL_10685,10.0,2025-11-09
DON_60711,VOL_10685,25.0,2025-12-11
DON_60712,VOL_10685,10.0,2025-12-14
DON_60713,VOL_10685,10.0,2025-12-18
DON_60714,VOL_10685,50.0,2026-01-18
DON_60715,VOL_10685,25.0,2026-01-22
DON_60716,VOL_10685,10.0,2026-01-29
DON_60717,VOL_10685,25.0,2026-02-22
DON_60718,VOL_10685,10.0,2026-02-26
DON_60719,VOL_10685,25.0,2026-03-08
DON_60720,VOL_10685,10.0,2026-03-19
DON_60721,VOL_10685,50.0,2026-04-30
DON_60722,VOL_10685,25.0,2026-04-30
DON_60723,VOL_10686,25.0,2025-09-28
DON_60724,VOL_10686,100.0,2025-09-28
DON_60725,VOL_10686,25.0,2025-10-26
DON_60726,VOL_10686,10.0,2025-11-06
DON_60727,VOL_10686,25.0,2025-11-20
DON_60728,VOL_10686,10.0,2025-11-23
DON_60729,VOL_10686,10.0,2025-12-14
DON_60730,VOL_10686,10.0,2025-12-28
DON_60731,VOL_10686,25.0,2026-01-29
DON_60732,VOL_10686,50.0,2026-01-29
DON_60733,VOL_10686,10.0,2026-02-22
DON_60734,VOL_10686,10.0,2026-02-26
DON_60735,VOL_10686,50.0,2026-02-26
DON_60736,VOL_10686,25.0,2026-03-01
DON_60737,VOL_10686,10.0,2026-03-12
DON_60738,VOL_10686,25.0,2026-03-19
DON_60739,VOL_10686,50.0,2026-03-19
DON_60740,VOL_10686,50.0,2026-04-02
DON_60741,VOL_10686,10.0,2026-04-16
DON_60742,VOL_10686,10.0,2026-04-19
DON_60743,VOL_10687,10.0,2025-05-25
DON_60744,VOL_10687,10.0,2025-05-25
DON_60745,VOL_10687,50.0,2025-06-01
DON_60746,VOL_10687,10.0,2025-06-05
DON_60747,VOL_10687,25.0,2025-06-15
DON_60748,VOL_10687,10.0,2025-06-22
DON_60749,VOL_10687,10.0,2025-07-24
DON_60750,VOL_10687,10.0,2025-08-03
DON_60751,VOL_10687,10.0,2025-08-07
DON_60752,VOL_10687,50.0,2025-08-21
DON_60753,VOL_10687,25.0,2025-08-31
DON_60754,VOL_10687,25.0,2025-09-21
DON_60755,VOL_10687,25.0,2025-09-28
DON_60756,VOL_10687,100.0,2025-10-05
DON_60757,VOL_10687,10.0,2025-10-26
DON_60758,VOL_10687,10.0,2025-10-26
DON_60759,VOL_10687,25.0,2025-11-06
DON_60760,VOL_10687,25.0,2025-11-06
DON_60761,VOL_10687,10.0,2025-11-16
DON_60762,VOL_10687,10.0,2025-12-04
DON_60763,VOL_10687,25.0,2025-12-07
DON_60764,VOL_10687,50.0,2025-12-11
DON_60765,VOL_10687,25.0,2025-12-18
DON_60766,VOL_10687,10.0,2026-01-04
DON_60767,VOL_10687,50.0,2026-01-08
DON_60768,VOL_10687,100.0,2026-02-08
DON_60769,VOL_10687,10.0,2026-02-12
DON_60770,VOL_10687,25.0,2026-02-15
DON_60771,VOL_10687,10.0,2026-02-26
DON_60772,VOL_10687,50.0,2026-03-12
DON_60773,VOL_10687,10.0,2026-03-15
DON_60774,VOL_10687,10.0,2026-03-26
DON_60775,VOL_10687,10.0,2026-04-02
DON_60776,VOL_10687,10.0,2026-04-05
DON_60777,VOL_10687,50.0,2026-04-23
DON_60778,VOL_10688,10.0,2025-04-10
DON_60779,VOL_10688,25.0,2025-04-27
DON_60780,VOL_10688,100.0,2025-05-04
DON_60781,VOL_10688,25.0,2025-05-15
DON_60782,VOL_10688,10.0,2025-06-19
DON_60783,VOL_10688,10.0,2025-07-03
DON_60784,VOL_10688,25.0,2025-07-06
DON_60785,VOL_10688,10.0,2025-07-06
DON_60786,VOL_10688,50.0,2025-07-10
DON_60787,VOL_10688,50.0,2025-07-24
DON_60788,VOL_10688,10.0,2025-07-27
DON_60789,VOL_10688,50.0,2025-07-31
DON_60790,VOL_10688,25.0,2025-08-07
DON_60791,VOL_10688,10.0,2025-08-07
DON_60792,VOL_10688,10.0,2025-08-10
DON_60793,VOL_10688,50.0,2025-08-14
DON_60794,VOL_10688,50.0,2025-08-14
DON_60795,VOL_10688,10.0,2025-08-31
DON_60796,VOL_10688,50.0,2025-09-18
DON_60797,VOL_10688,25.0,2025-09-28
DON_60798,VOL_10688,25.0,2025-10-12
DON_60799,VOL_10688,100.0,2025-10-12
DON_60800,VOL_10688,10.0,2025-10-12
DON_60801,VOL_10688,10.0,2025-10-26
DON_60802,VOL_10688,100.0,2025-11-06
DON_60803,VOL_10688,10.0,2025-11-16
DON_60804,VOL_10688,25.0,2025-12-04
DON_60805,VOL_10688,50.0,2025-12-25
DON_60806,VOL_10688,10.0,2025-12-28
DON_60807,VOL_10688,10.0,2026-01-25
DON_60808,VOL_10688,10.0,2026-02-08
DON_60809,VOL_10688,10.0,2026-02-26
DON_60810,VOL_10688,10.0,2026-03-05
DON_60811,VOL_10688,25.0,2026-03-08
DON_60812,VOL_10688,50.0,2026-03-08
DON_60813,VOL_10688,100.0,2026-03-19
DON_60814,VOL_10688,100.0,2026-03-19
DON_60815,VOL_10688,50.0,2026-03-29
DON_60816,VOL_10688,25.0,2026-04-02
DON_60817,VOL_10689,10.0,2025-10-30
DON_60818,VOL_10689,100.0,2025-11-02
DON_60819,VOL_10689,10.0,2025-11-16
DON_60820,VOL_10689,10.0,2025-11-23
DON_60821,VOL_10689,10.0,2025-12-18
DON_60822,VOL_10689,10.0,2025-12-21
DON_60823,VOL_10689,100.0,2026-01-22
DON_60824,VOL_10689,100.0,2026-03-12
DON_60825,VOL_10689,10.0,2026-03-19
DON_60826,VOL_10689,100.0,2026-04-12
DON_60827,VOL_10690,25.0,2025-11-06
DON_60828,VOL_10690,10.0,2025-11-09
DON_60829,VOL_10690,10.0,2025-12-04
DON_60830,VOL_10690,50.0,2025-12-04
DON_60831,VOL_10690,25.0,2025-12-18
DON_60832,VOL_10690,50.0,2025-12-21
DON_60833,VOL_10690,10.0,2026-01-04
DON_60834,VOL_10690,10.0,2026-01-15
DON_60835,VOL_10690,10.0,2026-01-22
DON_60836,VOL_10690,25.0,2026-02-01
DON_60837,VOL_10690,50.0,2026-02-08
DON_60838,VOL_10690,10.0,2026-02-19
DON_60839,VOL_10690,10.0,2026-03-12
DON_60840,VOL_10690,50.0,2026-03-29
DON_60841,VOL_10691,25.0,2025-07-20
DON_60842,VOL_10691,10.0,2025-07-31
DON_60843,VOL_10691,50.0,2025-08-07
DON_60844,VOL_10691,25.0,2025-08-28
DON_60845,VOL_10691,25.0,2025-09-21
DON_60846,VOL_10691,10.0,2025-10-12
DON_60847,VOL_10691,10.0,2025-10-30
DON_60848,VOL_10691,10.0,2025-11-09
DON_60849,VOL_10691,25.0,2025-11-13
DON_60850,VOL_10691,10.0,2025-11-20
DON_60851,VOL_10691,10.0,2025-11-23
DON_60852,VOL_10691,25.0,2025-11-30
DON_60853,VOL_10691,10.0,2026-02-01
DON_60854,VOL_10691,25.0,2026-02-19
DON_60855,VOL_10691,25.0,2026-03-19
DON_60856,VOL_10691,10.0,2026-03-26
DON_60857,VOL_10691,25.0,2026-03-29
DON_60858,VOL_10691,50.0,2026-04-16
DON_60859,VOL_10691,10.0,2026-04-16
DON_60860,VOL_10691,100.0,2026-04-19
DON_60861,VOL_10691,10.0,2026-04-26
DON_60862,VOL_10693,50.0,2026-02-05
DON_60863,VOL_10693,10.0,2026-02-22
DON_60864,VOL_10693,50.0,2026-02-22
DON_60865,VOL_10693,25.0,2026-02-22
DON_60866,VOL_10693,100.0,2026-03-08
DON_60867,VOL_10693,10.0,2026-03-15
DON_60868,VOL_10693,50.0,2026-03-15
DON_60869,VOL_10693,10.0,2026-04-12
DON_60870,VOL_10694,10.0,2025-12-04
DON_60871,VOL_10694,25.0,2025-12-07
DON_60872,VOL_10694,50.0,2025-12-11
DON_60873,VOL_10694,25.0,2025-12-21
DON_60874,VOL_10694,10.0,2026-01-08
DON_60875,VOL_10694,10.0,2026-01-15
DON_60876,VOL_10694,25.0,2026-01-22
DON_60877,VOL_10694,25.0,2026-01-25
DON_60878,VOL_10694,50.0,2026-02-12
DON_60879,VOL_10694,50.0,2026-03-01
DON_60880,VOL_10694,50.0,2026-03-05
DON_60881,VOL_10694,10.0,2026-03-08
DON_60882,VOL_10694,50.0,2026-03-15
DON_60883,VOL_10694,25.0,2026-04-16
DON_60884,VOL_10695,25.0,2025-09-28
DON_60885,VOL_10695,10.0,2025-10-12
DON_60886,VOL_10695,10.0,2025-10-23
DON_60887,VOL_10695,10.0,2025-10-23
DON_60888,VOL_10695,10.0,2025-10-30
DON_60889,VOL_10695,25.0,2025-11-09
DON_60890,VOL_10695,25.0,2025-11-13
DON_60891,VOL_10695,100.0,2025-11-23
DON_60892,VOL_10695,50.0,2025-11-23
DON_60893,VOL_10695,10.0,2025-12-07
DON_60894,VOL_10695,100.0,2025-12-25
DON_60895,VOL_10695,100.0,2026-01-08
DON_60896,VOL_10695,10.0,2026-01-22
DON_60897,VOL_10695,25.0,2026-02-15
DON_60898,VOL_10695,50.0,2026-04-09
DON_60899,VOL_10695,100.0,2026-04-12
DON_60900,VOL_10695,25.0,2026-04-19
DON_60901,VOL_10695,100.0,2026-04-23
DON_60902,VOL_10696,10.0,2025-10-23
DON_60903,VOL_10696,50.0,2025-10-26
DON_60904,VOL_10696,10.0,2025-10-30
DON_60905,VOL_10696,100.0,2025-11-09
DON_60906,VOL_10696,25.0,2025-11-13
DON_60907,VOL_10696,10.0,2025-11-13
DON_60908,VOL_10696,50.0,2025-11-23
DON_60909,VOL_10696,50.0,2025-11-27
DON_60910,VOL_10696,25.0,2026-01-25
DON_60911,VOL_10696,100.0,2026-02-19
DON_60912,VOL_10696,50.0,2026-02-19
DON_60913,VOL_10696,100.0,2026-03-01
DON_60914,VOL_10696,25.0,2026-03-15
DON_60915,VOL_10696,50.0,2026-03-19
DON_60916,VOL_10696,10.0,2026-03-19
DON_60917,VOL_10696,10.0,2026-04-16
DON_60918,VOL_10696,10.0,2026-04-19
DON_60919,VOL_10696,10.0,2026-04-26
DON_60920,VOL_10696,25.0,2026-04-30
DON_60921,VOL_10697,10.0,2026-02-19
DON_60922,VOL_10697,50.0,2026-04-02
DON_60923,VOL_10697,10.0,2026-04-19
DON_60924,VOL_10698,50.0,2025-07-17
DON_60925,VOL_10698,10.0,2025-07-20
DON_60926,VOL_10698,50.0,2025-08-03
DON_60927,VOL_10698,10.0,2025-08-07
DON_60928,VOL_10699,100.0,2025-09-14
DON_60929,VOL_10699,10.0,2025-10-12
DON_60930,VOL_10699,10.0,2025-11-23
DON_60931,VOL_10699,10.0,2025-12-04
DON_60932,VOL_10699,10.0,2025-12-11
DON_60933,VOL_10699,25.0,2025-12-14
DON_60934,VOL_10699,10.0,2025-12-28
DON_60935,VOL_10699,25.0,2026-01-08
DON_60936,VOL_10699,10.0,2026-01-15
DON_60937,VOL_10699,50.0,2026-01-22
DON_60938,VOL_10699,50.0,2026-02-01
DON_60939,VOL_10699,50.0,2026-02-08
DON_60940,VOL_10699,10.0,2026-02-15
DON_60941,VOL_10699,10.0,2026-03-19
DON_60942,VOL_10699,25.0,2026-03-29
DON_60943,VOL_10699,25.0,2026-04-30
DON_60944,VOL_10700,25.0,2025-10-12
DON_60945,VOL_10700,10.0,2025-10-16
DON_60946,VOL_10700,50.0,2025-10-19
DON_60947,VOL_10700,25.0,2025-10-23
DON_60948,VOL_10700,10.0,2025-10-26
DON_60949,VOL_10700,25.0,2025-11-16
DON_60950,VOL_10700,50.0,2025-11-23
DON_60951,VOL_10700,25.0,2025-12-04
DON_60952,VOL_10700,25.0,2025-12-11
DON_60953,VOL_10700,10.0,2025-12-18
DON_60954,VOL_10700,10.0,2026-01-18
DON_60955,VOL_10700,10.0,2026-01-22
DON_60956,VOL_10700,10.0,2026-02-01
DON_60957,VOL_10700,10.0,2026-02-19
DON_60958,VOL_10700,25.0,2026-03-05
DON_60959,VOL_10700,10.0,2026-03-12
DON_60960,VOL_10700,25.0,2026-03-19
DON_60961,VOL_10700,50.0,2026-04-19
DON_60962,VOL_10701,10.0,2026-02-01
DON_60963,VOL_10701,100.0,2026-02-08
DON_60964,VOL_10701,25.0,2026-02-08
DON_60965,VOL_10701,50.0,2026-02-22
DON_60966,VOL_10701,10.0,2026-03-01
DON_60967,VOL_10701,100.0,2026-03-12
DON_60968,VOL_10701,10.0,2026-03-19
DON_60969,VOL_10701,10.0,2026-04-12
DON_60970,VOL_10701,10.0,2026-04-16
DON_60971,VOL_10701,10.0,2026-04-23
DON_60972,VOL_10702,50.0,2025-12-28
DON_60973,VOL_10702,10.0,2025-12-28
DON_60974,VOL_10703,10.0,2025-02-02
DON_60975,VOL_10703,10.0,2025-02-23
DON_60976,VOL_10703,25.0,2025-03-13
DON_60977,VOL_10703,10.0,2025-04-17
DON_60978,VOL_10703,25.0,2025-05-01
DON_60979,VOL_10703,10.0,2025-05-04
DON_60980,VOL_10703,50.0,2025-05-18
DON_60981,VOL_10703,10.0,2025-06-05
DON_60982,VOL_10703,10.0,2025-06-19
DON_60983,VOL_10703,25.0,2025-06-26
DON_60984,VOL_10703,25.0,2025-07-03
DON_60985,VOL_10703,10.0,2025-07-20
DON_60986,VOL_10703,100.0,2025-07-31
DON_60987,VOL_10703,10.0,2025-07-31
DON_60988,VOL_10703,25.0,2025-08-24
DON_60989,VOL_10703,25.0,2025-08-28
DON_60990,VOL_10703,10.0,2025-10-26
DON_60991,VOL_10703,10.0,2025-10-30
DON_60992,VOL_10703,10.0,2025-12-04
DON_60993,VOL_10703,25.0,2025-12-18
DON_60994,VOL_10703,25.0,2025-12-21
DON_60995,VOL_10703,10.0,2026-01-15
DON_60996,VOL_10703,50.0,2026-01-25
DON_60997,VOL_10703,50.0,2026-02-08
DON_60998,VOL_10703,10.0,2026-02-19
DON_60999,VOL_10703,10.0,2026-02-22
DON_61000,VOL_10703,25.0,2026-03-01
DON_61001,VOL_10703,25.0,2026-03-12
DON_61002,VOL_10703,10.0,2026-03-19
DON_61003,VOL_10703,100.0,2026-04-26
DON_61004,VOL_10704,25.0,2025-03-20
DON_61005,VOL_10704,10.0,2025-03-30
DON_61006,VOL_10704,25.0,2025-05-08
DON_61007,VOL_10704,25.0,2025-05-15
DON_61008,VOL_10704,50.0,2025-06-01
DON_61009,VOL_10704,10.0,2025-06-15
DON_61010,VOL_10704,25.0,2025-07-17
DON_61011,VOL_10704,50.0,2025-07-20
DON_61012,VOL_10704,10.0,2025-07-24
DON_61013,VOL_10704,50.0,2025-07-27
DON_61014,VOL_10704,10.0,2025-07-27
DON_61015,VOL_10704,100.0,2025-08-10
DON_61016,VOL_10704,100.0,2025-08-10
DON_61017,VOL_10704,50.0,2025-08-17
DON_61018,VOL_10704,10.0,2025-08-24
DON_61019,VOL_10704,10.0,2025-08-28
DON_61020,VOL_10704,50.0,2025-09-11
DON_61021,VOL_10704,25.0,2025-09-21
DON_61022,VOL_10704,25.0,2025-10-12
DON_61023,VOL_10704,50.0,2025-10-19
DON_61024,VOL_10704,25.0,2025-10-26
DON_61025,VOL_10704,25.0,2025-11-23
DON_61026,VOL_10704,100.0,2026-01-04
DON_61027,VOL_10704,100.0,2026-01-08
DON_61028,VOL_10704,10.0,2026-02-12
DON_61029,VOL_10704,100.0,2026-02-22
DON_61030,VOL_10704,50.0,2026-03-05
DON_61031,VOL_10704,50.0,2026-03-08
DON_61032,VOL_10704,100.0,2026-03-15
DON_61033,VOL_10704,10.0,2026-03-15
DON_61034,VOL_10704,25.0,2026-03-19
DON_61035,VOL_10704,25.0,2026-04-02
DON_61036,VOL_10704,10.0,2026-04-09
DON_61037,VOL_10704,10.0,2026-04-23
DON_61038,VOL_10704,10.0,2026-04-26
DON_61039,VOL_10705,50.0,2025-05-18
DON_61040,VOL_10705,100.0,2025-06-12
DON_61041,VOL_10705,10.0,2025-06-12
DON_61042,VOL_10705,10.0,2025-08-10
DON_61043,VOL_10705,10.0,2025-08-10
DON_61044,VOL_10705,25.0,2025-08-17
DON_61045,VOL_10705,10.0,2025-08-24
DON_61046,VOL_10705,10.0,2025-09-28
DON_61047,VOL_10705,100.0,2025-10-19
DON_61048,VOL_10705,10.0,2025-11-02
DON_61049,VOL_10705,10.0,2025-11-16
DON_61050,VOL_10705,100.0,2025-11-20
DON_61051,VOL_10705,10.0,2025-11-23
DON_61052,VOL_10705,25.0,2025-11-27
DON_61053,VOL_10705,10.0,2025-12-18
DON_61054,VOL_10705,10.0,2026-01-22
DON_61055,VOL_10705,10.0,2026-02-05
DON_61056,VOL_10705,100.0,2026-02-12
DON_61057,VOL_10705,10.0,2026-02-26
DON_61058,VOL_10705,50.0,2026-03-12
DON_61059,VOL_10705,25.0,2026-03-19
DON_61060,VOL_10705,10.0,2026-03-19
DON_61061,VOL_10705,10.0,2026-04-09
DON_61062,VOL_10705,25.0,2026-04-12
DON_61063,VOL_10706,10.0,2025-11-16
DON_61064,VOL_10706,10.0,2025-11-23
DON_61065,VOL_10706,100.0,2025-11-27
DON_61066,VOL_10706,25.0,2025-12-04
DON_61067,VOL_10706,10.0,2025-12-11
DON_61068,VOL_10706,10.0,2025-12-25
DON_61069,VOL_10706,25.0,2026-01-25
DON_61070,VOL_10706,10.0,2026-01-29
DON_61071,VOL_10706,25.0,2026-02-22
DON_61072,VOL_10706,25.0,2026-03-12
DON_61073,VOL_10706,100.0,2026-03-19
DON_61074,VOL_10706,50.0,2026-04-05
DON_61075,VOL_10706,10.0,2026-04-09
DON_61076,VOL_10706,50.0,2026-04-19
DON_61077,VOL_10706,10.0,2026-04-23
DON_61078,VOL_10707,25.0,2025-09-14
DON_61079,VOL_10708,10.0,2025-05-11
DON_61080,VOL_10708,25.0,2025-05-25
DON_61081,VOL_10708,50.0,2025-05-29
DON_61082,VOL_10708,10.0,2025-06-01
DON_61083,VOL_10708,25.0,2025-06-12
DON_61084,VOL_10708,25.0,2025-06-15
DON_61085,VOL_10708,10.0,2025-06-19
DON_61086,VOL_10708,50.0,2025-06-29
DON_61087,VOL_10708,100.0,2025-06-29
DON_61088,VOL_10708,10.0,2025-07-13
DON_61089,VOL_10708,50.0,2025-08-07
DON_61090,VOL_10708,50.0,2025-08-10
DON_61091,VOL_10708,10.0,2025-09-28
DON_61092,VOL_10708,100.0,2025-10-19
DON_61093,VOL_10708,100.0,2025-11-02
DON_61094,VOL_10708,100.0,2025-11-20
DON_61095,VOL_10708,50.0,2025-11-23
DON_61096,VOL_10708,50.0,2025-11-27
DON_61097,VOL_10708,25.0,2025-12-04
DON_61098,VOL_10708,50.0,2025-12-04
DON_61099,VOL_10708,25.0,2025-12-21
DON_61100,VOL_10708,10.0,2025-12-25
DON_61101,VOL_10708,25.0,2026-01-08
DON_61102,VOL_10708,10.0,2026-01-08
DON_61103,VOL_10708,25.0,2026-01-15
DON_61104,VOL_10708,10.0,2026-01-25
DON_61105,VOL_10708,25.0,2026-02-01
DON_61106,VOL_10708,100.0,2026-03-01
DON_61107,VOL_10708,10.0,2026-03-26
DON_61108,VOL_10708,10.0,2026-04-16
DON_61109,VOL_10708,25.0,2026-04-19
DON_61110,VOL_10708,25.0,2026-04-26
DON_61111,VOL_10709,10.0,2025-02-27
DON_61112,VOL_10709,100.0,2025-03-16
DON_61113,VOL_10709,10.0,2025-03-23
DON_61114,VOL_10709,25.0,2025-04-17
DON_61115,VOL_10709,10.0,2025-05-08
DON_61116,VOL_10709,10.0,2025-05-15
DON_61117,VOL_10709,50.0,2025-06-08
DON_61118,VOL_10709,100.0,2025-06-19
DON_61119,VOL_10709,10.0,2025-06-26
DON_61120,VOL_10709,10.0,2025-07-06
DON_61121,VOL_10709,25.0,2025-07-20
DON_61122,VOL_10709,10.0,2025-07-24
DON_61123,VOL_10709,10.0,2025-07-24
DON_61124,VOL_10709,100.0,2025-07-31
DON_61125,VOL_10709,25.0,2025-08-07
DON_61126,VOL_10709,25.0,2025-08-21
DON_61127,VOL_10709,10.0,2025-08-24
DON_61128,VOL_10709,25.0,2025-09-04
DON_61129,VOL_10709,50.0,2025-10-02
DON_61130,VOL_10709,25.0,2025-10-16
DON_61131,VOL_10709,50.0,2025-10-26
DON_61132,VOL_10709,25.0,2025-11-13
DON_61133,VOL_10709,10.0,2025-11-16
DON_61134,VOL_10709,25.0,2025-11-23
DON_61135,VOL_10709,100.0,2025-11-23
DON_61136,VOL_10709,100.0,2025-11-23
DON_61137,VOL_10709,50.0,2025-12-14
DON_61138,VOL_10709,10.0,2025-12-28
DON_61139,VOL_10709,100.0,2026-01-22
DON_61140,VOL_10709,100.0,2026-01-25
DON_61141,VOL_10709,10.0,2026-01-29
DON_61142,VOL_10709,10.0,2026-02-19
DON_61143,VOL_10709,50.0,2026-02-22
DON_61144,VOL_10709,25.0,2026-03-01
DON_61145,VOL_10709,50.0,2026-03-29
DON_61146,VOL_10709,50.0,2026-04-02
DON_61147,VOL_10709,10.0,2026-04-02
DON_61148,VOL_10710,100.0,2025-10-26
DON_61149,VOL_10710,25.0,2025-10-30
DON_61150,VOL_10710,10.0,2025-11-09
DON_61151,VOL_10710,25.0,2025-11-13
DON_61152,VOL_10710,10.0,2025-11-16
DON_61153,VOL_10710,10.0,2025-11-30
DON_61154,VOL_10710,100.0,2026-01-18
DON_61155,VOL_10710,50.0,2026-01-29
DON_61156,VOL_10710,10.0,2026-02-12
DON_61157,VOL_10710,25.0,2026-03-05
DON_61158,VOL_10710,25.0,2026-03-08
DON_61159,VOL_10710,50.0,2026-03-19
DON_61160,VOL_10710,25.0,2026-03-19
DON_61161,VOL_10710,10.0,2026-03-19
DON_61162,VOL_10710,25.0,2026-04-09
DON_61163,VOL_10711,10.0,2025-10-26
DON_61164,VOL_10711,10.0,2025-10-30
DON_61165,VOL_10712,10.0,2026-02-19
DON_61166,VOL_10712,10.0,2026-02-22
DON_61167,VOL_10713,100.0,2025-08-07
DON_61168,VOL_10713,10.0,2025-08-07
DON_61169,VOL_10713,25.0,2025-08-07
DON_61170,VOL_10713,10.0,2025-08-17
DON_61171,VOL_10713,25.0,2025-08-17
DON_61172,VOL_10713,10.0,2025-08-24
DON_61173,VOL_10713,25.0,2025-08-28
DON_61174,VOL_10713,10.0,2025-08-31
DON_61175,VOL_10713,10.0,2025-09-11
DON_61176,VOL_10713,25.0,2025-09-14
DON_61177,VOL_10713,10.0,2025-10-05
DON_61178,VOL_10713,10.0,2025-10-16
DON_61179,VOL_10713,100.0,2025-10-26
DON_61180,VOL_10713,10.0,2025-11-02
DON_61181,VOL_10713,10.0,2025-11-06
DON_61182,VOL_10713,10.0,2025-11-06
DON_61183,VOL_10713,100.0,2025-11-09
DON_61184,VOL_10713,10.0,2025-11-09
DON_61185,VOL_10713,25.0,2025-11-16
DON_61186,VOL_10713,50.0,2025-11-30
DON_61187,VOL_10713,10.0,2025-12-11
DON_61188,VOL_10713,100.0,2025-12-25
DON_61189,VOL_10713,50.0,2026-01-15
DON_61190,VOL_10713,25.0,2026-01-22
DON_61191,VOL_10713,10.0,2026-02-01
DON_61192,VOL_10713,10.0,2026-03-05
DON_61193,VOL_10713,50.0,2026-04-09
DON_61194,VOL_10713,25.0,2026-04-23
DON_61195,VOL_10713,50.0,2026-04-30
DON_61196,VOL_10714,25.0,2025-08-03
DON_61197,VOL_10714,25.0,2025-08-07
DON_61198,VOL_10714,10.0,2025-08-07
DON_61199,VOL_10714,10.0,2025-08-14
DON_61200,VOL_10714,25.0,2025-08-21
DON_61201,VOL_10715,10.0,2025-02-06
DON_61202,VOL_10715,10.0,2025-02-20
DON_61203,VOL_10715,10.0,2025-03-06
DON_61204,VOL_10715,50.0,2025-03-13
DON_61205,VOL_10715,10.0,2025-04-06
DON_61206,VOL_10715,50.0,2025-04-17
DON_61207,VOL_10715,50.0,2025-05-18
DON_61208,VOL_10715,25.0,2025-05-25
DON_61209,VOL_10715,25.0,2025-06-26
DON_61210,VOL_10715,10.0,2025-07-06
DON_61211,VOL_10715,100.0,2025-07-06
DON_61212,VOL_10715,50.0,2025-07-17
DON_61213,VOL_10715,100.0,2025-07-24
DON_61214,VOL_10715,50.0,2025-08-10
DON_61215,VOL_10715,25.0,2025-08-14
DON_61216,VOL_10715,25.0,2025-08-17
DON_61217,VOL_10715,10.0,2025-08-21
DON_61218,VOL_10715,50.0,2025-08-24
DON_61219,VOL_10715,10.0,2025-09-28
DON_61220,VOL_10715,25.0,2025-10-19
DON_61221,VOL_10715,10.0,2025-10-23
DON_61222,VOL_10715,25.0,2025-10-23
DON_61223,VOL_10715,10.0,2025-11-02
DON_61224,VOL_10715,10.0,2025-11-09
DON_61225,VOL_10715,25.0,2025-11-13
DON_61226,VOL_10715,10.0,2025-11-23
DON_61227,VOL_10715,25.0,2025-11-23
DON_61228,VOL_10715,10.0,2025-12-04
DON_61229,VOL_10715,10.0,2025-12-14
DON_61230,VOL_10715,10.0,2025-12-18
DON_61231,VOL_10715,10.0,2025-12-21
DON_61232,VOL_10715,25.0,2026-01-25
DON_61233,VOL_10715,25.0,2026-02-15
DON_61234,VOL_10715,10.0,2026-03-08
DON_61235,VOL_10715,25.0,2026-03-15
DON_61236,VOL_10715,25.0,2026-04-16
DON_61237,VOL_10715,10.0,2026-04-26
DON_61238,VOL_10716,10.0,2025-01-19
DON_61239,VOL_10716,25.0,2025-01-26
DON_61240,VOL_10716,50.0,2025-01-30
DON_61241,VOL_10716,25.0,2025-01-30
DON_61242,VOL_10716,10.0,2025-02-06
DON_61243,VOL_10716,10.0,2025-02-09
DON_61244,VOL_10716,10.0,2025-02-13
DON_61245,VOL_10716,10.0,2025-02-23
DON_61246,VOL_10716,25.0,2025-02-27
DON_61247,VOL_10716,10.0,2025-03-06
DON_61248,VOL_10716,25.0,2025-03-13
DON_61249,VOL_10716,25.0,2025-03-16
DON_61250,VOL_10716,10.0,2025-03-20
DON_61251,VOL_10716,25.0,2025-04-10
DON_61252,VOL_10716,25.0,2025-04-17
DON_61253,VOL_10716,50.0,2025-04-24
DON_61254,VOL_10716,50.0,2025-05-08
DON_61255,VOL_10716,25.0,2025-06-01
DON_61256,VOL_10716,10.0,2025-06-01
DON_61257,VOL_10716,50.0,2025-06-22
DON_61258,VOL_10716,10.0,2025-07-13
DON_61259,VOL_10716,100.0,2025-07-24
DON_61260,VOL_10716,25.0,2025-07-27
DON_61261,VOL_10716,10.0,2025-07-31
DON_61262,VOL_10716,25.0,2025-08-03
DON_61263,VOL_10716,50.0,2025-08-10
DON_61264,VOL_10716,25.0,2025-08-28
DON_61265,VOL_10716,100.0,2025-08-31
DON_61266,VOL_10716,10.0,2025-10-02
DON_61267,VOL_10716,10.0,2025-10-05
DON_61268,VOL_10716,25.0,2025-10-23
DON_61269,VOL_10716,10.0,2025-12-07
DON_61270,VOL_10716,10.0,2025-12-25
DON_61271,VOL_10716,50.0,2026-01-04
DON_61272,VOL_10716,25.0,2026-01-15
DON_61273,VOL_10716,10.0,2026-01-29
DON_61274,VOL_10716,50.0,2026-02-22
DON_61275,VOL_10716,10.0,2026-02-26
DON_61276,VOL_10716,25.0,2026-02-26
DON_61277,VOL_10716,25.0,2026-03-01
DON_61278,VOL_10716,50.0,2026-03-01
DON_61279,VOL_10716,50.0,2026-03-12
DON_61280,VOL_10716,25.0,2026-04-12
DON_61281,VOL_10716,25.0,2026-04-23
DON_61282,VOL_10716,10.0,2026-04-26
DON_61283,VOL_10716,100.0,2026-04-30
DON_61284,VOL_10718,100.0,2025-05-22
DON_61285,VOL_10718,10.0,2025-06-01
DON_61286,VOL_10718,50.0,2025-06-15
DON_61287,VOL_10718,50.0,2025-06-22
DON_61288,VOL_10718,100.0,2025-06-22
DON_61289,VOL_10718,10.0,2025-06-26
DON_61290,VOL_10718,10.0,2025-06-29
DON_61291,VOL_10718,10.0,2025-07-17
DON_61292,VOL_10718,25.0,2025-07-20
DON_61293,VOL_10718,10.0,2025-07-31
DON_61294,VOL_10718,10.0,2025-08-17
DON_61295,VOL_10718,25.0,2025-08-21
DON_61296,VOL_10718,10.0,2025-08-31
DON_61297,VOL_10718,25.0,2025-09-04
DON_61298,VOL_10718,10.0,2025-09-14
DON_61299,VOL_10718,50.0,2025-10-19
DON_61300,VOL_10718,25.0,2025-10-23
DON_61301,VOL_10718,100.0,2025-10-30
DON_61302,VOL_10718,100.0,2025-11-13
DON_61303,VOL_10718,25.0,2025-11-23
DON_61304,VOL_10718,25.0,2025-11-23
DON_61305,VOL_10718,25.0,2025-11-23
DON_61306,VOL_10718,100.0,2025-11-27
DON_61307,VOL_10718,10.0,2025-11-27
DON_61308,VOL_10718,10.0,2025-12-04
DON_61309,VOL_10718,100.0,2025-12-11
DON_61310,VOL_10718,10.0,2025-12-14
DON_61311,VOL_10718,50.0,2025-12-21
DON_61312,VOL_10718,25.0,2025-12-25
DON_61313,VOL_10718,25.0,2026-01-08
DON_61314,VOL_10718,10.0,2026-01-25
DON_61315,VOL_10718,50.0,2026-02-08
DON_61316,VOL_10718,10.0,2026-02-12
DON_61317,VOL_10718,25.0,2026-03-05
DON_61318,VOL_10718,10.0,2026-03-08
DON_61319,VOL_10718,25.0,2026-03-12
DON_61320,VOL_10718,10.0,2026-04-12
DON_61321,VOL_10718,50.0,2026-04-23
DON_61322,VOL_10718,25.0,2026-04-23
DON_61323,VOL_10718,10.0,2026-04-26
DON_61324,VOL_10718,25.0,2026-04-30
DON_61325,VOL_10719,25.0,2025-04-24
DON_61326,VOL_10719,10.0,2025-06-01
DON_61327,VOL_10719,50.0,2025-06-08
DON_61328,VOL_10719,10.0,2025-06-15
DON_61329,VOL_10719,10.0,2025-06-19
DON_61330,VOL_10719,50.0,2025-06-26
DON_61331,VOL_10719,10.0,2025-06-29
DON_61332,VOL_10719,50.0,2025-07-20
DON_61333,VOL_10719,10.0,2025-07-20
DON_61334,VOL_10719,10.0,2025-08-03
DON_61335,VOL_10719,10.0,2025-08-17
DON_61336,VOL_10719,10.0,2025-08-28
DON_61337,VOL_10719,25.0,2025-10-05
DON_61338,VOL_10719,25.0,2025-10-16
DON_61339,VOL_10719,25.0,2025-10-23
DON_61340,VOL_10719,10.0,2025-10-30
DON_61341,VOL_10719,10.0,2025-11-23
DON_61342,VOL_10719,10.0,2025-11-23
DON_61343,VOL_10719,10.0,2025-12-18
DON_61344,VOL_10719,10.0,2026-01-22
DON_61345,VOL_10719,100.0,2026-02-15
DON_61346,VOL_10719,50.0,2026-03-29
DON_61347,VOL_10719,25.0,2026-04-09
DON_61348,VOL_10719,10.0,2026-04-23
DON_61349,VOL_10719,25.0,2026-04-26
DON_61350,VOL_10720,25.0,2025-02-13
DON_61351,VOL_10720,10.0,2025-03-02
DON_61352,VOL_10720,10.0,2025-03-20
DON_61353,VOL_10720,50.0,2025-04-03
DON_61354,VOL_10720,25.0,2025-04-20
DON_61355,VOL_10720,10.0,2025-04-24
DON_61356,VOL_10720,10.0,2025-05-01
DON_61357,VOL_10720,25.0,2025-06-08
DON_61358,VOL_10720,10.0,2025-07-03
DON_61359,VOL_10720,25.0,2025-07-06
DON_61360,VOL_10720,100.0,2025-07-10
DON_61361,VOL_10720,50.0,2025-07-20
DON_61362,VOL_10720,25.0,2025-07-24
DON_61363,VOL_10720,25.0,2025-07-27
DON_61364,VOL_10720,25.0,2025-08-03
DON_61365,VOL_10720,100.0,2025-08-31
DON_61366,VOL_10720,10.0,2025-09-18
DON_61367,VOL_10720,100.0,2025-10-02
DON_61368,VOL_10720,10.0,2025-10-05
DON_61369,VOL_10720,10.0,2025-11-06
DON_61370,VOL_10720,10.0,2025-11-09
DON_61371,VOL_10720,10.0,2025-11-16
DON_61372,VOL_10720,10.0,2025-11-20
DON_61373,VOL_10720,50.0,2025-12-11
DON_61374,VOL_10720,50.0,2025-12-11
DON_61375,VOL_10720,100.0,2025-12-14
DON_61376,VOL_10720,10.0,2025-12-21
DON_61377,VOL_10720,25.0,2026-01-04
DON_61378,VOL_10720,25.0,2026-02-15
DON_61379,VOL_10720,10.0,2026-02-22
DON_61380,VOL_10720,10.0,2026-02-26
DON_61381,VOL_10720,25.0,2026-03-08
DON_61382,VOL_10720,50.0,2026-03-19
DON_61383,VOL_10720,10.0,2026-03-29
DON_61384,VOL_10721,50.0,2026-03-12
DON_61385,VOL_10721,50.0,2026-04-05
DON_61386,VOL_10722,25.0,2026-01-04
DON_61387,VOL_10722,10.0,2026-01-08
DON_61388,VOL_10723,25.0,2025-09-04
DON_61389,VOL_10723,10.0,2025-09-14
DON_61390,VOL_10723,25.0,2025-09-25
DON_61391,VOL_10723,10.0,2025-09-28
DON_61392,VOL_10723,50.0,2025-11-09
DON_61393,VOL_10723,10.0,2025-11-27
DON_61394,VOL_10723,100.0,2025-12-04
DON_61395,VOL_10723,10.0,2025-12-07
DON_61396,VOL_10723,25.0,2025-12-21
DON_61397,VOL_10723,25.0,2025-12-28
DON_61398,VOL_10723,10.0,2026-01-04
DON_61399,VOL_10723,50.0,2026-02-01
DON_61400,VOL_10723,100.0,2026-02-08
DON_61401,VOL_10723,10.0,2026-02-12
DON_61402,VOL_10723,25.0,2026-02-15
DON_61403,VOL_10723,25.0,2026-02-19
DON_61404,VOL_10723,10.0,2026-02-26
DON_61405,VOL_10723,50.0,2026-03-12
DON_61406,VOL_10723,25.0,2026-03-15
DON_61407,VOL_10723,10.0,2026-04-19
DON_61408,VOL_10723,50.0,2026-04-23
DON_61409,VOL_10723,10.0,2026-04-26
DON_61410,VOL_10724,10.0,2026-02-19
DON_61411,VOL_10724,50.0,2026-02-26
DON_61412,VOL_10724,100.0,2026-02-26
DON_61413,VOL_10724,25.0,2026-03-12
DON_61414,VOL_10724,10.0,2026-03-12
DON_61415,VOL_10724,25.0,2026-03-19
DON_61416,VOL_10724,10.0,2026-03-29
DON_61417,VOL_10724,10.0,2026-04-23
DON_61418,VOL_10725,10.0,2026-03-12
DON_61419,VOL_10725,25.0,2026-03-19
DON_61420,VOL_10725,10.0,2026-04-02
DON_61421,VOL_10726,10.0,2025-10-26
DON_61422,VOL_10726,50.0,2025-11-16
DON_61423,VOL_10726,50.0,2025-11-23
DON_61424,VOL_10726,50.0,2025-12-11
DON_61425,VOL_10726,50.0,2025-12-25
DON_61426,VOL_10726,10.0,2026-01-08
DON_61427,VOL_10726,100.0,2026-03-19
DON_61428,VOL_10727,10.0,2025-05-01
DON_61429,VOL_10727,25.0,2025-05-18
DON_61430,VOL_10727,10.0,2025-06-15
DON_61431,VOL_10727,100.0,2025-06-22
DON_61432,VOL_10727,100.0,2025-07-13
DON_61433,VOL_10727,25.0,2025-07-17
DON_61434,VOL_10727,25.0,2025-07-17
DON_61435,VOL_10727,10.0,2025-08-03
DON_61436,VOL_10727,50.0,2025-08-07
DON_61437,VOL_10727,25.0,2025-10-05
DON_61438,VOL_10727,50.0,2025-10-16
DON_61439,VOL_10727,10.0,2025-10-30
DON_61440,VOL_10727,10.0,2025-12-07
DON_61441,VOL_10727,25.0,2025-12-18
DON_61442,VOL_10727,100.0,2026-01-25
DON_61443,VOL_10727,25.0,2026-02-15
DON_61444,VOL_10727,10.0,2026-03-15
DON_61445,VOL_10727,50.0,2026-03-15
DON_61446,VOL_10727,10.0,2026-04-02
DON_61447,VOL_10727,10.0,2026-04-09
DON_61448,VOL_10727,25.0,2026-04-16
DON_61449,VOL_10727,10.0,2026-04-16
DON_61450,VOL_10727,100.0,2026-04-30
DON_61451,VOL_10728,10.0,2025-01-23
DON_61452,VOL_10728,10.0,2025-02-02
DON_61453,VOL_10728,10.0,2025-02-06
DON_61454,VOL_10728,10.0,2025-02-20
DON_61455,VOL_10728,10.0,2025-02-23
DON_61456,VOL_10728,50.0,2025-04-06
DON_61457,VOL_10728,10.0,2025-05-18
DON_61458,VOL_10728,25.0,2025-05-25
DON_61459,VOL_10728,25.0,2025-06-01
DON_61460,VOL_10728,25.0,2025-06-22
DON_61461,VOL_10728,50.0,2025-06-26
DON_61462,VOL_10728,100.0,2025-06-26
DON_61463,VOL_10728,25.0,2025-06-29
DON_61464,VOL_10728,10.0,2025-07-17
DON_61465,VOL_10728,100.0,2025-07-20
DON_61466,VOL_10728,10.0,2025-08-21
DON_61467,VOL_10728,10.0,2025-08-31
DON_61468,VOL_10728,25.0,2025-09-18
DON_61469,VOL_10728,100.0,2025-09-21
DON_61470,VOL_10728,25.0,2025-09-28
DON_61471,VOL_10728,25.0,2025-10-12
DON_61472,VOL_10728,50.0,2025-11-27
DON_61473,VOL_10728,10.0,2025-12-04
DON_61474,VOL_10728,25.0,2025-12-11
DON_61475,VOL_10728,50.0,2025-12-14
DON_61476,VOL_10728,25.0,2025-12-18
DON_61477,VOL_10728,50.0,2026-02-05
DON_61478,VOL_10728,10.0,2026-02-08
DON_61479,VOL_10728,10.0,2026-02-15
DON_61480,VOL_10728,50.0,2026-03-29
DON_61481,VOL_10728,50.0,2026-04-19
DON_61482,VOL_10728,25.0,2026-04-30
DON_61483,VOL_10729,10.0,2025-12-18
DON_61484,VOL_10729,50.0,2025-12-18
DON_61485,VOL_10729,50.0,2025-12-21
DON_61486,VOL_10729,10.0,2026-01-08
DON_61487,VOL_10729,10.0,2026-01-18
DON_61488,VOL_10729,25.0,2026-01-25
DON_61489,VOL_10729,50.0,2026-02-01
DON_61490,VOL_10729,25.0,2026-02-22
DON_61491,VOL_10729,10.0,2026-03-08
DON_61492,VOL_10729,25.0,2026-03-15
DON_61493,VOL_10729,50.0,2026-03-15
DON_61494,VOL_10729,10.0,2026-04-12
DON_61495,VOL_10729,100.0,2026-04-30
DON_61496,VOL_10730,50.0,2025-08-07
DON_61497,VOL_10730,10.0,2025-09-04
DON_61498,VOL_10730,100.0,2025-11-02
DON_61499,VOL_10730,10.0,2025-11-16
DON_61500,VOL_10730,50.0,2025-12-07
DON_61501,VOL_10730,50.0,2025-12-14
DON_61502,VOL_10730,25.0,2025-12-14
DON_61503,VOL_10730,10.0,2026-01-15
DON_61504,VOL_10730,10.0,2026-02-05
DON_61505,VOL_10730,100.0,2026-02-19
DON_61506,VOL_10730,25.0,2026-02-19
DON_61507,VOL_10730,10.0,2026-03-05
DON_61508,VOL_10730,10.0,2026-03-05
DON_61509,VOL_10730,10.0,2026-03-08
DON_61510,VOL_10730,25.0,2026-03-29
DON_61511,VOL_10730,10.0,2026-04-09
DON_61512,VOL_10730,50.0,2026-04-30
DON_61513,VOL_10732,25.0,2026-02-26
DON_61514,VOL_10732,10.0,2026-03-05
DON_61515,VOL_10732,100.0,2026-03-05
DON_61516,VOL_10732,25.0,2026-03-12
DON_61517,VOL_10732,25.0,2026-03-12
DON_61518,VOL_10732,10.0,2026-03-15
DON_61519,VOL_10732,25.0,2026-04-09
DON_61520,VOL_10732,25.0,2026-04-23
DON_61521,VOL_10732,10.0,2026-04-26
DON_61522,VOL_10734,25.0,2025-09-28
DON_61523,VOL_10734,100.0,2025-10-26
DON_61524,VOL_10734,10.0,2025-11-16
DON_61525,VOL_10734,10.0,2025-11-27
DON_61526,VOL_10734,10.0,2025-11-30
DON_61527,VOL_10734,10.0,2025-12-04
DON_61528,VOL_10734,10.0,2025-12-04
DON_61529,VOL_10734,10.0,2025-12-07
DON_61530,VOL_10734,25.0,2025-12-21
DON_61531,VOL_10734,10.0,2026-01-04
DON_61532,VOL_10734,25.0,2026-03-12
DON_61533,VOL_10734,10.0,2026-04-12
DON_61534,VOL_10734,10.0,2026-04-12
DON_61535,VOL_10734,50.0,2026-04-16
DON_61536,VOL_10735,10.0,2025-10-05
DON_61537,VOL_10735,25.0,2025-10-12
DON_61538,VOL_10735,10.0,2025-10-19
DON_61539,VOL_10735,100.0,2025-10-30
DON_61540,VOL_10735,25.0,2025-11-06
DON_61541,VOL_10735,10.0,2025-11-23
DON_61542,VOL_10735,10.0,2025-12-07
DON_61543,VOL_10735,10.0,2026-03-08
DON_61544,VOL_10735,10.0,2026-03-29
DON_61545,VOL_10735,10.0,2026-04-23
DON_61546,VOL_10735,10.0,2026-04-23
DON_61547,VOL_10735,10.0,2026-04-26
DON_61548,VOL_10737,10.0,2025-02-09
DON_61549,VOL_10737,50.0,2025-03-09
DON_61550,VOL_10738,25.0,2025-05-29
DON_61551,VOL_10739,10.0,2025-06-01
DON_61552,VOL_10739,10.0,2025-06-26
DON_61553,VOL_10739,50.0,2025-06-29
DON_61554,VOL_10739,50.0,2025-06-29
DON_61555,VOL_10739,10.0,2025-07-27
DON_61556,VOL_10739,10.0,2025-10-30
DON_61557,VOL_10739,10.0,2026-02-05
DON_61558,VOL_10739,25.0,2026-02-22
DON_61559,VOL_10739,50.0,2026-03-12
DON_61560,VOL_10739,25.0,2026-03-19
DON_61561,VOL_10740,10.0,2025-10-23
DON_61562,VOL_10740,10.0,2025-10-26
DON_61563,VOL_10740,10.0,2025-11-06
DON_61564,VOL_10740,100.0,2025-11-16
DON_61565,VOL_10740,25.0,2025-11-23
DON_61566,VOL_10740,10.0,2025-11-27
DON_61567,VOL_10740,100.0,2025-11-30
DON_61568,VOL_10740,10.0,2025-12-11
DON_61569,VOL_10740,25.0,2025-12-14
DON_61570,VOL_10740,50.0,2026-01-15
DON_61571,VOL_10740,10.0,2026-01-18
DON_61572,VOL_10740,50.0,2026-01-25
DON_61573,VOL_10740,50.0,2026-02-01
DON_61574,VOL_10740,25.0,2026-02-08
DON_61575,VOL_10740,25.0,2026-02-19
DON_61576,VOL_10740,50.0,2026-02-26
DON_61577,VOL_10740,10.0,2026-03-01
DON_61578,VOL_10740,10.0,2026-03-01
DON_61579,VOL_10740,50.0,2026-03-29
DON_61580,VOL_10740,25.0,2026-04-09
DON_61581,VOL_10740,25.0,2026-04-12
DON_61582,VOL_10740,25.0,2026-04-16
DON_61583,VOL_10740,10.0,2026-04-23
DON_61584,VOL_10740,50.0,2026-04-23
DON_61585,VOL_10741,10.0,2026-01-04
DON_61586,VOL_10741,10.0,2026-01-04
DON_61587,VOL_10741,100.0,2026-01-15
DON_61588,VOL_10741,10.0,2026-01-18
DON_61589,VOL_10741,50.0,2026-01-25
DON_61590,VOL_10741,25.0,2026-02-26
DON_61591,VOL_10741,50.0,2026-02-26
DON_61592,VOL_10741,100.0,2026-04-02
DON_61593,VOL_10741,10.0,2026-04-05
DON_61594,VOL_10741,50.0,2026-04-09
DON_61595,VOL_10741,25.0,2026-04-16
DON_61596,VOL_10742,10.0,2025-06-01
DON_61597,VOL_10742,25.0,2025-06-22
DON_61598,VOL_10742,25.0,2025-06-26
DON_61599,VOL_10742,10.0,2025-07-13
DON_61600,VOL_10742,25.0,2025-07-17
DON_61601,VOL_10742,10.0,2025-07-20
DON_61602,VOL_10742,10.0,2025-08-10
DON_61603,VOL_10742,50.0,2025-08-17
DON_61604,VOL_10742,100.0,2025-09-28
DON_61605,VOL_10742,50.0,2025-10-12
DON_61606,VOL_10742,10.0,2025-10-26
DON_61607,VOL_10742,10.0,2025-10-30
DON_61608,VOL_10742,50.0,2025-11-13
DON_61609,VOL_10742,100.0,2025-11-16
DON_61610,VOL_10742,10.0,2025-11-20
DON_61611,VOL_10742,25.0,2025-11-27
DON_61612,VOL_10742,10.0,2025-11-30
DON_61613,VOL_10742,50.0,2025-12-11
DON_61614,VOL_10742,10.0,2025-12-18
DON_61615,VOL_10742,50.0,2026-01-08
DON_61616,VOL_10742,50.0,2026-02-22
DON_61617,VOL_10742,10.0,2026-03-29
DON_61618,VOL_10742,10.0,2026-04-05
DON_61619,VOL_10742,50.0,2026-04-19
DON_61620,VOL_10742,10.0,2026-04-23
DON_61621,VOL_10742,25.0,2026-04-26
DON_61622,VOL_10742,50.0,2026-04-26
DON_61623,VOL_10743,50.0,2025-10-23
DON_61624,VOL_10743,10.0,2025-10-30
DON_61625,VOL_10743,10.0,2025-11-02
DON_61626,VOL_10743,10.0,2025-11-16
DON_61627,VOL_10743,10.0,2025-11-16
DON_61628,VOL_10743,10.0,2025-11-27
DON_61629,VOL_10743,25.0,2025-11-30
DON_61630,VOL_10743,25.0,2025-12-04
DON_61631,VOL_10743,10.0,2025-12-28
DON_61632,VOL_10743,25.0,2026-01-15
DON_61633,VOL_10743,25.0,2026-02-12
DON_61634,VOL_10743,50.0,2026-02-12
DON_61635,VOL_10743,25.0,2026-02-26
DON_61636,VOL_10743,50.0,2026-04-26
DON_61637,VOL_10745,10.0,2026-02-12
DON_61638,VOL_10745,10.0,2026-02-26
DON_61639,VOL_10745,25.0,2026-04-05
DON_61640,VOL_10745,25.0,2026-04-09
DON_61641,VOL_10745,50.0,2026-04-16
DON_61642,VOL_10745,25.0,2026-04-26
DON_61643,VOL_10746,100.0,2026-01-15
DON_61644,VOL_10746,100.0,2026-02-12
DON_61645,VOL_10746,10.0,2026-02-26
DON_61646,VOL_10746,25.0,2026-03-01
DON_61647,VOL_10746,25.0,2026-03-29
DON_61648,VOL_10746,10.0,2026-04-05
DON_61649,VOL_10746,25.0,2026-04-23
DON_61650,VOL_10746,10.0,2026-04-30
DON_61651,VOL_10747,25.0,2025-10-26
DON_61652,VOL_10747,10.0,2025-11-09
DON_61653,VOL_10747,25.0,2025-11-13
DON_61654,VOL_10747,100.0,2025-11-16
DON_61655,VOL_10747,50.0,2026-01-29
DON_61656,VOL_10747,10.0,2026-02-22
DON_61657,VOL_10747,10.0,2026-03-05
DON_61658,VOL_10747,50.0,2026-04-02
DON_61659,VOL_10748,50.0,2025-07-17
DON_61660,VOL_10748,50.0,2025-07-17
DON_61661,VOL_10748,10.0,2025-07-20
DON_61662,VOL_10748,25.0,2025-07-27
DON_61663,VOL_10750,50.0,2025-05-29
DON_61664,VOL_10750,50.0,2025-06-22
DON_61665,VOL_10751,10.0,2026-02-19
DON_61666,VOL_10751,10.0,2026-03-05
DON_61667,VOL_10751,10.0,2026-03-26
DON_61668,VOL_10752,100.0,2025-06-29
DON_61669,VOL_10752,10.0,2025-08-07
DON_61670,VOL_10752,25.0,2025-08-07
DON_61671,VOL_10752,10.0,2025-08-10
DON_61672,VOL_10752,25.0,2025-08-24
DON_61673,VOL_10752,25.0,2025-08-24
DON_61674,VOL_10752,25.0,2025-08-28
DON_61675,VOL_10752,100.0,2025-10-19
DON_61676,VOL_10752,10.0,2025-10-23
DON_61677,VOL_10752,10.0,2025-10-26
DON_61678,VOL_10752,50.0,2025-11-09
DON_61679,VOL_10752,25.0,2025-11-13
DON_61680,VOL_10752,25.0,2025-11-23
DON_61681,VOL_10752,25.0,2025-11-27
DON_61682,VOL_10752,50.0,2025-12-07
DON_61683,VOL_10752,25.0,2026-01-15
DON_61684,VOL_10752,10.0,2026-02-01
DON_61685,VOL_10752,50.0,2026-02-01
DON_61686,VOL_10752,10.0,2026-02-26
DON_61687,VOL_10752,10.0,2026-02-26
DON_61688,VOL_10752,50.0,2026-03-05
DON_61689,VOL_10752,10.0,2026-03-19
DON_61690,VOL_10752,25.0,2026-04-12
DON_61691,VOL_10752,50.0,2026-04-12
DON_61692,VOL_10752,25.0,2026-04-16
DON_61693,VOL_10752,25.0,2026-04-26
DON_61694,VOL_10752,10.0,2026-04-30
DON_61695,VOL_10753,50.0,2025-08-14
DON_61696,VOL_10753,10.0,2025-08-17
DON_61697,VOL_10754,10.0,2026-03-19
DON_61698,VOL_10754,100.0,2026-04-26
DON_61699,VOL_10755,50.0,2025-10-16
DON_61700,VOL_10755,25.0,2025-10-19
DON_61701,VOL_10755,25.0,2025-11-20
DON_61702,VOL_10755,50.0,2025-11-27
DON_61703,VOL_10755,10.0,2025-12-07
DON_61704,VOL_10755,10.0,2025-12-07
DON_61705,VOL_10755,50.0,2025-12-21
DON_61706,VOL_10755,50.0,2025-12-21
DON_61707,VOL_10755,10.0,2026-01-08
DON_61708,VOL_10755,25.0,2026-02-01
DON_61709,VOL_10755,10.0,2026-02-26
DON_61710,VOL_10755,25.0,2026-02-26
DON_61711,VOL_10755,50.0,2026-03-05
DON_61712,VOL_10755,10.0,2026-03-05
DON_61713,VOL_10755,50.0,2026-03-26
DON_61714,VOL_10755,10.0,2026-04-02
DON_61715,VOL_10755,25.0,2026-04-26
DON_61716,VOL_10756,100.0,2025-08-24
DON_61717,VOL_10756,10.0,2025-09-11
DON_61718,VOL_10756,25.0,2025-09-14
DON_61719,VOL_10756,50.0,2025-09-28
DON_61720,VOL_10756,10.0,2025-09-28
DON_61721,VOL_10756,50.0,2025-10-30
DON_61722,VOL_10756,10.0,2025-11-06
DON_61723,VOL_10756,25.0,2025-11-27
DON_61724,VOL_10756,25.0,2025-11-30
DON_61725,VOL_10756,50.0,2025-12-07
DON_61726,VOL_10756,25.0,2026-01-04
DON_61727,VOL_10756,50.0,2026-01-11
DON_61728,VOL_10756,10.0,2026-01-18
DON_61729,VOL_10756,10.0,2026-02-26
DON_61730,VOL_10756,10.0,2026-02-26
DON_61731,VOL_10756,100.0,2026-03-05
DON_61732,VOL_10756,25.0,2026-03-05
DON_61733,VOL_10756,25.0,2026-03-15
DON_61734,VOL_10756,10.0,2026-03-29
DON_61735,VOL_10756,25.0,2026-04-16
DON_61736,VOL_10756,10.0,2026-04-19
DON_61737,VOL_10756,10.0,2026-04-23
DON_61738,VOL_10758,10.0,2025-03-23
DON_61739,VOL_10758,50.0,2025-04-03
DON_61740,VOL_10758,50.0,2025-04-27
DON_61741,VOL_10758,10.0,2025-04-27
DON_61742,VOL_10758,100.0,2025-06-05
DON_61743,VOL_10758,50.0,2025-07-06
DON_61744,VOL_10758,100.0,2025-07-10
DON_61745,VOL_10758,10.0,2025-07-13
DON_61746,VOL_10758,10.0,2025-07-20
DON_61747,VOL_10758,10.0,2025-07-24
DON_61748,VOL_10758,100.0,2025-09-14
DON_61749,VOL_10758,10.0,2025-09-14
DON_61750,VOL_10758,10.0,2025-09-18
DON_61751,VOL_10758,100.0,2025-10-12
DON_61752,VOL_10758,10.0,2025-11-02
DON_61753,VOL_10758,25.0,2025-12-04
DON_61754,VOL_10758,10.0,2025-12-18
DON_61755,VOL_10758,10.0,2026-01-29
DON_61756,VOL_10758,50.0,2026-02-15
DON_61757,VOL_10758,10.0,2026-02-19
DON_61758,VOL_10758,25.0,2026-02-22
DON_61759,VOL_10758,10.0,2026-02-26
DON_61760,VOL_10758,50.0,2026-03-12
DON_61761,VOL_10758,10.0,2026-04-02
DON_61762,VOL_10758,25.0,2026-04-30
DON_61763,VOL_10759,100.0,2025-06-08
DON_61764,VOL_10759,50.0,2025-06-08
DON_61765,VOL_10759,100.0,2025-06-26
DON_61766,VOL_10759,10.0,2025-06-26
DON_61767,VOL_10759,50.0,2025-07-13
DON_61768,VOL_10759,10.0,2025-07-17
DON_61769,VOL_10759,50.0,2025-08-03
DON_61770,VOL_10759,10.0,2025-08-28
DON_61771,VOL_10759,100.0,2025-10-02
DON_61772,VOL_10759,25.0,2025-10-12
DON_61773,VOL_10759,50.0,2025-10-26
DON_61774,VOL_10759,100.0,2025-10-30
DON_61775,VOL_10759,25.0,2025-11-02
DON_61776,VOL_10759,10.0,2025-11-20
DON_61777,VOL_10759,100.0,2025-11-23
DON_61778,VOL_10759,50.0,2025-12-14
DON_61779,VOL_10759,25.0,2025-12-28
DON_61780,VOL_10759,50.0,2026-02-15
DON_61781,VOL_10759,25.0,2026-03-15
DON_61782,VOL_10759,10.0,2026-03-29
DON_61783,VOL_10759,25.0,2026-04-02
DON_61784,VOL_10759,10.0,2026-04-02
DON_61785,VOL_10759,25.0,2026-04-12
DON_61786,VOL_10759,25.0,2026-04-26
DON_61787,VOL_10760,100.0,2025-11-30
DON_61788,VOL_10760,10.0,2025-12-14
DON_61789,VOL_10760,10.0,2025-12-21
DON_61790,VOL_10760,25.0,2025-12-25
DON_61791,VOL_10760,10.0,2025-12-28
DON_61792,VOL_10760,10.0,2026-01-08
DON_61793,VOL_10761,10.0,2025-10-02
DON_61794,VOL_10761,25.0,2025-10-23
DON_61795,VOL_10761,25.0,2025-10-26
DON_61796,VOL_10761,100.0,2025-11-20
DON_61797,VOL_10761,10.0,2025-12-14
DON_61798,VOL_10761,10.0,2026-01-04
DON_61799,VOL_10761,10.0,2026-01-08
DON_61800,VOL_10761,25.0,2026-01-18
DON_61801,VOL_10761,10.0,2026-01-22
DON_61802,VOL_10761,100.0,2026-02-12
DON_61803,VOL_10761,10.0,2026-02-15
DON_61804,VOL_10761,25.0,2026-02-19
DON_61805,VOL_10761,25.0,2026-02-22
DON_61806,VOL_10761,25.0,2026-03-08
DON_61807,VOL_10761,25.0,2026-03-15
DON_61808,VOL_10761,25.0,2026-04-26
DON_61809,VOL_10761,50.0,2026-04-26
DON_61810,VOL_10762,10.0,2025-12-25
DON_61811,VOL_10762,25.0,2026-02-22
DON_61812,VOL_10762,25.0,2026-02-26
DON_61813,VOL_10762,10.0,2026-04-12
DON_61814,VOL_10762,10.0,2026-04-26
DON_61815,VOL_10763,10.0,2025-03-30
DON_61816,VOL_10763,50.0,2025-04-03
DON_61817,VOL_10763,10.0,2025-04-10
DON_61818,VOL_10763,10.0,2025-04-24
DON_61819,VOL_10763,25.0,2025-05-08
DON_61820,VOL_10763,50.0,2025-05-08
DON_61821,VOL_10763,50.0,2025-05-08
DON_61822,VOL_10764,25.0,2025-10-02
DON_61823,VOL_10764,25.0,2025-10-12
DON_61824,VOL_10764,50.0,2025-10-30
DON_61825,VOL_10764,10.0,2025-11-16
DON_61826,VOL_10764,25.0,2025-11-16
DON_61827,VOL_10764,10.0,2025-12-14
DON_61828,VOL_10764,50.0,2025-12-21
DON_61829,VOL_10764,50.0,2025-12-25
DON_61830,VOL_10764,25.0,2026-01-08
DON_61831,VOL_10764,10.0,2026-01-25
DON_61832,VOL_10764,100.0,2026-02-22
DON_61833,VOL_10764,25.0,2026-02-26
DON_61834,VOL_10764,25.0,2026-03-05
DON_61835,VOL_10764,25.0,2026-03-05
DON_61836,VOL_10764,50.0,2026-03-19
DON_61837,VOL_10764,25.0,2026-04-09
DON_61838,VOL_10764,50.0,2026-04-26
DON_61839,VOL_10765,10.0,2026-02-12
DON_61840,VOL_10765,50.0,2026-02-19
DON_61841,VOL_10765,10.0,2026-03-01
DON_61842,VOL_10765,50.0,2026-03-05
DON_61843,VOL_10766,50.0,2025-07-27
DON_61844,VOL_10766,25.0,2025-08-07
DON_61845,VOL_10766,50.0,2025-08-10
DON_61846,VOL_10766,10.0,2025-08-17
DON_61847,VOL_10766,25.0,2025-08-24
DON_61848,VOL_10766,10.0,2025-09-04
DON_61849,VOL_10766,10.0,2025-09-11
DON_61850,VOL_10766,10.0,2025-10-23
DON_61851,VOL_10766,10.0,2025-10-26
DON_61852,VOL_10766,10.0,2025-11-06
DON_61853,VOL_10766,100.0,2025-11-16
DON_61854,VOL_10766,25.0,2025-11-20
DON_61855,VOL_10766,25.0,2025-11-30
DON_61856,VOL_10766,25.0,2025-12-11
DON_61857,VOL_10766,25.0,2026-01-08
DON_61858,VOL_10766,25.0,2026-02-05
DON_61859,VOL_10766,10.0,2026-02-12
DON_61860,VOL_10766,25.0,2026-02-19
DON_61861,VOL_10766,50.0,2026-03-05
DON_61862,VOL_10766,50.0,2026-03-08
DON_61863,VOL_10766,50.0,2026-03-12
DON_61864,VOL_10766,25.0,2026-03-15
DON_61865,VOL_10766,10.0,2026-03-22
DON_61866,VOL_10766,25.0,2026-03-26
DON_61867,VOL_10766,100.0,2026-03-29
DON_61868,VOL_10766,10.0,2026-04-23
DON_61869,VOL_10766,10.0,2026-04-23
DON_61870,VOL_10766,10.0,2026-04-26
DON_61871,VOL_10766,25.0,2026-04-30
DON_61872,VOL_10767,10.0,2025-10-26
DON_61873,VOL_10767,25.0,2025-11-06
DON_61874,VOL_10767,25.0,2025-12-07
DON_61875,VOL_10767,25.0,2025-12-18
DON_61876,VOL_10767,25.0,2025-12-25
DON_61877,VOL_10767,50.0,2026-01-25
DON_61878,VOL_10767,25.0,2026-02-22
DON_61879,VOL_10767,50.0,2026-02-26
DON_61880,VOL_10767,100.0,2026-03-05
DON_61881,VOL_10767,10.0,2026-03-26
DON_61882,VOL_10767,100.0,2026-03-29
DON_61883,VOL_10767,10.0,2026-04-05
DON_61884,VOL_10767,50.0,2026-04-12
DON_61885,VOL_10767,25.0,2026-04-30
DON_61886,VOL_10768,50.0,2025-02-23
DON_61887,VOL_10768,50.0,2025-03-16
DON_61888,VOL_10768,10.0,2025-03-20
DON_61889,VOL_10768,50.0,2025-03-23
DON_61890,VOL_10768,10.0,2025-03-30
DON_61891,VOL_10768,25.0,2025-04-24
DON_61892,VOL_10768,50.0,2025-06-12
DON_61893,VOL_10768,25.0,2025-06-19
DON_61894,VOL_10768,25.0,2025-06-22
DON_61895,VOL_10768,50.0,2025-07-27
DON_61896,VOL_10768,25.0,2025-07-31
DON_61897,VOL_10768,100.0,2025-08-10
DON_61898,VOL_10768,10.0,2025-08-28
DON_61899,VOL_10768,25.0,2025-09-28
DON_61900,VOL_10768,10.0,2025-11-09
DON_61901,VOL_10768,10.0,2025-11-13
DON_61902,VOL_10768,25.0,2025-11-16
DON_61903,VOL_10768,100.0,2025-11-27
DON_61904,VOL_10768,25.0,2025-12-25
DON_61905,VOL_10768,50.0,2026-01-04
DON_61906,VOL_10768,50.0,2026-01-04
DON_61907,VOL_10768,10.0,2026-01-29
DON_61908,VOL_10768,10.0,2026-03-15
DON_61909,VOL_10768,25.0,2026-04-05
DON_61910,VOL_10768,10.0,2026-04-16
DON_61911,VOL_10768,10.0,2026-04-23
DON_61912,VOL_10769,50.0,2026-02-26
DON_61913,VOL_10769,10.0,2026-04-16
DON_61914,VOL_10769,10.0,2026-04-30
DON_61915,VOL_10769,50.0,2026-04-30
DON_61916,VOL_10770,100.0,2025-10-02
DON_61917,VOL_10770,10.0,2025-10-16
DON_61918,VOL_10770,10.0,2025-10-23
DON_61919,VOL_10770,50.0,2025-11-02
DON_61920,VOL_10770,50.0,2025-11-23
DON_61921,VOL_10770,50.0,2025-11-30
DON_61922,VOL_10770,25.0,2025-12-18
DON_61923,VOL_10770,50.0,2025-12-28
DON_61924,VOL_10770,10.0,2025-12-28
DON_61925,VOL_10770,10.0,2026-01-08
DON_61926,VOL_10770,25.0,2026-02-05
DON_61927,VOL_10770,50.0,2026-02-26
DON_61928,VOL_10770,50.0,2026-03-05
DON_61929,VOL_10770,10.0,2026-03-19
DON_61930,VOL_10770,25.0,2026-04-12
DON_61931,VOL_10770,10.0,2026-04-23
DON_61932,VOL_10771,100.0,2025-04-13
DON_61933,VOL_10771,50.0,2025-05-18
DON_61934,VOL_10771,50.0,2025-05-25
DON_61935,VOL_10771,50.0,2025-05-25
DON_61936,VOL_10771,10.0,2025-06-08
DON_61937,VOL_10771,50.0,2025-06-08
DON_61938,VOL_10771,25.0,2025-06-15
DON_61939,VOL_10771,25.0,2025-07-10
DON_61940,VOL_10771,50.0,2025-07-13
DON_61941,VOL_10771,10.0,2025-08-07
DON_61942,VOL_10771,100.0,2025-08-10
DON_61943,VOL_10771,10.0,2025-08-14
DON_61944,VOL_10771,50.0,2025-09-28
DON_61945,VOL_10771,10.0,2025-10-12
DON_61946,VOL_10771,10.0,2025-11-06
DON_61947,VOL_10771,10.0,2025-11-16
DON_61948,VOL_10771,50.0,2025-12-11
DON_61949,VOL_10771,50.0,2025-12-14
DON_61950,VOL_10771,10.0,2025-12-28
DON_61951,VOL_10771,10.0,2026-01-04
DON_61952,VOL_10771,10.0,2026-02-01
DON_61953,VOL_10771,10.0,2026-02-01
DON_61954,VOL_10771,10.0,2026-02-19
DON_61955,VOL_10771,10.0,2026-02-22
DON_61956,VOL_10771,50.0,2026-03-05
DON_61957,VOL_10771,100.0,2026-03-05
DON_61958,VOL_10771,10.0,2026-03-08
DON_61959,VOL_10771,50.0,2026-03-15
DON_61960,VOL_10771,25.0,2026-03-19
DON_61961,VOL_10771,10.0,2026-04-09
DON_61962,VOL_10771,50.0,2026-04-09
DON_61963,VOL_10771,50.0,2026-04-16
DON_61964,VOL_10771,25.0,2026-04-26
DON_61965,VOL_10771,50.0,2026-04-26
DON_61966,VOL_10772,10.0,2025-03-27
DON_61967,VOL_10773,25.0,2025-08-24
DON_61968,VOL_10773,100.0,2025-10-12
DON_61969,VOL_10773,25.0,2025-10-16
DON_61970,VOL_10773,50.0,2025-11-23
DON_61971,VOL_10773,25.0,2025-11-23
DON_61972,VOL_10773,50.0,2025-12-14
DON_61973,VOL_10773,25.0,2025-12-14
DON_61974,VOL_10773,10.0,2025-12-18
DON_61975,VOL_10773,50.0,2026-01-25
DON_61976,VOL_10773,50.0,2026-01-25
DON_61977,VOL_10773,25.0,2026-01-29
DON_61978,VOL_10773,25.0,2026-02-01
DON_61979,VOL_10773,10.0,2026-02-01
DON_61980,VOL_10773,50.0,2026-02-01
DON_61981,VOL_10773,25.0,2026-02-08
DON_61982,VOL_10773,25.0,2026-02-12
DON_61983,VOL_10773,10.0,2026-02-12
DON_61984,VOL_10773,25.0,2026-03-05
DON_61985,VOL_10773,10.0,2026-03-15
DON_61986,VOL_10773,25.0,2026-04-05
DON_61987,VOL_10773,10.0,2026-04-26
DON_61988,VOL_10773,10.0,2026-04-30
DON_61989,VOL_10774,25.0,2025-09-21
DON_61990,VOL_10774,10.0,2025-10-02
DON_61991,VOL_10774,25.0,2025-11-06
DON_61992,VOL_10774,25.0,2025-11-09
DON_61993,VOL_10774,10.0,2025-11-20
DON_61994,VOL_10774,100.0,2025-11-23
DON_61995,VOL_10774,50.0,2025-12-04
DON_61996,VOL_10774,25.0,2025-12-25
DON_61997,VOL_10774,100.0,2026-01-04
DON_61998,VOL_10774,25.0,2026-03-01
DON_61999,VOL_10774,50.0,2026-03-29
DON_62000,VOL_10774,50.0,2026-04-16
DON_62001,VOL_10774,10.0,2026-04-30
DON_62002,VOL_10775,25.0,2025-02-20
DON_62003,VOL_10775,25.0,2025-03-16
DON_62004,VOL_10775,10.0,2025-03-23
DON_62005,VOL_10775,10.0,2025-04-03
DON_62006,VOL_10775,25.0,2025-04-03
DON_62007,VOL_10775,100.0,2025-04-06
DON_62008,VOL_10775,10.0,2025-04-10
DON_62009,VOL_10775,10.0,2025-04-17
DON_62010,VOL_10775,25.0,2025-05-11
DON_62011,VOL_10775,10.0,2025-05-18
DON_62012,VOL_10775,100.0,2025-05-25
DON_62013,VOL_10775,25.0,2025-05-29
DON_62014,VOL_10775,10.0,2025-07-10
DON_62015,VOL_10775,25.0,2025-08-14
DON_62016,VOL_10775,25.0,2025-09-04
DON_62017,VOL_10775,25.0,2025-09-14
DON_62018,VOL_10775,50.0,2025-09-14
DON_62019,VOL_10775,25.0,2025-10-12
DON_62020,VOL_10775,25.0,2025-10-19
DON_62021,VOL_10775,10.0,2025-10-26
DON_62022,VOL_10775,50.0,2025-10-30
DON_62023,VOL_10775,10.0,2025-11-13
DON_62024,VOL_10775,10.0,2025-12-11
DON_62025,VOL_10775,25.0,2026-01-01
DON_62026,VOL_10775,50.0,2026-02-05
DON_62027,VOL_10775,50.0,2026-02-08
DON_62028,VOL_10775,25.0,2026-02-12
DON_62029,VOL_10775,10.0,2026-02-19
DON_62030,VOL_10775,25.0,2026-04-26
DON_62031,VOL_10776,25.0,2026-03-05
DON_62032,VOL_10776,10.0,2026-04-02
DON_62033,VOL_10776,10.0,2026-04-05
DON_62034,VOL_10776,25.0,2026-04-09
DON_62035,VOL_10776,25.0,2026-04-23
DON_62036,VOL_10776,100.0,2026-04-30
DON_62037,VOL_10777,50.0,2026-01-29
DON_62038,VOL_10777,10.0,2026-02-08
DON_62039,VOL_10777,10.0,2026-02-15
DON_62040,VOL_10777,10.0,2026-03-05
DON_62041,VOL_10777,100.0,2026-03-12
DON_62042,VOL_10777,100.0,2026-03-19
DON_62043,VOL_10777,10.0,2026-03-29
DON_62044,VOL_10777,10.0,2026-04-02
DON_62045,VOL_10777,25.0,2026-04-12
DON_62046,VOL_10777,25.0,2026-04-16
DON_62047,VOL_10777,10.0,2026-04-19
DON_62048,VOL_10777,10.0,2026-04-30
DON_62049,VOL_10778,50.0,2025-07-17
DON_62050,VOL_10778,50.0,2025-08-17
DON_62051,VOL_10779,10.0,2025-02-23
DON_62052,VOL_10779,25.0,2025-03-09
DON_62053,VOL_10779,50.0,2025-03-27
DON_62054,VOL_10779,50.0,2025-04-20
DON_62055,VOL_10779,10.0,2025-05-04
DON_62056,VOL_10779,50.0,2025-05-04
DON_62057,VOL_10779,25.0,2025-05-18
DON_62058,VOL_10779,10.0,2025-05-25
DON_62059,VOL_10779,25.0,2025-06-08
DON_62060,VOL_10779,10.0,2025-06-15
DON_62061,VOL_10779,50.0,2025-07-06
DON_62062,VOL_10779,10.0,2025-07-06
DON_62063,VOL_10779,25.0,2025-07-10
DON_62064,VOL_10779,25.0,2025-07-20
DON_62065,VOL_10779,100.0,2025-07-27
DON_62066,VOL_10779,50.0,2025-08-03
DON_62067,VOL_10779,50.0,2025-08-14
DON_62068,VOL_10779,50.0,2025-08-21
DON_62069,VOL_10779,50.0,2025-08-31
DON_62070,VOL_10779,25.0,2025-08-31
DON_62071,VOL_10779,100.0,2025-09-04
DON_62072,VOL_10779,100.0,2025-09-11
DON_62073,VOL_10779,25.0,2025-09-28
DON_62074,VOL_10779,50.0,2025-10-16
DON_62075,VOL_10779,50.0,2025-11-09
DON_62076,VOL_10779,10.0,2025-11-27
DON_62077,VOL_10779,25.0,2025-11-30
DON_62078,VOL_10779,10.0,2025-12-07
DON_62079,VOL_10779,10.0,2025-12-18
DON_62080,VOL_10779,10.0,2025-12-25
DON_62081,VOL_10779,50.0,2026-02-01
DON_62082,VOL_10779,100.0,2026-02-15
DON_62083,VOL_10779,50.0,2026-02-19
DON_62084,VOL_10779,10.0,2026-03-05
DON_62085,VOL_10779,50.0,2026-03-12
DON_62086,VOL_10779,10.0,2026-03-19
DON_62087,VOL_10779,10.0,2026-03-29
DON_62088,VOL_10779,25.0,2026-03-29
DON_62089,VOL_10779,10.0,2026-04-16
DON_62090,VOL_10779,50.0,2026-04-30
DON_62091,VOL_10780,10.0,2025-12-21
DON_62092,VOL_10780,10.0,2026-01-29
DON_62093,VOL_10781,10.0,2025-08-07
DON_62094,VOL_10781,25.0,2025-08-24
DON_62095,VOL_10781,25.0,2025-08-28
DON_62096,VOL_10781,10.0,2025-08-31
DON_62097,VOL_10781,25.0,2025-09-04
DON_62098,VOL_10781,25.0,2025-09-21
DON_62099,VOL_10781,50.0,2025-09-28
DON_62100,VOL_10781,50.0,2025-10-05
DON_62101,VOL_10781,25.0,2025-10-23
DON_62102,VOL_10781,25.0,2025-10-26
DON_62103,VOL_10781,100.0,2025-11-02
DON_62104,VOL_10781,25.0,2025-11-20
DON_62105,VOL_10781,10.0,2025-11-27
DON_62106,VOL_10781,25.0,2025-12-07
DON_62107,VOL_10781,100.0,2025-12-18
DON_62108,VOL_10781,25.0,2025-12-18
DON_62109,VOL_10781,25.0,2026-01-08
DON_62110,VOL_10781,25.0,2026-01-22
DON_62111,VOL_10781,10.0,2026-02-08
DON_62112,VOL_10781,50.0,2026-02-15
DON_62113,VOL_10781,25.0,2026-02-19
DON_62114,VOL_10781,50.0,2026-02-26
DON_62115,VOL_10781,10.0,2026-03-05
DON_62116,VOL_10781,10.0,2026-04-12
DON_62117,VOL_10781,50.0,2026-04-26
DON_62118,VOL_10782,10.0,2025-11-20
DON_62119,VOL_10782,10.0,2025-12-11
DON_62120,VOL_10782,25.0,2025-12-25
DON_62121,VOL_10782,10.0,2026-01-18
DON_62122,VOL_10782,10.0,2026-01-29
DON_62123,VOL_10782,25.0,2026-02-05
DON_62124,VOL_10782,10.0,2026-02-22
DON_62125,VOL_10782,50.0,2026-04-02
DON_62126,VOL_10782,25.0,2026-04-09
DON_62127,VOL_10782,100.0,2026-04-16
DON_62128,VOL_10782,50.0,2026-04-26
DON_62129,VOL_10782,10.0,2026-04-26
DON_62130,VOL_10783,25.0,2025-08-07
DON_62131,VOL_10783,100.0,2025-09-14
DON_62132,VOL_10783,50.0,2025-09-18
DON_62133,VOL_10783,10.0,2025-10-12
DON_62134,VOL_10783,50.0,2025-10-19
DON_62135,VOL_10783,50.0,2025-11-09
DON_62136,VOL_10783,25.0,2025-11-09
DON_62137,VOL_10783,10.0,2025-11-13
DON_62138,VOL_10783,25.0,2025-11-13
DON_62139,VOL_10783,50.0,2025-11-16
DON_62140,VOL_10783,100.0,2025-11-23
DON_62141,VOL_10783,50.0,2025-11-30
DON_62142,VOL_10783,100.0,2025-12-04
DON_62143,VOL_10783,50.0,2025-12-07
DON_62144,VOL_10783,50.0,2025-12-14
DON_62145,VOL_10783,25.0,2026-01-29
DON_62146,VOL_10783,25.0,2026-02-01
DON_62147,VOL_10783,50.0,2026-02-08
DON_62148,VOL_10783,10.0,2026-03-05
DON_62149,VOL_10783,25.0,2026-03-08
DON_62150,VOL_10783,10.0,2026-04-16
DON_62151,VOL_10783,100.0,2026-04-23
DON_62152,VOL_10784,10.0,2025-05-11
DON_62153,VOL_10784,50.0,2025-06-15
DON_62154,VOL_10784,25.0,2025-06-15
DON_62155,VOL_10784,10.0,2025-07-10
DON_62156,VOL_10784,10.0,2025-07-20
DON_62157,VOL_10784,50.0,2025-07-24
DON_62158,VOL_10784,25.0,2025-08-28
DON_62159,VOL_10784,50.0,2025-08-28
DON_62160,VOL_10784,25.0,2025-09-04
DON_62161,VOL_10784,50.0,2025-09-14
DON_62162,VOL_10784,25.0,2025-10-23
DON_62163,VOL_10784,10.0,2025-10-30
DON_62164,VOL_10784,50.0,2025-11-06
DON_62165,VOL_10784,10.0,2025-11-09
DON_62166,VOL_10784,25.0,2025-11-09
DON_62167,VOL_10784,100.0,2025-11-27
DON_62168,VOL_10784,10.0,2025-11-30
DON_62169,VOL_10784,25.0,2025-12-07
DON_62170,VOL_10784,10.0,2026-01-08
DON_62171,VOL_10784,10.0,2026-02-05
DON_62172,VOL_10784,50.0,2026-02-05
DON_62173,VOL_10784,10.0,2026-02-26
DON_62174,VOL_10784,10.0,2026-03-12
DON_62175,VOL_10784,10.0,2026-03-15
DON_62176,VOL_10784,10.0,2026-03-29
DON_62177,VOL_10784,10.0,2026-04-16
DON_62178,VOL_10785,50.0,2026-01-04
DON_62179,VOL_10785,10.0,2026-01-22
DON_62180,VOL_10785,25.0,2026-02-05
DON_62181,VOL_10785,25.0,2026-02-08
DON_62182,VOL_10785,100.0,2026-02-15
DON_62183,VOL_10785,25.0,2026-02-26
DON_62184,VOL_10785,25.0,2026-03-29
DON_62185,VOL_10785,10.0,2026-04-12
DON_62186,VOL_10785,10.0,2026-04-23
DON_62187,VOL_10785,10.0,2026-04-30
DON_62188,VOL_10786,10.0,2026-03-05
DON_62189,VOL_10786,10.0,2026-03-12
DON_62190,VOL_10786,10.0,2026-03-15
DON_62191,VOL_10786,50.0,2026-03-29
DON_62192,VOL_10786,10.0,2026-04-05
DON_62193,VOL_10787,10.0,2025-06-15
DON_62194,VOL_10787,10.0,2025-06-19
DON_62195,VOL_10787,10.0,2025-06-19
DON_62196,VOL_10787,10.0,2025-07-27
DON_62197,VOL_10787,100.0,2025-09-04
DON_62198,VOL_10787,50.0,2025-09-18
DON_62199,VOL_10787,10.0,2025-09-25
DON_62200,VOL_10787,10.0,2025-09-25
DON_62201,VOL_10787,50.0,2025-09-28
DON_62202,VOL_10787,50.0,2025-10-05
DON_62203,VOL_10787,10.0,2025-10-26
DON_62204,VOL_10787,100.0,2025-12-04
DON_62205,VOL_10787,10.0,2026-01-04
DON_62206,VOL_10787,50.0,2026-02-05
DON_62207,VOL_10787,50.0,2026-02-26
DON_62208,VOL_10787,10.0,2026-03-05
DON_62209,VOL_10787,50.0,2026-03-12
DON_62210,VOL_10787,50.0,2026-03-19
DON_62211,VOL_10787,25.0,2026-04-26
DON_62212,VOL_10787,10.0,2026-04-30
DON_62213,VOL_10788,25.0,2025-10-12
DON_62214,VOL_10788,10.0,2025-10-26
DON_62215,VOL_10788,10.0,2025-11-06
DON_62216,VOL_10788,50.0,2025-12-04
DON_62217,VOL_10788,25.0,2026-01-04
DON_62218,VOL_10788,25.0,2026-01-08
DON_62219,VOL_10788,25.0,2026-01-18
DON_62220,VOL_10788,10.0,2026-01-22
DON_62221,VOL_10788,10.0,2026-02-01
DON_62222,VOL_10788,50.0,2026-02-05
DON_62223,VOL_10788,50.0,2026-02-12
DON_62224,VOL_10788,10.0,2026-04-05
DON_62225,VOL_10788,50.0,2026-04-12
DON_62226,VOL_10788,25.0,2026-04-16
DON_62227,VOL_10788,25.0,2026-04-26
DON_62228,VOL_10790,10.0,2026-02-19
DON_62229,VOL_10790,10.0,2026-02-22
DON_62230,VOL_10790,10.0,2026-03-12
DON_62231,VOL_10790,50.0,2026-03-19
DON_62232,VOL_10791,25.0,2025-08-07
DON_62233,VOL_10791,50.0,2025-08-10
DON_62234,VOL_10791,50.0,2025-08-24
DON_62235,VOL_10791,10.0,2025-09-18
DON_62236,VOL_10791,25.0,2025-09-21
DON_62237,VOL_10791,100.0,2025-09-28
DON_62238,VOL_10791,10.0,2025-10-12
DON_62239,VOL_10791,100.0,2025-11-02
DON_62240,VOL_10791,10.0,2025-11-16
DON_62241,VOL_10791,10.0,2025-11-23
DON_62242,VOL_10791,10.0,2025-12-11
DON_62243,VOL_10791,10.0,2025-12-18
DON_62244,VOL_10791,100.0,2025-12-21
DON_62245,VOL_10791,50.0,2025-12-28
DON_62246,VOL_10791,25.0,2026-01-15
DON_62247,VOL_10791,50.0,2026-01-22
DON_62248,VOL_10791,10.0,2026-02-01
DON_62249,VOL_10791,10.0,2026-02-05
DON_62250,VOL_10791,25.0,2026-02-15
DON_62251,VOL_10791,10.0,2026-02-15
DON_62252,VOL_10791,50.0,2026-02-19
DON_62253,VOL_10791,25.0,2026-03-05
DON_62254,VOL_10791,25.0,2026-03-19
DON_62255,VOL_10791,25.0,2026-04-26
DON_62256,VOL_10792,25.0,2026-01-22
DON_62257,VOL_10792,10.0,2026-02-15
DON_62258,VOL_10792,10.0,2026-02-26
DON_62259,VOL_10792,50.0,2026-03-08
DON_62260,VOL_10792,10.0,2026-03-12
DON_62261,VOL_10792,10.0,2026-03-12
DON_62262,VOL_10792,10.0,2026-04-23
DON_62263,VOL_10792,100.0,2026-04-30
DON_62264,VOL_10793,50.0,2026-02-12
DON_62265,VOL_10793,10.0,2026-02-15
DON_62266,VOL_10793,50.0,2026-02-22
DON_62267,VOL_10793,25.0,2026-03-08
DON_62268,VOL_10793,25.0,2026-03-15
DON_62269,VOL_10793,10.0,2026-04-12
DON_62270,VOL_10794,10.0,2025-05-01
DON_62271,VOL_10794,100.0,2025-05-01
DON_62272,VOL_10795,10.0,2025-12-11
DON_62273,VOL_10795,10.0,2025-12-18
DON_62274,VOL_10795,25.0,2026-01-08
DON_62275,VOL_10795,10.0,2026-01-08
DON_62276,VOL_10795,25.0,2026-01-18
DON_62277,VOL_10795,50.0,2026-01-25
DON_62278,VOL_10795,25.0,2026-01-29
DON_62279,VOL_10795,10.0,2026-02-19
DON_62280,VOL_10795,25.0,2026-02-22
DON_62281,VOL_10795,25.0,2026-03-05
DON_62282,VOL_10795,25.0,2026-03-19
DON_62283,VOL_10795,25.0,2026-03-29
DON_62284,VOL_10795,10.0,2026-04-02
DON_62285,VOL_10796,50.0,2025-07-06
DON_62286,VOL_10796,10.0,2025-07-20
DON_62287,VOL_10796,10.0,2025-07-27
DON_62288,VOL_10796,10.0,2025-07-31
DON_62289,VOL_10796,25.0,2025-08-24
DON_62290,VOL_10796,10.0,2025-09-25
DON_62291,VOL_10796,10.0,2025-10-02
DON_62292,VOL_10796,50.0,2025-10-26
DON_62293,VOL_10796,100.0,2025-10-30
DON_62294,VOL_10796,25.0,2025-11-06
DON_62295,VOL_10796,50.0,2025-11-09
DON_62296,VOL_10796,50.0,2025-11-16
DON_62297,VOL_10796,25.0,2025-11-23
DON_62298,VOL_10796,10.0,2025-11-23
DON_62299,VOL_10796,25.0,2025-11-30
DON_62300,VOL_10796,10.0,2025-12-11
DON_62301,VOL_10796,50.0,2026-01-01
DON_62302,VOL_10796,50.0,2026-01-11
DON_62303,VOL_10796,25.0,2026-02-05
DON_62304,VOL_10796,10.0,2026-02-15
DON_62305,VOL_10796,25.0,2026-02-15
DON_62306,VOL_10796,10.0,2026-03-05
DON_62307,VOL_10796,50.0,2026-03-12
DON_62308,VOL_10796,10.0,2026-03-26
DON_62309,VOL_10796,25.0,2026-03-29
DON_62310,VOL_10796,10.0,2026-04-12
DON_62311,VOL_10796,25.0,2026-04-23
DON_62312,VOL_10796,10.0,2026-04-30
DON_62313,VOL_10797,25.0,2026-02-12
DON_62314,VOL_10797,25.0,2026-02-26
DON_62315,VOL_10797,10.0,2026-03-05
DON_62316,VOL_10798,25.0,2025-08-10
DON_62317,VOL_10799,10.0,2025-12-28
DON_62318,VOL_10799,10.0,2026-01-18
DON_62319,VOL_10799,25.0,2026-02-26
DON_62320,VOL_10799,25.0,2026-02-26
DON_62321,VOL_10799,10.0,2026-02-26
DON_62322,VOL_10799,25.0,2026-03-05
DON_62323,VOL_10799,10.0,2026-03-05
DON_62324,VOL_10799,10.0,2026-04-30
DON_62325,VOL_10800,10.0,2025-05-08
DON_62326,VOL_10800,50.0,2025-05-11
DON_62327,VOL_10800,10.0,2025-05-18
DON_62328,VOL_10800,10.0,2025-05-18
DON_62329,VOL_10800,10.0,2025-05-25
DON_62330,VOL_10800,50.0,2025-06-08
DON_62331,VOL_10800,100.0,2025-06-19
DON_62332,VOL_10800,10.0,2025-06-19
DON_62333,VOL_10800,50.0,2025-07-17
DON_62334,VOL_10800,25.0,2025-08-10
DON_62335,VOL_10800,50.0,2025-08-24
DON_62336,VOL_10800,50.0,2025-08-28
DON_62337,VOL_10800,10.0,2025-09-21
DON_62338,VOL_10800,10.0,2025-09-28
DON_62339,VOL_10800,50.0,2025-10-30
DON_62340,VOL_10800,25.0,2025-11-27
DON_62341,VOL_10800,10.0,2025-11-30
DON_62342,VOL_10800,10.0,2025-12-07
DON_62343,VOL_10800,25.0,2025-12-18
DON_62344,VOL_10800,10.0,2025-12-21
DON_62345,VOL_10800,50.0,2025-12-21
DON_62346,VOL_10800,10.0,2025-12-25
DON_62347,VOL_10800,50.0,2026-01-11
DON_62348,VOL_10800,50.0,2026-01-15
DON_62349,VOL_10800,25.0,2026-01-25
DON_62350,VOL_10800,10.0,2026-01-29
DON_62351,VOL_10800,10.0,2026-02-12
DON_62352,VOL_10800,50.0,2026-03-05
DON_62353,VOL_10800,10.0,2026-04-05
DON_62354,VOL_10800,25.0,2026-04-16
DON_62355,VOL_10800,50.0,2026-04-23
DON_62356,VOL_10800,50.0,2026-04-30
DON_62357,VOL_10801,25.0,2025-05-11
DON_62358,VOL_10801,10.0,2025-05-22
DON_62359,VOL_10801,25.0,2025-05-29
DON_62360,VOL_10801,10.0,2025-06-12
DON_62361,VOL_10801,10.0,2025-06-12
DON_62362,VOL_10802,10.0,2025-09-28
DON_62363,VOL_10802,25.0,2025-09-28
DON_62364,VOL_10802,25.0,2025-10-02
DON_62365,VOL_10802,50.0,2025-10-05
DON_62366,VOL_10802,50.0,2025-10-12
DON_62367,VOL_10802,25.0,2025-10-16
DON_62368,VOL_10802,50.0,2025-10-19
DON_62369,VOL_10802,50.0,2025-10-23
DON_62370,VOL_10802,10.0,2025-10-30
DON_62371,VOL_10802,10.0,2025-10-30
DON_62372,VOL_10802,50.0,2025-11-02
DON_62373,VOL_10802,100.0,2025-11-09
DON_62374,VOL_10802,50.0,2025-11-09
DON_62375,VOL_10802,25.0,2025-11-13
DON_62376,VOL_10802,25.0,2025-12-07
DON_62377,VOL_10802,100.0,2025-12-11
DON_62378,VOL_10802,10.0,2025-12-25
DON_62379,VOL_10802,10.0,2026-01-04
DON_62380,VOL_10802,10.0,2026-01-18
DON_62381,VOL_10802,50.0,2026-02-01
DON_62382,VOL_10802,10.0,2026-02-19
DON_62383,VOL_10802,50.0,2026-02-19
DON_62384,VOL_10802,25.0,2026-02-22
DON_62385,VOL_10802,10.0,2026-02-26
DON_62386,VOL_10802,50.0,2026-03-05
DON_62387,VOL_10802,10.0,2026-03-08
DON_62388,VOL_10802,50.0,2026-04-16
DON_62389,VOL_10802,10.0,2026-04-26
DON_62390,VOL_10802,50.0,2026-04-30
DON_62391,VOL_10803,10.0,2026-03-12
DON_62392,VOL_10803,50.0,2026-03-19
DON_62393,VOL_10803,25.0,2026-03-19
DON_62394,VOL_10803,25.0,2026-04-26
DON_62395,VOL_10803,25.0,2026-04-30
DON_62396,VOL_10804,50.0,2025-07-31
DON_62397,VOL_10804,50.0,2025-08-07
DON_62398,VOL_10804,50.0,2025-10-16
DON_62399,VOL_10804,100.0,2026-02-01
DON_62400,VOL_10804,100.0,2026-03-08
DON_62401,VOL_10804,10.0,2026-03-26
DON_62402,VOL_10804,50.0,2026-04-26
DON_62403,VOL_10805,100.0,2025-03-27
DON_62404,VOL_10805,50.0,2025-04-03
DON_62405,VOL_10805,10.0,2025-04-10
DON_62406,VOL_10805,10.0,2025-04-13
DON_62407,VOL_10805,50.0,2025-04-13
DON_62408,VOL_10805,50.0,2025-04-20
DON_62409,VOL_10805,10.0,2025-05-01
DON_62410,VOL_10805,50.0,2025-05-04
DON_62411,VOL_10805,25.0,2025-05-08
DON_62412,VOL_10805,10.0,2025-05-18
DON_62413,VOL_10805,50.0,2025-06-05
DON_62414,VOL_10805,50.0,2025-06-05
DON_62415,VOL_10805,50.0,2025-06-08
DON_62416,VOL_10805,25.0,2025-07-03
DON_62417,VOL_10805,10.0,2025-07-03
DON_62418,VOL_10805,100.0,2025-07-10
DON_62419,VOL_10805,100.0,2025-08-03
DON_62420,VOL_10805,100.0,2025-08-07
DON_62421,VOL_10805,25.0,2025-08-10
DON_62422,VOL_10805,10.0,2025-08-17
DON_62423,VOL_10805,50.0,2025-08-24
DON_62424,VOL_10805,10.0,2025-08-31
DON_62425,VOL_10805,100.0,2025-09-28
DON_62426,VOL_10805,25.0,2025-10-02
DON_62427,VOL_10805,25.0,2025-10-16
DON_62428,VOL_10805,50.0,2025-11-16
DON_62429,VOL_10805,25.0,2025-12-04
DON_62430,VOL_10805,50.0,2025-12-11
DON_62431,VOL_10805,50.0,2026-01-29
DON_62432,VOL_10805,100.0,2026-03-01
DON_62433,VOL_10805,50.0,2026-03-01
DON_62434,VOL_10805,10.0,2026-03-12
DON_62435,VOL_10805,25.0,2026-03-12
DON_62436,VOL_10805,10.0,2026-03-29
DON_62437,VOL_10805,10.0,2026-04-02
DON_62438,VOL_10805,10.0,2026-04-09
DON_62439,VOL_10805,25.0,2026-04-12
DON_62440,VOL_10805,50.0,2026-04-19
DON_62441,VOL_10805,10.0,2026-04-26
DON_62442,VOL_10805,10.0,2026-04-30
DON_62443,VOL_10805,10.0,2026-04-30
DON_62444,VOL_10806,10.0,2025-08-21
DON_62445,VOL_10806,25.0,2025-08-28
DON_62446,VOL_10806,100.0,2025-09-11
DON_62447,VOL_10806,50.0,2025-09-14
DON_62448,VOL_10806,100.0,2025-10-26
DON_62449,VOL_10806,50.0,2025-11-13
DON_62450,VOL_10806,50.0,2025-11-16
DON_62451,VOL_10806,100.0,2025-12-04
DON_62452,VOL_10806,100.0,2025-12-07
DON_62453,VOL_10806,10.0,2025-12-14
DON_62454,VOL_10806,25.0,2026-01-22
DON_62455,VOL_10806,10.0,2026-02-05
DON_62456,VOL_10806,10.0,2026-02-08
DON_62457,VOL_10806,100.0,2026-02-12
DON_62458,VOL_10806,10.0,2026-02-26
DON_62459,VOL_10806,50.0,2026-03-12
DON_62460,VOL_10806,25.0,2026-03-15
DON_62461,VOL_10806,100.0,2026-03-26
DON_62462,VOL_10806,50.0,2026-03-29
DON_62463,VOL_10807,100.0,2025-06-22
DON_62464,VOL_10807,50.0,2025-06-29
DON_62465,VOL_10807,10.0,2025-07-27
DON_62466,VOL_10807,10.0,2025-08-07
DON_62467,VOL_10807,25.0,2025-08-10
DON_62468,VOL_10807,50.0,2025-08-28
DON_62469,VOL_10807,25.0,2025-09-14
DON_62470,VOL_10807,10.0,2025-10-02
DON_62471,VOL_10807,10.0,2025-10-02
DON_62472,VOL_10807,25.0,2025-10-26
DON_62473,VOL_10807,10.0,2025-11-06
DON_62474,VOL_10807,25.0,2025-11-09
DON_62475,VOL_10807,50.0,2025-11-20
DON_62476,VOL_10807,10.0,2025-11-20
DON_62477,VOL_10807,10.0,2025-11-23
DON_62478,VOL_10807,10.0,2025-11-27
DON_62479,VOL_10807,25.0,2025-12-11
DON_62480,VOL_10807,50.0,2025-12-11
DON_62481,VOL_10807,25.0,2025-12-18
DON_62482,VOL_10807,50.0,2026-01-22
DON_62483,VOL_10807,50.0,2026-01-29
DON_62484,VOL_10807,25.0,2026-02-22
DON_62485,VOL_10807,25.0,2026-03-05
DON_62486,VOL_10807,25.0,2026-03-15
DON_62487,VOL_10807,25.0,2026-03-19
DON_62488,VOL_10807,10.0,2026-03-26
DON_62489,VOL_10807,10.0,2026-04-23
DON_62490,VOL_10807,10.0,2026-04-30
DON_62491,VOL_10808,10.0,2025-09-04
DON_62492,VOL_10808,10.0,2025-09-14
DON_62493,VOL_10808,100.0,2025-09-14
DON_62494,VOL_10808,10.0,2025-10-05
DON_62495,VOL_10808,50.0,2025-10-30
DON_62496,VOL_10808,10.0,2025-11-02
DON_62497,VOL_10808,50.0,2025-11-16
DON_62498,VOL_10808,10.0,2025-12-18
DON_62499,VOL_10808,10.0,2026-01-08
DON_62500,VOL_10808,50.0,2026-02-08
DON_62501,VOL_10808,25.0,2026-02-15
DON_62502,VOL_10808,10.0,2026-02-26
DON_62503,VOL_10808,10.0,2026-04-16
DON_62504,VOL_10808,10.0,2026-04-26
DON_62505,VOL_10808,10.0,2026-04-30
DON_62506,VOL_10809,25.0,2025-08-24
DON_62507,VOL_10810,25.0,2025-07-17
DON_62508,VOL_10810,25.0,2025-07-31
DON_62509,VOL_10810,25.0,2025-08-17
DON_62510,VOL_10810,25.0,2025-08-21
DON_62511,VOL_10810,50.0,2025-08-21
DON_62512,VOL_10810,50.0,2025-08-28
DON_62513,VOL_10810,25.0,2025-09-28
DON_62514,VOL_10810,25.0,2025-10-02
DON_62515,VOL_10810,10.0,2025-10-26
DON_62516,VOL_10810,100.0,2025-11-02
DON_62517,VOL_10810,50.0,2025-11-06
DON_62518,VOL_10810,50.0,2025-11-06
DON_62519,VOL_10810,100.0,2025-11-13
DON_62520,VOL_10810,10.0,2025-11-16
DON_62521,VOL_10810,100.0,2025-11-23
DON_62522,VOL_10810,10.0,2025-12-07
DON_62523,VOL_10810,25.0,2026-01-08
DON_62524,VOL_10810,25.0,2026-02-15
DON_62525,VOL_10810,100.0,2026-03-12
DON_62526,VOL_10810,50.0,2026-03-19
DON_62527,VOL_10810,10.0,2026-04-09
DON_62528,VOL_10811,25.0,2025-05-18
DON_62529,VOL_10811,50.0,2025-06-29
DON_62530,VOL_10811,100.0,2025-07-13
DON_62531,VOL_10811,10.0,2025-07-20
DON_62532,VOL_10811,25.0,2025-07-24
DON_62533,VOL_10811,25.0,2025-09-04
DON_62534,VOL_10811,10.0,2025-09-18
DON_62535,VOL_10811,10.0,2025-09-18
DON_62536,VOL_10811,25.0,2025-09-25
DON_62537,VOL_10811,25.0,2025-10-05
DON_62538,VOL_10811,25.0,2025-10-16
DON_62539,VOL_10811,10.0,2025-10-16
DON_62540,VOL_10811,10.0,2025-10-23
DON_62541,VOL_10811,10.0,2025-10-30
DON_62542,VOL_10811,50.0,2025-11-09
DON_62543,VOL_10811,10.0,2025-11-30
DON_62544,VOL_10811,25.0,2025-12-18
DON_62545,VOL_10811,10.0,2026-01-18
DON_62546,VOL_10811,25.0,2026-01-29
DON_62547,VOL_10811,25.0,2026-02-05
DON_62548,VOL_10811,25.0,2026-02-08
DON_62549,VOL_10811,25.0,2026-02-15
DON_62550,VOL_10811,50.0,2026-02-19
DON_62551,VOL_10811,10.0,2026-02-26
DON_62552,VOL_10811,50.0,2026-03-01
DON_62553,VOL_10811,10.0,2026-03-12
DON_62554,VOL_10811,10.0,2026-04-16
DON_62555,VOL_10812,100.0,2025-03-23
DON_62556,VOL_10812,10.0,2025-07-10
DON_62557,VOL_10812,25.0,2025-07-17
DON_62558,VOL_10812,10.0,2025-07-20
DON_62559,VOL_10812,50.0,2025-08-17
DON_62560,VOL_10812,50.0,2025-10-16
DON_62561,VOL_10812,25.0,2025-11-30
DON_62562,VOL_10812,100.0,2025-12-25
DON_62563,VOL_10812,25.0,2026-01-18
DON_62564,VOL_10812,25.0,2026-02-05
DON_62565,VOL_10812,10.0,2026-03-12
DON_62566,VOL_10812,25.0,2026-03-19
DON_62567,VOL_10812,50.0,2026-03-29
DON_62568,VOL_10812,10.0,2026-04-09
DON_62569,VOL_10812,25.0,2026-04-19
DON_62570,VOL_10813,10.0,2025-10-30
DON_62571,VOL_10813,50.0,2025-11-02
DON_62572,VOL_10813,10.0,2025-11-09
DON_62573,VOL_10813,10.0,2025-11-23
DON_62574,VOL_10813,100.0,2025-12-25
DON_62575,VOL_10813,25.0,2025-12-28
DON_62576,VOL_10813,25.0,2026-01-08
DON_62577,VOL_10813,50.0,2026-01-15
DON_62578,VOL_10813,10.0,2026-01-22
DON_62579,VOL_10813,100.0,2026-02-15
DON_62580,VOL_10813,25.0,2026-02-22
DON_62581,VOL_10813,10.0,2026-02-26
DON_62582,VOL_10813,10.0,2026-03-05
DON_62583,VOL_10813,10.0,2026-03-08
DON_62584,VOL_10813,100.0,2026-04-23
DON_62585,VOL_10813,10.0,2026-04-30
DON_62586,VOL_10816,25.0,2025-12-14
DON_62587,VOL_10816,10.0,2025-12-18
DON_62588,VOL_10816,25.0,2026-01-29
DON_62589,VOL_10816,10.0,2026-02-05
DON_62590,VOL_10816,10.0,2026-02-19
DON_62591,VOL_10816,25.0,2026-02-22
DON_62592,VOL_10816,10.0,2026-02-26
DON_62593,VOL_10816,10.0,2026-03-19
DON_62594,VOL_10816,100.0,2026-04-09
DON_62595,VOL_10816,25.0,2026-04-09
DON_62596,VOL_10816,50.0,2026-04-16
DON_62597,VOL_10816,10.0,2026-04-26
DON_62598,VOL_10816,10.0,2026-04-30
DON_62599,VOL_10817,25.0,2025-02-02
DON_62600,VOL_10817,50.0,2025-02-20
DON_62601,VOL_10818,25.0,2025-11-16
DON_62602,VOL_10818,25.0,2025-11-16
DON_62603,VOL_10818,50.0,2025-11-27
DON_62604,VOL_10818,10.0,2025-11-30
DON_62605,VOL_10818,50.0,2025-12-18
DON_62606,VOL_10818,50.0,2025-12-18
DON_62607,VOL_10818,25.0,2025-12-18
DON_62608,VOL_10818,25.0,2025-12-21
DON_62609,VOL_10818,25.0,2026-01-22
DON_62610,VOL_10818,10.0,2026-01-29
DON_62611,VOL_10818,10.0,2026-02-01
DON_62612,VOL_10818,10.0,2026-02-05
DON_62613,VOL_10818,25.0,2026-02-19
DON_62614,VOL_10818,10.0,2026-03-01
DON_62615,VOL_10820,10.0,2026-02-12
DON_62616,VOL_10820,100.0,2026-03-29
DON_62617,VOL_10820,10.0,2026-04-12
DON_62618,VOL_10820,100.0,2026-04-19
DON_62619,VOL_10820,25.0,2026-04-26
DON_62620,VOL_10821,50.0,2025-06-15
DON_62621,VOL_10821,100.0,2025-07-27
DON_62622,VOL_10821,25.0,2025-07-31
DON_62623,VOL_10821,50.0,2025-08-10
DON_62624,VOL_10821,25.0,2025-08-14
DON_62625,VOL_10821,10.0,2025-08-17
DON_62626,VOL_10821,25.0,2025-08-24
DON_62627,VOL_10821,50.0,2025-09-18
DON_62628,VOL_10821,10.0,2025-10-05
DON_62629,VOL_10821,25.0,2025-10-23
DON_62630,VOL_10821,100.0,2025-11-06
DON_62631,VOL_10821,10.0,2025-11-16
DON_62632,VOL_10821,25.0,2025-12-04
DON_62633,VOL_10821,10.0,2025-12-14
DON_62634,VOL_10821,25.0,2025-12-28
DON_62635,VOL_10821,25.0,2026-01-04
DON_62636,VOL_10821,10.0,2026-02-05
DON_62637,VOL_10821,50.0,2026-02-22
DON_62638,VOL_10821,10.0,2026-03-01
DON_62639,VOL_10821,50.0,2026-03-15
DON_62640,VOL_10821,50.0,2026-03-26
DON_62641,VOL_10821,10.0,2026-04-26
DON_62642,VOL_10822,25.0,2025-10-23
DON_62643,VOL_10822,25.0,2025-10-30
DON_62644,VOL_10822,50.0,2025-11-06
DON_62645,VOL_10822,50.0,2025-11-09
DON_62646,VOL_10822,50.0,2025-11-30
DON_62647,VOL_10822,50.0,2025-12-14
DON_62648,VOL_10822,50.0,2025-12-18
DON_62649,VOL_10822,100.0,2026-01-08
DON_62650,VOL_10822,10.0,2026-01-08
DON_62651,VOL_10822,25.0,2026-01-29
DON_62652,VOL_10822,10.0,2026-01-29
DON_62653,VOL_10822,100.0,2026-02-15
DON_62654,VOL_10822,25.0,2026-03-05
DON_62655,VOL_10822,10.0,2026-03-15
DON_62656,VOL_10822,25.0,2026-03-26
DON_62657,VOL_10822,50.0,2026-04-05
DON_62658,VOL_10822,10.0,2026-04-16
DON_62659,VOL_10822,25.0,2026-04-23
DON_62660,VOL_10824,50.0,2026-02-22
DON_62661,VOL_10825,10.0,2025-08-10
DON_62662,VOL_10825,25.0,2025-08-14
DON_62663,VOL_10827,10.0,2025-08-17
DON_62664,VOL_10827,100.0,2025-08-24
DON_62665,VOL_10828,50.0,2025-09-25
DON_62666,VOL_10828,100.0,2025-10-12
DON_62667,VOL_10828,10.0,2025-10-12
DON_62668,VOL_10828,10.0,2025-10-16
DON_62669,VOL_10828,25.0,2025-11-06
DON_62670,VOL_10828,10.0,2025-11-20
DON_62671,VOL_10828,25.0,2025-11-27
DON_62672,VOL_10828,50.0,2025-12-04
DON_62673,VOL_10828,10.0,2025-12-21
DON_62674,VOL_10828,25.0,2026-01-04
DON_62675,VOL_10828,25.0,2026-02-05
DON_62676,VOL_10828,10.0,2026-04-02
DON_62677,VOL_10828,25.0,2026-04-09
DON_62678,VOL_10828,100.0,2026-04-19
DON_62679,VOL_10829,10.0,2026-01-22
DON_62680,VOL_10829,50.0,2026-01-29
DON_62681,VOL_10829,50.0,2026-02-05
DON_62682,VOL_10829,10.0,2026-02-15
DON_62683,VOL_10829,10.0,2026-02-19
DON_62684,VOL_10829,10.0,2026-03-01
DON_62685,VOL_10829,50.0,2026-03-05
DON_62686,VOL_10829,25.0,2026-03-12
DON_62687,VOL_10829,100.0,2026-03-26
DON_62688,VOL_10829,25.0,2026-03-29
DON_62689,VOL_10829,100.0,2026-04-02
DON_62690,VOL_10829,50.0,2026-04-09
DON_62691,VOL_10829,100.0,2026-04-16
DON_62692,VOL_10829,100.0,2026-04-26
DON_62693,VOL_10830,25.0,2026-01-25
DON_62694,VOL_10830,25.0,2026-02-05
DON_62695,VOL_10830,10.0,2026-02-15
DON_62696,VOL_10830,50.0,2026-02-19
DON_62697,VOL_10830,10.0,2026-02-22
DON_62698,VOL_10830,10.0,2026-03-05
DON_62699,VOL_10830,25.0,2026-03-12
DON_62700,VOL_10830,100.0,2026-03-12
DON_62701,VOL_10830,25.0,2026-04-09
DON_62702,VOL_10830,50.0,2026-04-26
DON_62703,VOL_10831,50.0,2025-08-10
DON_62704,VOL_10831,100.0,2025-08-10
DON_62705,VOL_10831,10.0,2025-08-17
DON_62706,VOL_10831,10.0,2025-09-04
DON_62707,VOL_10831,25.0,2025-09-21
DON_62708,VOL_10831,100.0,2025-09-28
DON_62709,VOL_10831,25.0,2025-10-19
DON_62710,VOL_10831,25.0,2025-11-09
DON_62711,VOL_10831,10.0,2025-12-18
DON_62712,VOL_10831,25.0,2026-01-01
DON_62713,VOL_10831,50.0,2026-01-29
DON_62714,VOL_10831,50.0,2026-02-08
DON_62715,VOL_10831,10.0,2026-02-19
DON_62716,VOL_10831,25.0,2026-02-22
DON_62717,VOL_10831,10.0,2026-02-26
DON_62718,VOL_10831,10.0,2026-03-01
DON_62719,VOL_10831,50.0,2026-03-12
DON_62720,VOL_10831,100.0,2026-03-15
DON_62721,VOL_10831,25.0,2026-04-02
DON_62722,VOL_10831,10.0,2026-04-05
DON_62723,VOL_10831,10.0,2026-04-05
DON_62724,VOL_10831,10.0,2026-04-12
DON_62725,VOL_10831,100.0,2026-04-16
DON_62726,VOL_10833,10.0,2025-07-20
DON_62727,VOL_10833,10.0,2025-07-24
DON_62728,VOL_10833,50.0,2025-08-07
DON_62729,VOL_10833,10.0,2025-08-31
DON_62730,VOL_10833,10.0,2025-09-14
DON_62731,VOL_10833,10.0,2025-09-28
DON_62732,VOL_10833,100.0,2025-09-28
DON_62733,VOL_10833,10.0,2025-10-12
DON_62734,VOL_10833,25.0,2025-11-09
DON_62735,VOL_10833,100.0,2025-11-09
DON_62736,VOL_10833,10.0,2025-11-16
DON_62737,VOL_10833,25.0,2025-11-16
DON_62738,VOL_10833,10.0,2025-12-04
DON_62739,VOL_10833,10.0,2025-12-11
DON_62740,VOL_10833,10.0,2025-12-18
DON_62741,VOL_10833,10.0,2025-12-25
DON_62742,VOL_10833,25.0,2026-01-22
DON_62743,VOL_10833,50.0,2026-02-05
DON_62744,VOL_10833,25.0,2026-02-08
DON_62745,VOL_10833,10.0,2026-02-15
DON_62746,VOL_10833,25.0,2026-02-26
DON_62747,VOL_10833,50.0,2026-03-12
DON_62748,VOL_10833,10.0,2026-04-23
DON_62749,VOL_10833,50.0,2026-04-23
DON_62750,VOL_10833,10.0,2026-04-30
DON_62751,VOL_10834,10.0,2025-11-09
DON_62752,VOL_10834,10.0,2025-11-13
DON_62753,VOL_10834,10.0,2025-11-27
DON_62754,VOL_10834,50.0,2025-12-04
DON_62755,VOL_10834,25.0,2025-12-07
DON_62756,VOL_10834,25.0,2025-12-18
DON_62757,VOL_10834,50.0,2025-12-25
DON_62758,VOL_10834,10.0,2025-12-28
DON_62759,VOL_10834,50.0,2026-01-29
DON_62760,VOL_10834,25.0,2026-03-12
DON_62761,VOL_10834,25.0,2026-04-02
DON_62762,VOL_10834,50.0,2026-04-02
DON_62763,VOL_10834,25.0,2026-04-12
DON_62764,VOL_10834,100.0,2026-04-16
DON_62765,VOL_10835,10.0,2025-07-03
DON_62766,VOL_10835,25.0,2025-07-13
DON_62767,VOL_10835,10.0,2025-07-31
DON_62768,VOL_10835,10.0,2025-08-17
DON_62769,VOL_10835,25.0,2025-08-24
DON_62770,VOL_10835,25.0,2025-10-02
DON_62771,VOL_10835,10.0,2025-10-19
DON_62772,VOL_10835,10.0,2025-10-26
DON_62773,VOL_10835,50.0,2025-11-09
DON_62774,VOL_10835,10.0,2025-11-09
DON_62775,VOL_10835,100.0,2025-11-23
DON_62776,VOL_10835,10.0,2026-01-04
DON_62777,VOL_10835,25.0,2026-01-04
DON_62778,VOL_10835,50.0,2026-01-25
DON_62779,VOL_10835,10.0,2026-02-19
DON_62780,VOL_10835,50.0,2026-02-22
DON_62781,VOL_10835,25.0,2026-03-19
DON_62782,VOL_10835,50.0,2026-03-29
DON_62783,VOL_10835,50.0,2026-04-16
DON_62784,VOL_10835,10.0,2026-04-23
DON_62785,VOL_10836,50.0,2025-10-12
DON_62786,VOL_10836,10.0,2025-12-11
DON_62787,VOL_10836,100.0,2025-12-18
DON_62788,VOL_10836,100.0,2025-12-21
DON_62789,VOL_10836,10.0,2026-01-01
DON_62790,VOL_10836,25.0,2026-01-04
DON_62791,VOL_10836,100.0,2026-01-15
DON_62792,VOL_10836,25.0,2026-01-29
DON_62793,VOL_10836,10.0,2026-03-08
DON_62794,VOL_10836,50.0,2026-03-12
DON_62795,VOL_10836,10.0,2026-03-12
DON_62796,VOL_10836,25.0,2026-03-19
DON_62797,VOL_10836,10.0,2026-03-29
DON_62798,VOL_10836,25.0,2026-04-09
DON_62799,VOL_10836,50.0,2026-04-12
DON_62800,VOL_10838,50.0,2025-08-07
DON_62801,VOL_10838,50.0,2025-08-17
DON_62802,VOL_10838,50.0,2025-08-24
DON_62803,VOL_10838,100.0,2025-10-02
DON_62804,VOL_10838,25.0,2025-10-02
DON_62805,VOL_10838,25.0,2025-10-19
DON_62806,VOL_10838,10.0,2025-11-09
DON_62807,VOL_10838,50.0,2025-11-13
DON_62808,VOL_10838,10.0,2025-11-20
DON_62809,VOL_10838,25.0,2025-12-04
DON_62810,VOL_10838,10.0,2025-12-11
DON_62811,VOL_10838,25.0,2026-01-08
DON_62812,VOL_10838,10.0,2026-01-29
DON_62813,VOL_10838,25.0,2026-02-05
DON_62814,VOL_10838,25.0,2026-02-08
DON_62815,VOL_10838,25.0,2026-02-12
DON_62816,VOL_10838,10.0,2026-02-15
DON_62817,VOL_10838,10.0,2026-02-22
DON_62818,VOL_10838,25.0,2026-02-26
DON_62819,VOL_10838,25.0,2026-04-09
DON_62820,VOL_10838,10.0,2026-04-23
DON_62821,VOL_10839,25.0,2026-03-19
DON_62822,VOL_10839,50.0,2026-04-02
DON_62823,VOL_10839,50.0,2026-04-05
DON_62824,VOL_10839,25.0,2026-04-30
DON_62825,VOL_10839,25.0,2026-04-30
DON_62826,VOL_10840,10.0,2025-06-19
DON_62827,VOL_10840,10.0,2025-06-22
DON_62828,VOL_10840,10.0,2025-06-26
DON_62829,VOL_10840,25.0,2025-07-10
DON_62830,VOL_10840,50.0,2025-07-24
DON_62831,VOL_10840,25.0,2025-08-07
DON_62832,VOL_10840,10.0,2025-08-21
DON_62833,VOL_10840,10.0,2025-08-24
DON_62834,VOL_10840,25.0,2025-08-28
DON_62835,VOL_10840,10.0,2025-08-28
DON_62836,VOL_10840,10.0,2025-09-14
DON_62837,VOL_10840,10.0,2025-10-26
DON_62838,VOL_10840,10.0,2025-11-06
DON_62839,VOL_10840,50.0,2025-11-16
DON_62840,VOL_10840,10.0,2025-11-20
DON_62841,VOL_10840,10.0,2025-12-04
DON_62842,VOL_10840,25.0,2026-01-04
DON_62843,VOL_10840,100.0,2026-01-15
DON_62844,VOL_10840,25.0,2026-01-18
DON_62845,VOL_10840,50.0,2026-01-25
DON_62846,VOL_10840,25.0,2026-02-01
DON_62847,VOL_10840,25.0,2026-02-05
DON_62848,VOL_10840,25.0,2026-03-01
DON_62849,VOL_10840,50.0,2026-03-22
DON_62850,VOL_10840,25.0,2026-04-02
DON_62851,VOL_10840,10.0,2026-04-09
DON_62852,VOL_10840,25.0,2026-04-19
DON_62853,VOL_10841,50.0,2025-11-02
DON_62854,VOL_10841,50.0,2025-11-09
DON_62855,VOL_10841,10.0,2025-12-07
DON_62856,VOL_10841,25.0,2025-12-18
DON_62857,VOL_10841,25.0,2025-12-28
DON_62858,VOL_10841,100.0,2026-01-08
DON_62859,VOL_10841,50.0,2026-01-11
DON_62860,VOL_10841,100.0,2026-01-18
DON_62861,VOL_10841,10.0,2026-02-01
DON_62862,VOL_10841,50.0,2026-02-12
DON_62863,VOL_10841,10.0,2026-02-19
DON_62864,VOL_10841,100.0,2026-02-26
DON_62865,VOL_10841,10.0,2026-03-05
DON_62866,VOL_10841,10.0,2026-03-12
DON_62867,VOL_10841,25.0,2026-04-02
DON_62868,VOL_10841,25.0,2026-04-12
DON_62869,VOL_10841,25.0,2026-04-19
DON_62870,VOL_10841,25.0,2026-04-26
DON_62871,VOL_10841,25.0,2026-04-30
DON_62872,VOL_10842,25.0,2025-10-26
DON_62873,VOL_10842,10.0,2025-11-06
DON_62874,VOL_10842,10.0,2025-11-13
DON_62875,VOL_10842,25.0,2025-11-16
DON_62876,VOL_10842,10.0,2025-11-30
DON_62877,VOL_10842,100.0,2025-12-07
DON_62878,VOL_10842,10.0,2025-12-18
DON_62879,VOL_10842,10.0,2025-12-25
DON_62880,VOL_10842,10.0,2026-01-04
DON_62881,VOL_10842,10.0,2026-02-15
DON_62882,VOL_10842,10.0,2026-03-08
DON_62883,VOL_10842,25.0,2026-03-12
DON_62884,VOL_10842,10.0,2026-03-12
DON_62885,VOL_10842,100.0,2026-03-29
DON_62886,VOL_10842,10.0,2026-04-02
DON_62887,VOL_10842,100.0,2026-04-09
DON_62888,VOL_10842,10.0,2026-04-19
DON_62889,VOL_10842,10.0,2026-04-26
DON_62890,VOL_10843,10.0,2026-01-22
DON_62891,VOL_10843,100.0,2026-02-01
DON_62892,VOL_10843,100.0,2026-02-19
DON_62893,VOL_10843,50.0,2026-03-05
DON_62894,VOL_10843,50.0,2026-03-15
DON_62895,VOL_10843,50.0,2026-03-19
DON_62896,VOL_10843,10.0,2026-04-02
DON_62897,VOL_10843,25.0,2026-04-16
DON_62898,VOL_10843,10.0,2026-04-26
DON_62899,VOL_10845,10.0,2026-01-29
DON_62900,VOL_10845,25.0,2026-01-29
DON_62901,VOL_10845,10.0,2026-02-22
DON_62902,VOL_10845,10.0,2026-02-22
DON_62903,VOL_10845,10.0,2026-03-05
DON_62904,VOL_10845,10.0,2026-03-12
DON_62905,VOL_10845,25.0,2026-03-19
DON_62906,VOL_10845,10.0,2026-03-19
DON_62907,VOL_10845,25.0,2026-03-22
DON_62908,VOL_10845,10.0,2026-03-29
DON_62909,VOL_10845,10.0,2026-04-02
DON_62910,VOL_10845,100.0,2026-04-02
DON_62911,VOL_10845,25.0,2026-04-09
DON_62912,VOL_10845,10.0,2026-04-16
DON_62913,VOL_10845,25.0,2026-04-19
DON_62914,VOL_10846,10.0,2025-06-12
DON_62915,VOL_10846,10.0,2025-06-12
DON_62916,VOL_10846,10.0,2025-07-17
DON_62917,VOL_10847,10.0,2025-05-18
DON_62918,VOL_10847,10.0,2025-06-01
DON_62919,VOL_10847,25.0,2025-06-08
DON_62920,VOL_10847,50.0,2025-06-12
DON_62921,VOL_10847,10.0,2025-06-12
DON_62922,VOL_10847,25.0,2025-06-15
DON_62923,VOL_10847,25.0,2025-06-15
DON_62924,VOL_10847,50.0,2025-06-22
DON_62925,VOL_10847,25.0,2025-06-29
DON_62926,VOL_10847,10.0,2025-07-06
DON_62927,VOL_10847,10.0,2025-07-13
DON_62928,VOL_10847,10.0,2025-07-17
DON_62929,VOL_10847,25.0,2025-07-17
DON_62930,VOL_10847,25.0,2025-07-17
DON_62931,VOL_10847,25.0,2025-08-07
DON_62932,VOL_10847,25.0,2025-08-14
DON_62933,VOL_10847,100.0,2025-08-24
DON_62934,VOL_10847,10.0,2025-09-11
DON_62935,VOL_10847,25.0,2025-09-21
DON_62936,VOL_10847,10.0,2025-09-28
DON_62937,VOL_10847,25.0,2025-10-12
DON_62938,VOL_10847,50.0,2025-11-06
DON_62939,VOL_10847,25.0,2025-11-23
DON_62940,VOL_10847,25.0,2025-11-23
DON_62941,VOL_10847,100.0,2025-11-30
DON_62942,VOL_10847,10.0,2025-11-30
DON_62943,VOL_10847,10.0,2025-12-04
DON_62944,VOL_10847,50.0,2025-12-04
DON_62945,VOL_10847,10.0,2026-01-25
DON_62946,VOL_10847,25.0,2026-02-12
DON_62947,VOL_10847,10.0,2026-02-26
DON_62948,VOL_10847,10.0,2026-03-05
DON_62949,VOL_10847,25.0,2026-03-12
DON_62950,VOL_10847,10.0,2026-03-19
DON_62951,VOL_10847,25.0,2026-03-26
DON_62952,VOL_10847,10.0,2026-04-09
DON_62953,VOL_10847,100.0,2026-04-16
DON_62954,VOL_10847,10.0,2026-04-30
DON_62955,VOL_10848,25.0,2025-11-09
DON_62956,VOL_10848,50.0,2025-12-11
DON_62957,VOL_10848,100.0,2025-12-18
DON_62958,VOL_10848,10.0,2025-12-28
DON_62959,VOL_10848,50.0,2026-01-18
DON_62960,VOL_10848,100.0,2026-02-01
DON_62961,VOL_10848,25.0,2026-02-01
DON_62962,VOL_10848,10.0,2026-02-26
DON_62963,VOL_10848,10.0,2026-03-19
DON_62964,VOL_10848,100.0,2026-04-05
DON_62965,VOL_10848,25.0,2026-04-30
DON_62966,VOL_10850,50.0,2026-01-18
DON_62967,VOL_10850,10.0,2026-02-01
DON_62968,VOL_10850,100.0,2026-02-08
DON_62969,VOL_10850,100.0,2026-02-12
DON_62970,VOL_10850,10.0,2026-02-15
DON_62971,VOL_10850,25.0,2026-02-22
DON_62972,VOL_10850,25.0,2026-03-26
DON_62973,VOL_10850,10.0,2026-04-09
DON_62974,VOL_10850,50.0,2026-04-23
DON_62975,VOL_10850,10.0,2026-04-23
DON_62976,VOL_10850,25.0,2026-04-30
DON_62977,VOL_10851,10.0,2025-01-30
DON_62978,VOL_10851,100.0,2025-02-20
DON_62979,VOL_10851,10.0,2025-02-27
DON_62980,VOL_10851,10.0,2025-03-16
DON_62981,VOL_10851,10.0,2025-04-13
DON_62982,VOL_10851,50.0,2025-05-01
DON_62983,VOL_10851,50.0,2025-05-08
DON_62984,VOL_10851,100.0,2025-05-15
DON_62985,VOL_10851,10.0,2025-05-25
DON_62986,VOL_10851,10.0,2025-05-29
DON_62987,VOL_10851,25.0,2025-05-29
DON_62988,VOL_10851,10.0,2025-05-29
DON_62989,VOL_10851,25.0,2025-06-19
DON_62990,VOL_10851,10.0,2025-06-19
DON_62991,VOL_10851,10.0,2025-07-03
DON_62992,VOL_10851,10.0,2025-07-06
DON_62993,VOL_10851,10.0,2025-07-10
DON_62994,VOL_10851,100.0,2025-07-20
DON_62995,VOL_10851,10.0,2025-07-31
DON_62996,VOL_10851,100.0,2025-08-24
DON_62997,VOL_10851,25.0,2025-08-24
DON_62998,VOL_10851,25.0,2025-08-31
DON_62999,VOL_10851,25.0,2025-09-11
DON_63000,VOL_10851,10.0,2025-10-02
DON_63001,VOL_10851,25.0,2025-10-19
DON_63002,VOL_10851,25.0,2025-11-13
DON_63003,VOL_10851,25.0,2025-11-30
DON_63004,VOL_10851,10.0,2025-12-07
DON_63005,VOL_10851,50.0,2025-12-07
DON_63006,VOL_10851,100.0,2025-12-18
DON_63007,VOL_10851,10.0,2026-01-04
DON_63008,VOL_10851,25.0,2026-02-05
DON_63009,VOL_10851,25.0,2026-02-08
DON_63010,VOL_10851,100.0,2026-02-12
DON_63011,VOL_10851,50.0,2026-02-26
DON_63012,VOL_10851,10.0,2026-03-05
DON_63013,VOL_10851,100.0,2026-04-23
DON_63014,VOL_10853,10.0,2025-10-12
DON_63015,VOL_10853,10.0,2025-10-26
DON_63016,VOL_10853,10.0,2025-11-09
DON_63017,VOL_10853,10.0,2025-11-13
DON_63018,VOL_10853,50.0,2025-11-13
DON_63019,VOL_10853,10.0,2025-11-27
DON_63020,VOL_10853,25.0,2025-11-30
DON_63021,VOL_10853,50.0,2025-12-07
DON_63022,VOL_10853,100.0,2025-12-11
DON_63023,VOL_10853,25.0,2025-12-21
DON_63024,VOL_10853,25.0,2025-12-28
DON_63025,VOL_10853,25.0,2026-01-15
DON_63026,VOL_10853,50.0,2026-01-18
DON_63027,VOL_10853,25.0,2026-03-19
DON_63028,VOL_10853,25.0,2026-04-09
DON_63029,VOL_10853,100.0,2026-04-23
DON_63030,VOL_10854,50.0,2026-02-05
DON_63031,VOL_10855,10.0,2026-03-05
DON_63032,VOL_10855,50.0,2026-03-15
DON_63033,VOL_10855,10.0,2026-04-02
DON_63034,VOL_10855,25.0,2026-04-16
DON_63035,VOL_10855,50.0,2026-04-26
DON_63036,VOL_10856,25.0,2025-11-16
DON_63037,VOL_10856,50.0,2025-11-23
DON_63038,VOL_10856,100.0,2025-12-11
DON_63039,VOL_10856,25.0,2025-12-11
DON_63040,VOL_10856,10.0,2025-12-14
DON_63041,VOL_10856,10.0,2025-12-14
DON_63042,VOL_10856,50.0,2025-12-18
DON_63043,VOL_10856,50.0,2026-01-04
DON_63044,VOL_10856,10.0,2026-03-19
DON_63045,VOL_10856,10.0,2026-03-19
DON_63046,VOL_10856,25.0,2026-04-02
DON_63047,VOL_10856,50.0,2026-04-02
DON_63048,VOL_10856,10.0,2026-04-09
DON_63049,VOL_10856,10.0,2026-04-09
DON_63050,VOL_10856,25.0,2026-04-16
DON_63051,VOL_10857,10.0,2025-08-07
DON_63052,VOL_10857,50.0,2025-08-14
DON_63053,VOL_10857,25.0,2025-08-17
DON_63054,VOL_10857,10.0,2025-09-28
DON_63055,VOL_10857,10.0,2025-10-02
DON_63056,VOL_10857,10.0,2025-10-26
DON_63057,VOL_10857,10.0,2025-11-06
DON_63058,VOL_10857,10.0,2025-11-23
DON_63059,VOL_10857,50.0,2025-11-27
DON_63060,VOL_10857,10.0,2025-12-07
DON_63061,VOL_10857,10.0,2025-12-14
DON_63062,VOL_10857,10.0,2026-02-05
DON_63063,VOL_10857,25.0,2026-02-05
DON_63064,VOL_10857,10.0,2026-02-12
DON_63065,VOL_10857,10.0,2026-03-26
DON_63066,VOL_10857,100.0,2026-04-16
DON_63067,VOL_10859,50.0,2025-10-02
DON_63068,VOL_10859,100.0,2025-10-23
DON_63069,VOL_10859,25.0,2025-10-23
DON_63070,VOL_10859,10.0,2025-11-13
DON_63071,VOL_10859,25.0,2025-11-13
DON_63072,VOL_10859,10.0,2025-11-16
DON_63073,VOL_10859,50.0,2025-11-23
DON_63074,VOL_10859,10.0,2025-11-23
DON_63075,VOL_10859,100.0,2025-11-30
DON_63076,VOL_10859,25.0,2026-01-22
DON_63077,VOL_10859,25.0,2026-02-08
DON_63078,VOL_10859,25.0,2026-02-15
DON_63079,VOL_10859,100.0,2026-02-22
DON_63080,VOL_10859,100.0,2026-03-15
DON_63081,VOL_10859,10.0,2026-03-26
DON_63082,VOL_10859,100.0,2026-04-02
DON_63083,VOL_10859,25.0,2026-04-05
DON_63084,VOL_10859,25.0,2026-04-30
DON_63085,VOL_10860,50.0,2026-02-01
DON_63086,VOL_10860,50.0,2026-02-05
DON_63087,VOL_10860,25.0,2026-02-26
DON_63088,VOL_10860,50.0,2026-03-15
DON_63089,VOL_10860,25.0,2026-03-15
DON_63090,VOL_10860,25.0,2026-04-12
DON_63091,VOL_10861,10.0,2025-08-07
DON_63092,VOL_10861,25.0,2025-08-10
DON_63093,VOL_10861,25.0,2025-08-24
DON_63094,VOL_10861,50.0,2025-09-04
DON_63095,VOL_10861,50.0,2025-10-16
DON_63096,VOL_10861,50.0,2025-11-09
DON_63097,VOL_10861,10.0,2025-11-20
DON_63098,VOL_10861,25.0,2025-11-27
DON_63099,VOL_10861,25.0,2025-12-14
DON_63100,VOL_10861,10.0,2025-12-21
DON_63101,VOL_10861,10.0,2025-12-21
DON_63102,VOL_10861,25.0,2026-01-04
DON_63103,VOL_10861,50.0,2026-01-22
DON_63104,VOL_10861,25.0,2026-03-01
DON_63105,VOL_10861,10.0,2026-03-15
DON_63106,VOL_10861,25.0,2026-03-29
DON_63107,VOL_10861,10.0,2026-04-05
DON_63108,VOL_10861,100.0,2026-04-26
DON_63109,VOL_10861,10.0,2026-04-30
DON_63110,VOL_10862,10.0,2025-11-02
DON_63111,VOL_10862,25.0,2025-11-20
DON_63112,VOL_10862,50.0,2025-11-23
DON_63113,VOL_10862,100.0,2025-12-11
DON_63114,VOL_10862,10.0,2025-12-25
DON_63115,VOL_10862,25.0,2025-12-28
DON_63116,VOL_10862,10.0,2026-01-01
DON_63117,VOL_10862,10.0,2026-01-04
DON_63118,VOL_10862,25.0,2026-01-15
DON_63119,VOL_10862,10.0,2026-01-18
DON_63120,VOL_10862,10.0,2026-02-08
DON_63121,VOL_10862,25.0,2026-02-12
DON_63122,VOL_10862,50.0,2026-02-12
DON_63123,VOL_10862,10.0,2026-03-29
DON_63124,VOL_10862,25.0,2026-03-29
DON_63125,VOL_10863,25.0,2026-02-01
DON_63126,VOL_10864,50.0,2025-02-06
DON_63127,VOL_10864,100.0,2025-02-20
DON_63128,VOL_10864,10.0,2025-02-20
DON_63129,VOL_10864,100.0,2025-03-02
DON_63130,VOL_10864,25.0,2025-03-09
DON_63131,VOL_10864,25.0,2025-03-30
DON_63132,VOL_10864,50.0,2025-04-17
DON_63133,VOL_10864,10.0,2025-04-24
DON_63134,VOL_10864,25.0,2025-05-01
DON_63135,VOL_10864,25.0,2025-05-08
DON_63136,VOL_10864,100.0,2025-05-11
DON_63137,VOL_10864,50.0,2025-05-18
DON_63138,VOL_10864,10.0,2025-05-25
DON_63139,VOL_10864,10.0,2025-06-29
DON_63140,VOL_10864,50.0,2025-08-07
DON_63141,VOL_10864,10.0,2025-08-21
DON_63142,VOL_10864,100.0,2025-08-21
DON_63143,VOL_10864,25.0,2025-09-21
DON_63144,VOL_10864,10.0,2025-09-28
DON_63145,VOL_10864,10.0,2025-11-02
DON_63146,VOL_10864,10.0,2025-11-13
DON_63147,VOL_10864,10.0,2025-12-04
DON_63148,VOL_10864,50.0,2025-12-04
DON_63149,VOL_10864,25.0,2025-12-18
DON_63150,VOL_10864,50.0,2025-12-18
DON_63151,VOL_10864,50.0,2025-12-28
DON_63152,VOL_10864,25.0,2026-01-15
DON_63153,VOL_10864,100.0,2026-02-01
DON_63154,VOL_10864,10.0,2026-02-19
DON_63155,VOL_10864,10.0,2026-03-12
DON_63156,VOL_10864,10.0,2026-04-09
DON_63157,VOL_10865,10.0,2025-12-11
DON_63158,VOL_10865,50.0,2025-12-14
DON_63159,VOL_10865,25.0,2025-12-14
DON_63160,VOL_10865,10.0,2026-01-04
DON_63161,VOL_10865,25.0,2026-01-15
DON_63162,VOL_10865,50.0,2026-03-05
DON_63163,VOL_10865,25.0,2026-03-15
DON_63164,VOL_10865,10.0,2026-03-26
DON_63165,VOL_10865,50.0,2026-03-29
DON_63166,VOL_10865,25.0,2026-03-29
DON_63167,VOL_10865,25.0,2026-04-09
DON_63168,VOL_10866,25.0,2025-05-11
DON_63169,VOL_10866,100.0,2025-05-25
DON_63170,VOL_10866,10.0,2025-06-15
DON_63171,VOL_10866,50.0,2025-06-22
DON_63172,VOL_10866,10.0,2025-06-22
DON_63173,VOL_10866,10.0,2025-07-20
DON_63174,VOL_10866,25.0,2025-07-20
DON_63175,VOL_10866,25.0,2025-07-27
DON_63176,VOL_10866,50.0,2025-08-14
DON_63177,VOL_10866,10.0,2025-08-28
DON_63178,VOL_10866,25.0,2025-09-18
DON_63179,VOL_10866,10.0,2025-10-05
DON_63180,VOL_10866,10.0,2025-10-05
DON_63181,VOL_10866,10.0,2025-10-16
DON_63182,VOL_10866,10.0,2025-10-26
DON_63183,VOL_10866,10.0,2025-11-02
DON_63184,VOL_10866,25.0,2025-11-06
DON_63185,VOL_10866,25.0,2025-12-11
DON_63186,VOL_10866,10.0,2025-12-18
DON_63187,VOL_10866,10.0,2025-12-18
DON_63188,VOL_10866,10.0,2025-12-21
DON_63189,VOL_10866,10.0,2025-12-28
DON_63190,VOL_10866,10.0,2026-01-18
DON_63191,VOL_10866,25.0,2026-02-01
DON_63192,VOL_10866,100.0,2026-02-08
DON_63193,VOL_10866,50.0,2026-02-22
DON_63194,VOL_10866,10.0,2026-02-26
DON_63195,VOL_10866,10.0,2026-03-15
DON_63196,VOL_10866,25.0,2026-03-19
DON_63197,VOL_10866,25.0,2026-03-19
DON_63198,VOL_10866,50.0,2026-04-16
DON_63199,VOL_10866,50.0,2026-04-26
DON_63200,VOL_10867,100.0,2025-06-15
DON_63201,VOL_10867,50.0,2025-06-19
DON_63202,VOL_10867,25.0,2025-06-22
DON_63203,VOL_10867,25.0,2025-06-22
DON_63204,VOL_10867,25.0,2025-07-06
DON_63205,VOL_10867,50.0,2025-07-17
DON_63206,VOL_10867,25.0,2025-07-24
DON_63207,VOL_10867,10.0,2025-07-24
DON_63208,VOL_10867,100.0,2025-07-31
DON_63209,VOL_10867,25.0,2025-08-14
DON_63210,VOL_10867,50.0,2025-08-14
DON_63211,VOL_10867,25.0,2025-10-19
DON_63212,VOL_10867,25.0,2025-10-26
DON_63213,VOL_10867,10.0,2025-11-02
DON_63214,VOL_10867,10.0,2025-11-09
DON_63215,VOL_10867,50.0,2025-11-13
DON_63216,VOL_10867,25.0,2025-11-27
DON_63217,VOL_10867,100.0,2025-11-27
DON_63218,VOL_10867,10.0,2025-12-07
DON_63219,VOL_10867,50.0,2025-12-11
DON_63220,VOL_10867,50.0,2025-12-18
DON_63221,VOL_10867,10.0,2026-01-15
DON_63222,VOL_10867,25.0,2026-01-22
DON_63223,VOL_10867,25.0,2026-03-01
DON_63224,VOL_10867,50.0,2026-03-08
DON_63225,VOL_10867,100.0,2026-03-12
DON_63226,VOL_10867,10.0,2026-03-15
DON_63227,VOL_10867,25.0,2026-03-26
DON_63228,VOL_10867,10.0,2026-03-26
DON_63229,VOL_10867,10.0,2026-04-02
DON_63230,VOL_10867,25.0,2026-04-23
DON_63231,VOL_10867,100.0,2026-04-30
DON_63232,VOL_10868,25.0,2025-03-13
DON_63233,VOL_10868,50.0,2025-03-30
DON_63234,VOL_10868,25.0,2025-03-30
DON_63235,VOL_10869,10.0,2025-09-11
DON_63236,VOL_10869,25.0,2025-09-28
DON_63237,VOL_10869,25.0,2025-10-12
DON_63238,VOL_10869,10.0,2025-10-23
DON_63239,VOL_10869,25.0,2025-11-02
DON_63240,VOL_10869,50.0,2025-11-23
DON_63241,VOL_10869,50.0,2025-11-30
DON_63242,VOL_10869,50.0,2025-12-04
DON_63243,VOL_10869,10.0,2026-01-15
DON_63244,VOL_10869,50.0,2026-01-25
DON_63245,VOL_10869,25.0,2026-02-19
DON_63246,VOL_10869,25.0,2026-04-26
DON_63247,VOL_10870,50.0,2025-09-04
DON_63248,VOL_10870,10.0,2025-09-21
DON_63249,VOL_10870,10.0,2025-09-21
DON_63250,VOL_10872,25.0,2025-03-16
DON_63251,VOL_10872,50.0,2025-03-23
DON_63252,VOL_10874,100.0,2026-01-08
DON_63253,VOL_10874,50.0,2026-01-11
DON_63254,VOL_10874,25.0,2026-01-15
DON_63255,VOL_10874,25.0,2026-01-22
DON_63256,VOL_10874,100.0,2026-02-01
DON_63257,VOL_10874,25.0,2026-02-08
DON_63258,VOL_10874,50.0,2026-04-02
DON_63259,VOL_10874,50.0,2026-04-19
DON_63260,VOL_10874,100.0,2026-04-26
DON_63261,VOL_10874,10.0,2026-04-26
DON_63262,VOL_10875,50.0,2025-09-25
DON_63263,VOL_10875,50.0,2025-09-28
DON_63264,VOL_10875,50.0,2025-09-28
DON_63265,VOL_10875,50.0,2025-10-16
DON_63266,VOL_10875,10.0,2025-10-19
DON_63267,VOL_10875,25.0,2025-10-26
DON_63268,VOL_10875,25.0,2025-11-06
DON_63269,VOL_10875,100.0,2025-11-13
DON_63270,VOL_10875,10.0,2025-12-07
DON_63271,VOL_10875,10.0,2026-01-18
DON_63272,VOL_10875,10.0,2026-02-01
DON_63273,VOL_10875,25.0,2026-03-26
DON_63274,VOL_10875,50.0,2026-04-09
DON_63275,VOL_10875,100.0,2026-04-26
DON_63276,VOL_10875,10.0,2026-04-30
DON_63277,VOL_10876,10.0,2025-04-20
DON_63278,VOL_10876,10.0,2025-04-24
DON_63279,VOL_10876,10.0,2025-05-08
DON_63280,VOL_10876,10.0,2025-05-18
DON_63281,VOL_10876,10.0,2025-06-15
DON_63282,VOL_10876,10.0,2025-06-29
DON_63283,VOL_10876,25.0,2025-07-06
DON_63284,VOL_10876,25.0,2025-07-13
DON_63285,VOL_10876,50.0,2025-07-20
DON_63286,VOL_10876,10.0,2025-07-20
DON_63287,VOL_10876,10.0,2025-07-20
DON_63288,VOL_10876,10.0,2025-08-10
DON_63289,VOL_10876,100.0,2025-08-14
DON_63290,VOL_10876,25.0,2025-08-17
DON_63291,VOL_10876,25.0,2025-09-18
DON_63292,VOL_10876,10.0,2025-09-25
DON_63293,VOL_10876,25.0,2025-10-16
DON_63294,VOL_10876,10.0,2025-10-26
DON_63295,VOL_10876,10.0,2025-11-09
DON_63296,VOL_10876,25.0,2025-11-09
DON_63297,VOL_10876,100.0,2025-11-20
DON_63298,VOL_10876,25.0,2025-11-23
DON_63299,VOL_10876,10.0,2025-12-11
DON_63300,VOL_10876,10.0,2026-01-04
DON_63301,VOL_10876,10.0,2026-01-15
DON_63302,VOL_10876,25.0,2026-01-25
DON_63303,VOL_10876,10.0,2026-01-25
DON_63304,VOL_10876,10.0,2026-01-29
DON_63305,VOL_10876,25.0,2026-02-26
DON_63306,VOL_10876,10.0,2026-03-12
DON_63307,VOL_10876,10.0,2026-04-16
DON_63308,VOL_10878,25.0,2025-03-16
DON_63309,VOL_10878,50.0,2025-03-27
DON_63310,VOL_10878,10.0,2025-03-27
DON_63311,VOL_10878,50.0,2025-04-03
DON_63312,VOL_10878,50.0,2025-04-17
DON_63313,VOL_10878,25.0,2025-04-24
DON_63314,VOL_10878,10.0,2025-04-24
DON_63315,VOL_10878,100.0,2025-04-27
DON_63316,VOL_10878,100.0,2025-05-04
DON_63317,VOL_10878,50.0,2025-05-15
DON_63318,VOL_10878,50.0,2025-05-25
DON_63319,VOL_10878,10.0,2025-06-15
DON_63320,VOL_10878,10.0,2025-07-13
DON_63321,VOL_10878,50.0,2025-07-13
DON_63322,VOL_10878,10.0,2025-07-20
DON_63323,VOL_10878,10.0,2025-08-07
DON_63324,VOL_10878,25.0,2025-08-17
DON_63325,VOL_10878,100.0,2025-08-31
DON_63326,VOL_10878,25.0,2025-09-18
DON_63327,VOL_10878,100.0,2025-10-23
DON_63328,VOL_10878,10.0,2025-11-06
DON_63329,VOL_10878,50.0,2025-11-30
DON_63330,VOL_10878,25.0,2025-12-04
DON_63331,VOL_10878,10.0,2025-12-07
DON_63332,VOL_10878,50.0,2025-12-18
DON_63333,VOL_10878,10.0,2025-12-21
DON_63334,VOL_10878,25.0,2026-01-04
DON_63335,VOL_10878,25.0,2026-01-08
DON_63336,VOL_10878,10.0,2026-01-15
DON_63337,VOL_10878,25.0,2026-01-18
DON_63338,VOL_10878,10.0,2026-01-25
DON_63339,VOL_10878,100.0,2026-02-01
DON_63340,VOL_10878,50.0,2026-02-19
DON_63341,VOL_10878,25.0,2026-03-15
DON_63342,VOL_10878,100.0,2026-03-19
DON_63343,VOL_10878,100.0,2026-03-19
DON_63344,VOL_10878,50.0,2026-03-22
DON_63345,VOL_10878,50.0,2026-03-26
DON_63346,VOL_10878,10.0,2026-03-29
DON_63347,VOL_10879,10.0,2025-07-20
DON_63348,VOL_10879,25.0,2025-07-27
DON_63349,VOL_10879,100.0,2025-07-31
DON_63350,VOL_10879,25.0,2025-09-11
DON_63351,VOL_10879,25.0,2025-10-05
DON_63352,VOL_10879,50.0,2025-10-23
DON_63353,VOL_10879,25.0,2025-10-26
DON_63354,VOL_10879,25.0,2025-10-30
DON_63355,VOL_10879,25.0,2025-11-06
DON_63356,VOL_10879,10.0,2025-11-27
DON_63357,VOL_10879,25.0,2025-12-04
DON_63358,VOL_10879,100.0,2026-01-04
DON_63359,VOL_10879,10.0,2026-01-04
DON_63360,VOL_10879,25.0,2026-01-25
DON_63361,VOL_10879,25.0,2026-02-12
DON_63362,VOL_10879,10.0,2026-02-15
DON_63363,VOL_10879,100.0,2026-02-26
DON_63364,VOL_10879,10.0,2026-03-15
DON_63365,VOL_10879,25.0,2026-03-26
DON_63366,VOL_10879,25.0,2026-04-16
DON_63367,VOL_10879,100.0,2026-04-23
DON_63368,VOL_10879,25.0,2026-04-23
DON_63369,VOL_10879,25.0,2026-04-30
DON_63370,VOL_10880,25.0,2025-04-27
DON_63371,VOL_10880,10.0,2025-05-08
DON_63372,VOL_10880,25.0,2025-05-08
DON_63373,VOL_10880,10.0,2025-05-18
DON_63374,VOL_10880,100.0,2025-05-25
DON_63375,VOL_10881,10.0,2025-05-08
DON_63376,VOL_10881,25.0,2025-05-18
DON_63377,VOL_10881,50.0,2025-05-18
DON_63378,VOL_10881,10.0,2025-06-01
DON_63379,VOL_10881,100.0,2025-06-08
DON_63380,VOL_10881,100.0,2025-06-12
DON_63381,VOL_10881,10.0,2025-06-15
DON_63382,VOL_10881,100.0,2025-06-19
DON_63383,VOL_10881,10.0,2025-07-03
DON_63384,VOL_10881,10.0,2025-07-20
DON_63385,VOL_10881,10.0,2025-07-31
DON_63386,VOL_10881,10.0,2025-08-07
DON_63387,VOL_10881,50.0,2025-08-14
DON_63388,VOL_10881,25.0,2025-08-17
DON_63389,VOL_10881,25.0,2025-08-24
DON_63390,VOL_10881,100.0,2025-08-28
DON_63391,VOL_10881,25.0,2025-09-04
DON_63392,VOL_10881,25.0,2025-09-14
DON_63393,VOL_10881,100.0,2025-09-21
DON_63394,VOL_10881,25.0,2025-10-05
DON_63395,VOL_10881,10.0,2025-10-19
DON_63396,VOL_10881,50.0,2025-10-30
DON_63397,VOL_10881,10.0,2025-11-09
DON_63398,VOL_10881,10.0,2025-11-20
DON_63399,VOL_10881,25.0,2025-11-27
DON_63400,VOL_10881,25.0,2025-11-30
DON_63401,VOL_10881,25.0,2025-11-30
DON_63402,VOL_10881,25.0,2025-12-14
DON_63403,VOL_10881,25.0,2025-12-14
DON_63404,VOL_10881,25.0,2025-12-21
DON_63405,VOL_10881,50.0,2026-02-08
DON_63406,VOL_10881,10.0,2026-02-08
DON_63407,VOL_10881,10.0,2026-03-19
DON_63408,VOL_10881,10.0,2026-03-19
DON_63409,VOL_10881,100.0,2026-04-02
DON_63410,VOL_10881,25.0,2026-04-30
DON_63411,VOL_10882,10.0,2025-01-05
DON_63412,VOL_10882,10.0,2025-02-02
DON_63413,VOL_10882,25.0,2025-02-06
DON_63414,VOL_10882,10.0,2025-02-09
DON_63415,VOL_10882,25.0,2025-03-09
DON_63416,VOL_10882,25.0,2025-03-13
DON_63417,VOL_10882,50.0,2025-03-20
DON_63418,VOL_10882,25.0,2025-05-15
DON_63419,VOL_10882,10.0,2025-05-18
DON_63420,VOL_10882,10.0,2025-05-25
DON_63421,VOL_10882,50.0,2025-05-25
DON_63422,VOL_10882,10.0,2025-06-12
DON_63423,VOL_10882,50.0,2025-06-19
DON_63424,VOL_10882,25.0,2025-06-22
DON_63425,VOL_10882,10.0,2025-06-22
DON_63426,VOL_10882,50.0,2025-06-22
DON_63427,VOL_10882,25.0,2025-07-31
DON_63428,VOL_10882,50.0,2025-08-10
DON_63429,VOL_10882,10.0,2025-08-24
DON_63430,VOL_10882,10.0,2025-09-14
DON_63431,VOL_10882,25.0,2025-09-25
DON_63432,VOL_10882,25.0,2025-10-19
DON_63433,VOL_10882,10.0,2025-10-19
DON_63434,VOL_10882,25.0,2025-11-06
DON_63435,VOL_10882,25.0,2025-11-09
DON_63436,VOL_10882,10.0,2025-11-23
DON_63437,VOL_10882,10.0,2025-11-23
DON_63438,VOL_10882,50.0,2025-11-27
DON_63439,VOL_10882,50.0,2025-12-11
DON_63440,VOL_10882,10.0,2025-12-14
DON_63441,VOL_10882,25.0,2026-01-22
DON_63442,VOL_10882,10.0,2026-02-19
DON_63443,VOL_10882,100.0,2026-02-19
DON_63444,VOL_10882,25.0,2026-02-26
DON_63445,VOL_10882,10.0,2026-02-26
DON_63446,VOL_10882,10.0,2026-03-01
DON_63447,VOL_10882,10.0,2026-03-12
DON_63448,VOL_10882,25.0,2026-03-12
DON_63449,VOL_10882,25.0,2026-03-19
DON_63450,VOL_10882,10.0,2026-04-16
DON_63451,VOL_10883,10.0,2025-12-18
DON_63452,VOL_10883,50.0,2025-12-21
DON_63453,VOL_10883,10.0,2025-12-25
DON_63454,VOL_10883,10.0,2025-12-28
DON_63455,VOL_10883,10.0,2026-01-08
DON_63456,VOL_10883,10.0,2026-01-22
DON_63457,VOL_10883,25.0,2026-01-29
DON_63458,VOL_10883,50.0,2026-02-08
DON_63459,VOL_10883,10.0,2026-02-22
DON_63460,VOL_10883,25.0,2026-03-05
DON_63461,VOL_10883,100.0,2026-03-05
DON_63462,VOL_10883,25.0,2026-03-15
DON_63463,VOL_10883,10.0,2026-03-29
DON_63464,VOL_10883,100.0,2026-04-02
DON_63465,VOL_10883,25.0,2026-04-30
DON_63466,VOL_10884,10.0,2026-03-05
DON_63467,VOL_10884,10.0,2026-03-05
DON_63468,VOL_10884,100.0,2026-04-12
DON_63469,VOL_10884,25.0,2026-04-16
DON_63470,VOL_10885,50.0,2025-11-20
DON_63471,VOL_10885,10.0,2025-11-23
DON_63472,VOL_10885,10.0,2025-11-30
DON_63473,VOL_10885,10.0,2025-11-30
DON_63474,VOL_10885,50.0,2025-12-04
DON_63475,VOL_10885,50.0,2026-01-15
DON_63476,VOL_10885,10.0,2026-01-22
DON_63477,VOL_10885,10.0,2026-02-05
DON_63478,VOL_10885,100.0,2026-02-15
DON_63479,VOL_10885,50.0,2026-02-22
DON_63480,VOL_10885,100.0,2026-03-01
DON_63481,VOL_10885,25.0,2026-03-05
DON_63482,VOL_10885,10.0,2026-03-05
DON_63483,VOL_10885,50.0,2026-03-15
DON_63484,VOL_10885,10.0,2026-03-29
DON_63485,VOL_10885,50.0,2026-04-16
DON_63486,VOL_10886,100.0,2025-03-16
DON_63487,VOL_10886,100.0,2025-03-23
DON_63488,VOL_10886,10.0,2025-03-27
DON_63489,VOL_10886,25.0,2025-04-06
DON_63490,VOL_10886,50.0,2025-05-08
DON_63491,VOL_10886,10.0,2025-05-25
DON_63492,VOL_10886,10.0,2025-06-15
DON_63493,VOL_10886,25.0,2025-06-15
DON_63494,VOL_10886,50.0,2025-06-22
DON_63495,VOL_10886,10.0,2025-06-29
DON_63496,VOL_10886,50.0,2025-07-13
DON_63497,VOL_10886,50.0,2025-08-10
DON_63498,VOL_10886,100.0,2025-08-14
DON_63499,VOL_10886,50.0,2025-08-24
DON_63500,VOL_10886,10.0,2025-10-02
DON_63501,VOL_10886,50.0,2025-10-05
DON_63502,VOL_10886,10.0,2025-10-12
DON_63503,VOL_10886,10.0,2025-10-12
DON_63504,VOL_10886,50.0,2025-11-27
DON_63505,VOL_10886,10.0,2025-12-11
DON_63506,VOL_10886,25.0,2025-12-11
DON_63507,VOL_10886,10.0,2025-12-18
DON_63508,VOL_10886,10.0,2026-01-15
DON_63509,VOL_10886,10.0,2026-01-22
DON_63510,VOL_10886,25.0,2026-02-01
DON_63511,VOL_10886,50.0,2026-02-08
DON_63512,VOL_10886,10.0,2026-02-08
DON_63513,VOL_10886,10.0,2026-02-15
DON_63514,VOL_10886,25.0,2026-03-08
DON_63515,VOL_10886,50.0,2026-03-12
DON_63516,VOL_10886,10.0,2026-04-09
DON_63517,VOL_10886,25.0,2026-04-16
DON_63518,VOL_10886,50.0,2026-04-26
DON_63519,VOL_10887,25.0,2025-07-20
DON_63520,VOL_10887,25.0,2025-07-27
DON_63521,VOL_10887,10.0,2025-08-17
DON_63522,VOL_10887,50.0,2025-08-24
DON_63523,VOL_10887,10.0,2025-08-31
DON_63524,VOL_10887,25.0,2025-09-04
DON_63525,VOL_10887,10.0,2025-09-11
DON_63526,VOL_10887,10.0,2025-10-02
DON_63527,VOL_10887,10.0,2025-10-12
DON_63528,VOL_10887,10.0,2025-10-19
DON_63529,VOL_10887,10.0,2025-10-26
DON_63530,VOL_10887,50.0,2025-11-06
DON_63531,VOL_10887,10.0,2025-11-13
DON_63532,VOL_10887,50.0,2025-12-04
DON_63533,VOL_10887,25.0,2025-12-18
DON_63534,VOL_10887,100.0,2026-01-15
DON_63535,VOL_10887,50.0,2026-01-22
DON_63536,VOL_10887,10.0,2026-01-29
DON_63537,VOL_10887,10.0,2026-02-12
DON_63538,VOL_10887,10.0,2026-02-19
DON_63539,VOL_10887,10.0,2026-02-22
DON_63540,VOL_10887,10.0,2026-02-26
DON_63541,VOL_10887,100.0,2026-02-26
DON_63542,VOL_10887,50.0,2026-02-26
DON_63543,VOL_10887,25.0,2026-03-15
DON_63544,VOL_10887,100.0,2026-03-15
DON_63545,VOL_10888,25.0,2025-05-29
DON_63546,VOL_10888,10.0,2025-06-12
DON_63547,VOL_10888,50.0,2025-06-19
DON_63548,VOL_10888,100.0,2025-06-19
DON_63549,VOL_10888,50.0,2025-06-26
DON_63550,VOL_10888,50.0,2025-07-20
DON_63551,VOL_10888,50.0,2025-07-20
DON_63552,VOL_10888,10.0,2025-09-14
DON_63553,VOL_10888,25.0,2025-09-28
DON_63554,VOL_10888,50.0,2025-10-23
DON_63555,VOL_10888,100.0,2025-11-13
DON_63556,VOL_10888,25.0,2025-11-16
DON_63557,VOL_10888,10.0,2025-12-04
DON_63558,VOL_10888,10.0,2025-12-07
DON_63559,VOL_10888,25.0,2025-12-18
DON_63560,VOL_10888,10.0,2025-12-18
DON_63561,VOL_10888,25.0,2025-12-28
DON_63562,VOL_10888,25.0,2026-01-29
DON_63563,VOL_10888,50.0,2026-01-29
DON_63564,VOL_10888,10.0,2026-02-26
DON_63565,VOL_10888,10.0,2026-02-26
DON_63566,VOL_10888,25.0,2026-03-05
DON_63567,VOL_10888,100.0,2026-03-12
DON_63568,VOL_10888,10.0,2026-03-19
DON_63569,VOL_10888,10.0,2026-03-29
DON_63570,VOL_10888,10.0,2026-04-23
DON_63571,VOL_10888,10.0,2026-04-26
DON_63572,VOL_10890,10.0,2025-10-02
DON_63573,VOL_10890,10.0,2025-11-09
DON_63574,VOL_10890,10.0,2025-11-09
DON_63575,VOL_10890,10.0,2025-11-20
DON_63576,VOL_10890,50.0,2025-11-23
DON_63577,VOL_10890,25.0,2025-11-27
DON_63578,VOL_10890,25.0,2025-11-27
DON_63579,VOL_10890,50.0,2025-12-07
DON_63580,VOL_10890,25.0,2025-12-11
DON_63581,VOL_10890,50.0,2026-01-04
DON_63582,VOL_10890,10.0,2026-02-12
DON_63583,VOL_10890,25.0,2026-02-19
DON_63584,VOL_10890,25.0,2026-02-22
DON_63585,VOL_10890,100.0,2026-03-29
DON_63586,VOL_10890,25.0,2026-04-09
DON_63587,VOL_10890,25.0,2026-04-12
DON_63588,VOL_10891,10.0,2025-07-10
DON_63589,VOL_10891,10.0,2025-07-13
DON_63590,VOL_10891,50.0,2025-07-17
DON_63591,VOL_10891,10.0,2025-08-10
DON_63592,VOL_10891,25.0,2025-08-10
DON_63593,VOL_10891,10.0,2025-08-10
DON_63594,VOL_10891,25.0,2025-08-14
DON_63595,VOL_10891,50.0,2025-08-24
DON_63596,VOL_10891,10.0,2025-10-02
DON_63597,VOL_10891,50.0,2025-10-02
DON_63598,VOL_10891,10.0,2025-10-23
DON_63599,VOL_10891,10.0,2025-10-30
DON_63600,VOL_10891,25.0,2025-11-30
DON_63601,VOL_10891,25.0,2025-12-11
DON_63602,VOL_10891,10.0,2025-12-18
DON_63603,VOL_10891,50.0,2026-01-18
DON_63604,VOL_10891,25.0,2026-01-22
DON_63605,VOL_10891,25.0,2026-02-08
DON_63606,VOL_10891,10.0,2026-02-15
DON_63607,VOL_10891,50.0,2026-03-19
DON_63608,VOL_10892,10.0,2025-04-20
DON_63609,VOL_10892,10.0,2025-05-08
DON_63610,VOL_10892,10.0,2025-05-18
DON_63611,VOL_10893,100.0,2026-01-04
DON_63612,VOL_10893,10.0,2026-01-15
DON_63613,VOL_10893,25.0,2026-03-22
DON_63614,VOL_10893,25.0,2026-03-29
DON_63615,VOL_10893,50.0,2026-04-16
DON_63616,VOL_10894,50.0,2025-04-03
DON_63617,VOL_10894,50.0,2025-04-06
DON_63618,VOL_10894,10.0,2025-04-13
DON_63619,VOL_10894,50.0,2025-04-20
DON_63620,VOL_10894,25.0,2025-06-15
DON_63621,VOL_10894,10.0,2025-06-19
DON_63622,VOL_10894,50.0,2025-06-22
DON_63623,VOL_10894,25.0,2025-06-26
DON_63624,VOL_10894,25.0,2025-07-06
DON_63625,VOL_10894,10.0,2025-07-13
DON_63626,VOL_10894,50.0,2025-07-24
DON_63627,VOL_10894,10.0,2025-07-27
DON_63628,VOL_10894,25.0,2025-08-07
DON_63629,VOL_10894,25.0,2025-08-17
DON_63630,VOL_10894,100.0,2025-09-14
DON_63631,VOL_10894,10.0,2025-09-21
DON_63632,VOL_10894,10.0,2025-10-02
DON_63633,VOL_10894,25.0,2025-10-02
DON_63634,VOL_10894,100.0,2025-10-05
DON_63635,VOL_10894,50.0,2025-10-26
DON_63636,VOL_10894,10.0,2025-11-06
DON_63637,VOL_10894,50.0,2025-11-09
DON_63638,VOL_10894,50.0,2025-12-21
DON_63639,VOL_10894,100.0,2026-01-25
DON_63640,VOL_10894,100.0,2026-01-29
DON_63641,VOL_10894,25.0,2026-03-08
DON_63642,VOL_10894,10.0,2026-03-15
DON_63643,VOL_10894,25.0,2026-03-26
DON_63644,VOL_10894,25.0,2026-04-23
DON_63645,VOL_10895,50.0,2025-07-03
DON_63646,VOL_10895,50.0,2025-07-17
DON_63647,VOL_10895,100.0,2025-07-27
DON_63648,VOL_10895,50.0,2025-07-27
DON_63649,VOL_10895,10.0,2025-08-14
DON_63650,VOL_10895,25.0,2025-08-21
DON_63651,VOL_10895,10.0,2025-08-24
DON_63652,VOL_10895,25.0,2025-08-24
DON_63653,VOL_10895,100.0,2025-09-21
DON_63654,VOL_10895,10.0,2025-09-28
DON_63655,VOL_10895,10.0,2025-10-30
DON_63656,VOL_10895,25.0,2025-11-02
DON_63657,VOL_10895,100.0,2025-11-27
DON_63658,VOL_10895,25.0,2025-12-07
DON_63659,VOL_10895,10.0,2025-12-11
DON_63660,VOL_10895,25.0,2025-12-18
DON_63661,VOL_10895,10.0,2026-01-18
DON_63662,VOL_10895,10.0,2026-01-22
DON_63663,VOL_10895,10.0,2026-01-25
DON_63664,VOL_10895,10.0,2026-02-05
DON_63665,VOL_10895,25.0,2026-03-05
DON_63666,VOL_10895,25.0,2026-03-05
DON_63667,VOL_10895,50.0,2026-03-19
DON_63668,VOL_10895,25.0,2026-03-19
DON_63669,VOL_10895,100.0,2026-03-29
DON_63670,VOL_10895,10.0,2026-04-12
DON_63671,VOL_10895,100.0,2026-04-12
DON_63672,VOL_10895,100.0,2026-04-19
DON_63673,VOL_10897,25.0,2025-05-11
DON_63674,VOL_10897,10.0,2025-05-29
DON_63675,VOL_10897,50.0,2025-06-08
DON_63676,VOL_10897,10.0,2025-06-15
DON_63677,VOL_10897,100.0,2025-06-19
DON_63678,VOL_10897,25.0,2025-06-22
DON_63679,VOL_10897,10.0,2025-07-06
DON_63680,VOL_10897,50.0,2025-07-13
DON_63681,VOL_10897,10.0,2025-07-20
DON_63682,VOL_10897,10.0,2025-07-24
DON_63683,VOL_10897,50.0,2025-07-24
DON_63684,VOL_10897,10.0,2025-08-03
DON_63685,VOL_10897,10.0,2025-09-25
DON_63686,VOL_10897,10.0,2025-10-19
DON_63687,VOL_10897,25.0,2025-11-02
DON_63688,VOL_10897,100.0,2025-11-13
DON_63689,VOL_10897,25.0,2025-11-23
DON_63690,VOL_10897,10.0,2025-11-27
DON_63691,VOL_10897,25.0,2025-11-30
DON_63692,VOL_10897,50.0,2025-11-30
DON_63693,VOL_10897,10.0,2025-12-18
DON_63694,VOL_10897,25.0,2025-12-18
DON_63695,VOL_10897,10.0,2026-01-04
DON_63696,VOL_10897,50.0,2026-01-15
DON_63697,VOL_10897,10.0,2026-01-18
DON_63698,VOL_10897,50.0,2026-01-18
DON_63699,VOL_10897,25.0,2026-01-22
DON_63700,VOL_10897,25.0,2026-01-29
DON_63701,VOL_10897,50.0,2026-03-01
DON_63702,VOL_10897,10.0,2026-03-05
DON_63703,VOL_10897,100.0,2026-04-23
DON_63704,VOL_10897,25.0,2026-04-30
DON_63705,VOL_10897,50.0,2026-04-30
DON_63706,VOL_10898,10.0,2025-09-21
DON_63707,VOL_10898,25.0,2025-10-16
DON_63708,VOL_10898,10.0,2025-10-30
DON_63709,VOL_10898,50.0,2025-11-13
DON_63710,VOL_10898,10.0,2025-11-16
DON_63711,VOL_10898,10.0,2026-01-04
DON_63712,VOL_10898,10.0,2026-01-18
DON_63713,VOL_10898,10.0,2026-02-12
DON_63714,VOL_10898,50.0,2026-02-22
DON_63715,VOL_10898,50.0,2026-02-22
DON_63716,VOL_10898,100.0,2026-04-19
DON_63717,VOL_10898,25.0,2026-04-23
DON_63718,VOL_10898,10.0,2026-04-26
DON_63719,VOL_10898,100.0,2026-04-26
DON_63720,VOL_10899,50.0,2025-09-21
DON_63721,VOL_10899,25.0,2025-09-28
DON_63722,VOL_10899,10.0,2025-10-30
DON_63723,VOL_10899,10.0,2025-11-16
DON_63724,VOL_10899,50.0,2025-12-11
DON_63725,VOL_10899,10.0,2025-12-11
DON_63726,VOL_10899,100.0,2026-01-15
DON_63727,VOL_10899,50.0,2026-01-15
DON_63728,VOL_10899,25.0,2026-02-08
DON_63729,VOL_10899,100.0,2026-02-22
DON_63730,VOL_10899,10.0,2026-03-12
DON_63731,VOL_10899,10.0,2026-03-15
DON_63732,VOL_10899,10.0,2026-03-15
DON_63733,VOL_10899,10.0,2026-03-22
DON_63734,VOL_10899,10.0,2026-03-26
DON_63735,VOL_10899,10.0,2026-03-29
DON_63736,VOL_10899,50.0,2026-04-05
DON_63737,VOL_10899,10.0,2026-04-09
DON_63738,VOL_10899,25.0,2026-04-19
DON_63739,VOL_10900,50.0,2026-03-05
DON_63740,VOL_10900,10.0,2026-03-19
DON_63741,VOL_10900,10.0,2026-03-26
DON_63742,VOL_10900,100.0,2026-04-26
DON_63743,VOL_10900,25.0,2026-04-26
DON_63744,VOL_10901,10.0,2025-05-11
DON_63745,VOL_10902,10.0,2026-02-22
DON_63746,VOL_10902,10.0,2026-03-05
DON_63747,VOL_10902,25.0,2026-03-05
DON_63748,VOL_10902,10.0,2026-03-22
DON_63749,VOL_10902,100.0,2026-03-29
DON_63750,VOL_10902,25.0,2026-04-02
DON_63751,VOL_10902,25.0,2026-04-05
DON_63752,VOL_10902,10.0,2026-04-23
DON_63753,VOL_10902,10.0,2026-04-26
DON_63754,VOL_10903,10.0,2025-10-30
DON_63755,VOL_10903,10.0,2025-11-09
DON_63756,VOL_10903,10.0,2025-11-13
DON_63757,VOL_10903,10.0,2025-11-16
DON_63758,VOL_10903,10.0,2025-11-20
DON_63759,VOL_10903,25.0,2025-12-14
DON_63760,VOL_10903,10.0,2026-01-08
DON_63761,VOL_10903,10.0,2026-02-26
DON_63762,VOL_10903,10.0,2026-03-08
DON_63763,VOL_10903,25.0,2026-03-12
DON_63764,VOL_10903,10.0,2026-03-15
DON_63765,VOL_10903,10.0,2026-03-19
DON_63766,VOL_10903,25.0,2026-04-02
DON_63767,VOL_10903,50.0,2026-04-16
DON_63768,VOL_10903,10.0,2026-04-23
DON_63769,VOL_10904,50.0,2025-05-11
DON_63770,VOL_10904,10.0,2025-05-18
DON_63771,VOL_10904,10.0,2025-05-22
DON_63772,VOL_10904,50.0,2025-05-25
DON_63773,VOL_10904,25.0,2025-05-25
DON_63774,VOL_10904,10.0,2025-05-29
DON_63775,VOL_10904,100.0,2025-06-01
DON_63776,VOL_10906,25.0,2025-10-23
DON_63777,VOL_10906,50.0,2025-10-23
DON_63778,VOL_10906,25.0,2025-11-20
DON_63779,VOL_10906,10.0,2025-11-23
DON_63780,VOL_10906,25.0,2025-11-23
DON_63781,VOL_10906,10.0,2025-12-04
DON_63782,VOL_10906,10.0,2025-12-25
DON_63783,VOL_10906,10.0,2026-01-15
DON_63784,VOL_10906,25.0,2026-01-18
DON_63785,VOL_10906,10.0,2026-03-26
DON_63786,VOL_10906,25.0,2026-04-19
DON_63787,VOL_10906,25.0,2026-04-26
DON_63788,VOL_10906,10.0,2026-04-26
DON_63789,VOL_10907,50.0,2025-11-30
DON_63790,VOL_10907,25.0,2025-11-30
DON_63791,VOL_10907,10.0,2025-12-07
DON_63792,VOL_10907,10.0,2025-12-11
DON_63793,VOL_10907,10.0,2026-01-04
DON_63794,VOL_10907,10.0,2026-01-18
DON_63795,VOL_10907,10.0,2026-03-15
DON_63796,VOL_10907,10.0,2026-03-29
DON_63797,VOL_10907,10.0,2026-04-12
DON_63798,VOL_10907,25.0,2026-04-12
DON_63799,VOL_10907,10.0,2026-04-23
DON_63800,VOL_10907,25.0,2026-04-26
DON_63801,VOL_10907,25.0,2026-04-26
DON_63802,VOL_10909,10.0,2025-09-18
DON_63803,VOL_10909,10.0,2025-09-28
DON_63804,VOL_10909,50.0,2025-10-16
DON_63805,VOL_10909,10.0,2025-10-23
DON_63806,VOL_10909,25.0,2025-11-06
DON_63807,VOL_10909,25.0,2025-11-06
DON_63808,VOL_10909,10.0,2025-11-16
DON_63809,VOL_10909,10.0,2025-12-07
DON_63810,VOL_10909,10.0,2025-12-18
DON_63811,VOL_10909,100.0,2025-12-18
DON_63812,VOL_10909,25.0,2026-01-11
DON_63813,VOL_10909,100.0,2026-01-29
DON_63814,VOL_10909,10.0,2026-02-08
DON_63815,VOL_10909,25.0,2026-03-05
DON_63816,VOL_10909,100.0,2026-03-08
DON_63817,VOL_10909,10.0,2026-03-12
DON_63818,VOL_10909,10.0,2026-04-16
DON_63819,VOL_10909,50.0,2026-04-30
DON_63820,VOL_10910,10.0,2025-08-24
DON_63821,VOL_10910,25.0,2025-10-05
DON_63822,VOL_10910,50.0,2025-10-30
DON_63823,VOL_10910,25.0,2025-10-30
DON_63824,VOL_10910,10.0,2025-11-09
DON_63825,VOL_10910,25.0,2025-11-16
DON_63826,VOL_10910,10.0,2025-11-20
DON_63827,VOL_10910,25.0,2025-11-20
DON_63828,VOL_10910,100.0,2025-11-23
DON_63829,VOL_10910,10.0,2025-12-11
DON_63830,VOL_10910,25.0,2025-12-18
DON_63831,VOL_10910,10.0,2026-02-01
DON_63832,VOL_10910,10.0,2026-02-26
DON_63833,VOL_10910,10.0,2026-03-12
DON_63834,VOL_10910,50.0,2026-03-19
DON_63835,VOL_10910,10.0,2026-04-16
DON_63836,VOL_10911,10.0,2026-02-26
DON_63837,VOL_10911,100.0,2026-03-01
DON_63838,VOL_10911,10.0,2026-03-15
DON_63839,VOL_10911,50.0,2026-04-16
DON_63840,VOL_10912,10.0,2025-05-29
DON_63841,VOL_10912,100.0,2025-06-26
DON_63842,VOL_10912,25.0,2025-07-06
DON_63843,VOL_10912,10.0,2025-09-14
DON_63844,VOL_10912,100.0,2025-12-04
DON_63845,VOL_10912,50.0,2025-12-18
DON_63846,VOL_10912,25.0,2025-12-21
DON_63847,VOL_10912,25.0,2026-02-01
DON_63848,VOL_10912,10.0,2026-02-19
DON_63849,VOL_10912,50.0,2026-03-01
DON_63850,VOL_10913,10.0,2025-12-11
DON_63851,VOL_10913,50.0,2025-12-14
DON_63852,VOL_10913,100.0,2026-01-15
DON_63853,VOL_10913,25.0,2026-02-08
DON_63854,VOL_10913,50.0,2026-02-12
DON_63855,VOL_10913,10.0,2026-02-19
DON_63856,VOL_10913,10.0,2026-02-26
DON_63857,VOL_10913,10.0,2026-04-09
DON_63858,VOL_10913,10.0,2026-04-12
DON_63859,VOL_10913,50.0,2026-04-26
DON_63860,VOL_10913,25.0,2026-04-30
DON_63861,VOL_10913,25.0,2026-04-30
DON_63862,VOL_10914,25.0,2025-10-12
DON_63863,VOL_10914,50.0,2025-10-23
DON_63864,VOL_10914,25.0,2025-11-16
DON_63865,VOL_10914,50.0,2025-11-20
DON_63866,VOL_10914,10.0,2025-12-18
DON_63867,VOL_10914,50.0,2025-12-18
DON_63868,VOL_10914,50.0,2026-01-18
DON_63869,VOL_10914,50.0,2026-02-08
DON_63870,VOL_10914,10.0,2026-02-15
DON_63871,VOL_10914,25.0,2026-02-26
DON_63872,VOL_10914,25.0,2026-03-01
DON_63873,VOL_10914,100.0,2026-03-08
DON_63874,VOL_10914,100.0,2026-03-08
DON_63875,VOL_10914,25.0,2026-03-19
DON_63876,VOL_10914,50.0,2026-03-29
DON_63877,VOL_10914,10.0,2026-04-05
DON_63878,VOL_10914,100.0,2026-04-26
DON_63879,VOL_10914,10.0,2026-04-30
DON_63880,VOL_10915,10.0,2025-07-31
DON_63881,VOL_10915,25.0,2025-08-03
DON_63882,VOL_10915,25.0,2025-08-14
DON_63883,VOL_10915,10.0,2025-08-17
DON_63884,VOL_10915,25.0,2025-08-17
DON_63885,VOL_10915,25.0,2025-08-31
DON_63886,VOL_10915,50.0,2025-09-28
DON_63887,VOL_10915,25.0,2025-10-12
DON_63888,VOL_10915,50.0,2025-10-30
DON_63889,VOL_10915,25.0,2025-11-02
DON_63890,VOL_10915,10.0,2025-11-13
DON_63891,VOL_10915,50.0,2025-11-20
DON_63892,VOL_10915,25.0,2025-12-04
DON_63893,VOL_10915,50.0,2025-12-18
DON_63894,VOL_10915,10.0,2025-12-21
DON_63895,VOL_10915,100.0,2025-12-28
DON_63896,VOL_10915,10.0,2026-01-18
DON_63897,VOL_10915,100.0,2026-02-01
DON_63898,VOL_10915,50.0,2026-02-08
DON_63899,VOL_10915,10.0,2026-02-19
DON_63900,VOL_10915,10.0,2026-03-01
DON_63901,VOL_10915,10.0,2026-03-29
DON_63902,VOL_10915,10.0,2026-04-19
DON_63903,VOL_10915,50.0,2026-04-26
DON_63904,VOL_10916,50.0,2025-10-19
DON_63905,VOL_10916,25.0,2025-12-04
DON_63906,VOL_10916,10.0,2025-12-11
DON_63907,VOL_10916,25.0,2025-12-11
DON_63908,VOL_10916,50.0,2025-12-28
DON_63909,VOL_10916,10.0,2026-02-05
DON_63910,VOL_10916,25.0,2026-02-05
DON_63911,VOL_10916,10.0,2026-02-08
DON_63912,VOL_10916,100.0,2026-02-08
DON_63913,VOL_10916,50.0,2026-02-26
DON_63914,VOL_10916,25.0,2026-03-05
DON_63915,VOL_10916,25.0,2026-03-15
DON_63916,VOL_10916,50.0,2026-03-19
DON_63917,VOL_10916,100.0,2026-04-02
DON_63918,VOL_10916,10.0,2026-04-05
DON_63919,VOL_10916,25.0,2026-04-16
DON_63920,VOL_10916,50.0,2026-04-23
DON_63921,VOL_10917,100.0,2025-10-02
DON_63922,VOL_10917,25.0,2025-10-16
DON_63923,VOL_10917,10.0,2025-10-23
DON_63924,VOL_10917,25.0,2025-11-02
DON_63925,VOL_10917,25.0,2025-11-09
DON_63926,VOL_10917,10.0,2025-11-16
DON_63927,VOL_10917,25.0,2025-12-04
DON_63928,VOL_10917,25.0,2025-12-21
DON_63929,VOL_10917,10.0,2026-01-08
DON_63930,VOL_10917,25.0,2026-01-25
DON_63931,VOL_10917,25.0,2026-01-29
DON_63932,VOL_10917,100.0,2026-02-08
DON_63933,VOL_10917,50.0,2026-02-26
DON_63934,VOL_10917,10.0,2026-03-12
DON_63935,VOL_10917,25.0,2026-03-19
DON_63936,VOL_10917,10.0,2026-03-29
DON_63937,VOL_10917,50.0,2026-04-19
DON_63938,VOL_10918,10.0,2025-11-13
DON_63939,VOL_10918,25.0,2025-11-16
DON_63940,VOL_10918,10.0,2025-11-20
DON_63941,VOL_10918,50.0,2025-12-11
DON_63942,VOL_10918,50.0,2025-12-21
DON_63943,VOL_10918,50.0,2025-12-21
DON_63944,VOL_10918,50.0,2026-01-08
DON_63945,VOL_10918,25.0,2026-01-08
DON_63946,VOL_10918,10.0,2026-01-15
DON_63947,VOL_10918,25.0,2026-01-18
DON_63948,VOL_10918,10.0,2026-02-05
DON_63949,VOL_10918,25.0,2026-02-15
DON_63950,VOL_10918,50.0,2026-03-05
DON_63951,VOL_10918,25.0,2026-03-29
DON_63952,VOL_10918,10.0,2026-04-05
DON_63953,VOL_10918,25.0,2026-04-09
DON_63954,VOL_10918,100.0,2026-04-16
DON_63955,VOL_10918,50.0,2026-04-23
DON_63956,VOL_10918,10.0,2026-04-26
DON_63957,VOL_10919,25.0,2025-11-09
DON_63958,VOL_10920,25.0,2025-10-12
DON_63959,VOL_10920,50.0,2025-10-19
DON_63960,VOL_10920,10.0,2025-10-26
DON_63961,VOL_10920,25.0,2025-11-09
DON_63962,VOL_10920,50.0,2025-11-27
DON_63963,VOL_10920,25.0,2025-12-14
DON_63964,VOL_10920,25.0,2025-12-28
DON_63965,VOL_10920,25.0,2026-01-04
DON_63966,VOL_10920,25.0,2026-01-08
DON_63967,VOL_10920,50.0,2026-01-11
DON_63968,VOL_10920,25.0,2026-01-15
DON_63969,VOL_10920,10.0,2026-01-22
DON_63970,VOL_10920,25.0,2026-02-05
DON_63971,VOL_10920,10.0,2026-02-15
DON_63972,VOL_10920,25.0,2026-03-12
DON_63973,VOL_10920,50.0,2026-03-12
DON_63974,VOL_10920,25.0,2026-03-12
DON_63975,VOL_10921,25.0,2026-01-22
DON_63976,VOL_10921,10.0,2026-02-01
DON_63977,VOL_10921,10.0,2026-03-19
DON_63978,VOL_10921,25.0,2026-03-26
DON_63979,VOL_10921,25.0,2026-03-29
DON_63980,VOL_10921,25.0,2026-04-16
DON_63981,VOL_10921,10.0,2026-04-23
DON_63982,VOL_10921,100.0,2026-04-23
DON_63983,VOL_10921,50.0,2026-04-26
DON_63984,VOL_10922,10.0,2025-10-26
DON_63985,VOL_10922,25.0,2025-11-02
DON_63986,VOL_10922,10.0,2025-11-06
DON_63987,VOL_10922,100.0,2025-11-06
DON_63988,VOL_10922,10.0,2025-11-16
DON_63989,VOL_10922,100.0,2025-11-20
DON_63990,VOL_10922,100.0,2025-11-30
DON_63991,VOL_10922,25.0,2025-12-14
DON_63992,VOL_10922,10.0,2025-12-25
DON_63993,VOL_10922,10.0,2025-12-28
DON_63994,VOL_10922,25.0,2025-12-28
DON_63995,VOL_10922,25.0,2026-01-22
DON_63996,VOL_10922,10.0,2026-01-22
DON_63997,VOL_10922,10.0,2026-01-25
DON_63998,VOL_10922,25.0,2026-01-29
DON_63999,VOL_10922,25.0,2026-02-26
DON_64000,VOL_10922,10.0,2026-03-05
DON_64001,VOL_10922,25.0,2026-03-05
DON_64002,VOL_10922,50.0,2026-04-05
DON_64003,VOL_10923,100.0,2026-02-08
DON_64004,VOL_10923,10.0,2026-02-08
DON_64005,VOL_10923,50.0,2026-02-19
DON_64006,VOL_10923,10.0,2026-03-05
DON_64007,VOL_10923,25.0,2026-04-16
DON_64008,VOL_10923,50.0,2026-04-26
DON_64009,VOL_10923,10.0,2026-04-30
DON_64010,VOL_10924,10.0,2025-10-23
DON_64011,VOL_10924,10.0,2025-10-23
DON_64012,VOL_10924,10.0,2025-12-04
DON_64013,VOL_10924,25.0,2025-12-28
DON_64014,VOL_10924,25.0,2026-01-25
DON_64015,VOL_10924,50.0,2026-04-09
DON_64016,VOL_10924,25.0,2026-04-23
DON_64017,VOL_10925,50.0,2025-06-01
DON_64018,VOL_10925,10.0,2025-06-01
DON_64019,VOL_10925,25.0,2025-06-12
DON_64020,VOL_10925,50.0,2025-06-15
DON_64021,VOL_10925,25.0,2025-06-19
DON_64022,VOL_10925,10.0,2025-07-03
DON_64023,VOL_10925,25.0,2025-07-06
DON_64024,VOL_10925,100.0,2025-07-10
DON_64025,VOL_10925,10.0,2025-07-17
DON_64026,VOL_10925,10.0,2025-07-20
DON_64027,VOL_10925,10.0,2025-08-14
DON_64028,VOL_10925,10.0,2025-08-17
DON_64029,VOL_10925,25.0,2025-09-14
DON_64030,VOL_10925,25.0,2025-09-21
DON_64031,VOL_10925,10.0,2025-09-25
DON_64032,VOL_10925,25.0,2025-10-12
DON_64033,VOL_10925,25.0,2025-10-12
DON_64034,VOL_10925,100.0,2025-10-30
DON_64035,VOL_10925,50.0,2025-11-13
DON_64036,VOL_10925,10.0,2025-11-16
DON_64037,VOL_10925,10.0,2025-11-16
DON_64038,VOL_10925,50.0,2025-11-27
DON_64039,VOL_10925,10.0,2025-12-25
DON_64040,VOL_10925,50.0,2026-01-22
DON_64041,VOL_10925,25.0,2026-01-29
DON_64042,VOL_10925,25.0,2026-02-26
DON_64043,VOL_10925,50.0,2026-03-12
DON_64044,VOL_10925,50.0,2026-04-05
DON_64045,VOL_10927,25.0,2025-09-21
DON_64046,VOL_10927,25.0,2025-09-28
DON_64047,VOL_10927,10.0,2025-10-12
DON_64048,VOL_10927,25.0,2025-10-19
DON_64049,VOL_10927,25.0,2025-11-06
DON_64050,VOL_10927,10.0,2026-01-08
DON_64051,VOL_10927,50.0,2026-01-22
DON_64052,VOL_10927,100.0,2026-02-05
DON_64053,VOL_10927,10.0,2026-02-22
DON_64054,VOL_10927,10.0,2026-03-08
DON_64055,VOL_10927,25.0,2026-03-15
DON_64056,VOL_10927,10.0,2026-04-05
DON_64057,VOL_10927,25.0,2026-04-09
DON_64058,VOL_10928,25.0,2025-11-13
DON_64059,VOL_10928,25.0,2025-11-27
DON_64060,VOL_10928,10.0,2025-12-07
DON_64061,VOL_10928,10.0,2025-12-11
DON_64062,VOL_10928,100.0,2025-12-18
DON_64063,VOL_10928,10.0,2026-01-15
DON_64064,VOL_10928,25.0,2026-02-05
DON_64065,VOL_10928,100.0,2026-02-19
DON_64066,VOL_10928,10.0,2026-02-22
DON_64067,VOL_10928,25.0,2026-04-05
DON_64068,VOL_10928,50.0,2026-04-23
DON_64069,VOL_10928,25.0,2026-04-30
DON_64070,VOL_10929,25.0,2025-02-20
DON_64071,VOL_10929,50.0,2025-03-20
DON_64072,VOL_10929,10.0,2025-03-23
DON_64073,VOL_10929,25.0,2025-04-17
DON_64074,VOL_10929,10.0,2025-04-27
DON_64075,VOL_10929,10.0,2025-04-27
DON_64076,VOL_10929,10.0,2025-05-11
DON_64077,VOL_10929,50.0,2025-05-18
DON_64078,VOL_10929,10.0,2025-05-29
DON_64079,VOL_10929,25.0,2025-07-03
DON_64080,VOL_10929,25.0,2025-07-17
DON_64081,VOL_10929,25.0,2025-07-20
DON_64082,VOL_10929,10.0,2025-07-27
DON_64083,VOL_10929,25.0,2025-08-03
DON_64084,VOL_10929,25.0,2025-08-07
DON_64085,VOL_10929,100.0,2025-08-17
DON_64086,VOL_10929,100.0,2025-08-31
DON_64087,VOL_10929,10.0,2025-09-04
DON_64088,VOL_10929,25.0,2025-09-11
DON_64089,VOL_10929,10.0,2025-09-21
DON_64090,VOL_10929,25.0,2025-10-05
DON_64091,VOL_10929,100.0,2025-11-06
DON_64092,VOL_10929,10.0,2025-11-27
DON_64093,VOL_10929,25.0,2025-12-14
DON_64094,VOL_10929,25.0,2026-01-04
DON_64095,VOL_10929,10.0,2026-01-25
DON_64096,VOL_10929,25.0,2026-02-19
DON_64097,VOL_10929,10.0,2026-03-01
DON_64098,VOL_10929,10.0,2026-04-19
DON_64099,VOL_10930,10.0,2025-05-25
DON_64100,VOL_10930,25.0,2025-05-29
DON_64101,VOL_10930,10.0,2025-06-12
DON_64102,VOL_10930,50.0,2025-06-22
DON_64103,VOL_10930,10.0,2025-06-29
DON_64104,VOL_10930,50.0,2025-07-17
DON_64105,VOL_10930,25.0,2025-07-24
DON_64106,VOL_10930,10.0,2025-07-27
DON_64107,VOL_10930,10.0,2025-08-07
DON_64108,VOL_10930,25.0,2025-08-17
DON_64109,VOL_10930,10.0,2025-08-24
DON_64110,VOL_10930,10.0,2025-09-21
DON_64111,VOL_10930,10.0,2025-09-25
DON_64112,VOL_10930,50.0,2025-10-30
DON_64113,VOL_10930,50.0,2025-11-06
DON_64114,VOL_10930,100.0,2025-11-09
DON_64115,VOL_10930,25.0,2025-11-23
DON_64116,VOL_10930,100.0,2025-11-23
DON_64117,VOL_10930,25.0,2025-11-30
DON_64118,VOL_10930,10.0,2025-12-28
DON_64119,VOL_10930,100.0,2026-01-04
DON_64120,VOL_10930,25.0,2026-01-15
DON_64121,VOL_10930,25.0,2026-02-12
DON_64122,VOL_10930,25.0,2026-02-15
DON_64123,VOL_10930,25.0,2026-02-26
DON_64124,VOL_10930,25.0,2026-03-01
DON_64125,VOL_10930,50.0,2026-03-26
DON_64126,VOL_10930,10.0,2026-03-29
DON_64127,VOL_10931,25.0,2025-11-16
DON_64128,VOL_10931,25.0,2025-11-27
DON_64129,VOL_10931,10.0,2025-11-27
DON_64130,VOL_10931,50.0,2025-12-14
DON_64131,VOL_10931,25.0,2026-01-18
DON_64132,VOL_10931,10.0,2026-01-22
DON_64133,VOL_10931,100.0,2026-02-01
DON_64134,VOL_10931,10.0,2026-02-05
DON_64135,VOL_10931,10.0,2026-03-15
DON_64136,VOL_10931,10.0,2026-03-19
DON_64137,VOL_10931,25.0,2026-03-19
DON_64138,VOL_10931,25.0,2026-04-05
DON_64139,VOL_10932,100.0,2025-03-27
DON_64140,VOL_10932,100.0,2025-04-13
DON_64141,VOL_10932,10.0,2025-04-17
DON_64142,VOL_10932,50.0,2025-04-17
DON_64143,VOL_10932,10.0,2025-05-01
DON_64144,VOL_10932,10.0,2025-05-08
DON_64145,VOL_10932,100.0,2025-05-15
DON_64146,VOL_10932,10.0,2025-06-01
DON_64147,VOL_10932,25.0,2025-06-05
DON_64148,VOL_10932,10.0,2025-06-05
DON_64149,VOL_10932,25.0,2025-07-03
DON_64150,VOL_10932,25.0,2025-07-06
DON_64151,VOL_10932,25.0,2025-07-31
DON_64152,VOL_10932,10.0,2025-08-14
DON_64153,VOL_10932,10.0,2025-08-17
DON_64154,VOL_10932,10.0,2025-09-21
DON_64155,VOL_10932,50.0,2025-10-02
DON_64156,VOL_10932,100.0,2025-11-09
DON_64157,VOL_10932,10.0,2025-11-13
DON_64158,VOL_10932,50.0,2025-11-16
DON_64159,VOL_10932,25.0,2025-11-23
DON_64160,VOL_10932,10.0,2025-11-27
DON_64161,VOL_10932,100.0,2026-01-08
DON_64162,VOL_10932,10.0,2026-01-15
DON_64163,VOL_10932,50.0,2026-02-01
DON_64164,VOL_10932,10.0,2026-02-22
DON_64165,VOL_10932,10.0,2026-03-05
DON_64166,VOL_10932,25.0,2026-03-12
DON_64167,VOL_10932,25.0,2026-04-16
DON_64168,VOL_10933,10.0,2025-03-13
DON_64169,VOL_10933,10.0,2025-03-16
DON_64170,VOL_10933,10.0,2025-04-10
DON_64171,VOL_10933,10.0,2025-04-17
DON_64172,VOL_10933,100.0,2025-04-17
DON_64173,VOL_10933,25.0,2025-05-29
DON_64174,VOL_10933,25.0,2025-06-19
DON_64175,VOL_10933,10.0,2025-06-26
DON_64176,VOL_10933,50.0,2025-06-29
DON_64177,VOL_10933,25.0,2025-08-10
DON_64178,VOL_10933,10.0,2025-08-17
DON_64179,VOL_10933,10.0,2025-08-31
DON_64180,VOL_10933,10.0,2025-10-02
DON_64181,VOL_10933,50.0,2025-10-05
DON_64182,VOL_10933,50.0,2025-11-09
DON_64183,VOL_10933,10.0,2025-11-13
DON_64184,VOL_10933,50.0,2025-11-23
DON_64185,VOL_10933,10.0,2025-11-23
DON_64186,VOL_10933,100.0,2026-01-15
DON_64187,VOL_10933,50.0,2026-01-15
DON_64188,VOL_10933,50.0,2026-01-15
DON_64189,VOL_10933,25.0,2026-01-25
DON_64190,VOL_10933,25.0,2026-02-01
DON_64191,VOL_10933,25.0,2026-02-22
DON_64192,VOL_10933,10.0,2026-03-08
DON_64193,VOL_10933,50.0,2026-03-15
DON_64194,VOL_10933,10.0,2026-03-19
DON_64195,VOL_10933,25.0,2026-03-29
DON_64196,VOL_10933,100.0,2026-04-16
DON_64197,VOL_10934,25.0,2025-08-31
DON_64198,VOL_10934,25.0,2025-10-16
DON_64199,VOL_10934,25.0,2025-10-19
DON_64200,VOL_10934,10.0,2025-11-06
DON_64201,VOL_10934,10.0,2025-11-13
DON_64202,VOL_10934,10.0,2025-11-20
DON_64203,VOL_10934,10.0,2025-11-27
DON_64204,VOL_10934,10.0,2025-11-30
DON_64205,VOL_10934,25.0,2025-12-07
DON_64206,VOL_10934,25.0,2025-12-07
DON_64207,VOL_10934,25.0,2025-12-07
DON_64208,VOL_10934,50.0,2025-12-18
DON_64209,VOL_10934,10.0,2025-12-21
DON_64210,VOL_10934,25.0,2026-01-29
DON_64211,VOL_10934,10.0,2026-02-01
DON_64212,VOL_10934,10.0,2026-02-05
DON_64213,VOL_10934,50.0,2026-03-08
DON_64214,VOL_10934,10.0,2026-03-12
DON_64215,VOL_10934,50.0,2026-03-15
DON_64216,VOL_10934,10.0,2026-04-09
DON_64217,VOL_10934,25.0,2026-04-23
DON_64218,VOL_10934,10.0,2026-04-26
DON_64219,VOL_10935,25.0,2026-02-19
DON_64220,VOL_10935,50.0,2026-03-12
DON_64221,VOL_10935,10.0,2026-03-12
DON_64222,VOL_10935,10.0,2026-03-29
DON_64223,VOL_10935,25.0,2026-03-29
DON_64224,VOL_10935,50.0,2026-04-02
DON_64225,VOL_10935,50.0,2026-04-02
DON_64226,VOL_10935,50.0,2026-04-09
DON_64227,VOL_10935,25.0,2026-04-16
DON_64228,VOL_10935,10.0,2026-04-26
DON_64229,VOL_10935,10.0,2026-04-26
DON_64230,VOL_10935,10.0,2026-04-30
DON_64231,VOL_10937,50.0,2026-02-19
DON_64232,VOL_10937,100.0,2026-03-05
DON_64233,VOL_10937,50.0,2026-04-19
DON_64234,VOL_10939,10.0,2025-05-18
DON_64235,VOL_10939,100.0,2025-06-01
DON_64236,VOL_10939,25.0,2025-06-12
DON_64237,VOL_10939,10.0,2025-06-15
DON_64238,VOL_10939,10.0,2025-06-22
DON_64239,VOL_10939,10.0,2025-06-22
DON_64240,VOL_10939,10.0,2025-07-03
DON_64241,VOL_10939,10.0,2025-07-13
DON_64242,VOL_10939,25.0,2025-07-24
DON_64243,VOL_10939,25.0,2025-07-31
DON_64244,VOL_10939,25.0,2025-08-10
DON_64245,VOL_10939,10.0,2025-08-10
DON_64246,VOL_10939,25.0,2025-08-24
DON_64247,VOL_10939,25.0,2025-09-04
DON_64248,VOL_10939,50.0,2025-10-02
DON_64249,VOL_10939,100.0,2025-10-12
DON_64250,VOL_10939,25.0,2025-10-19
DON_64251,VOL_10939,10.0,2025-10-26
DON_64252,VOL_10939,50.0,2025-11-06
DON_64253,VOL_10939,100.0,2025-11-13
DON_64254,VOL_10939,100.0,2025-11-27
DON_64255,VOL_10939,10.0,2025-12-04
DON_64256,VOL_10939,50.0,2025-12-11
DON_64257,VOL_10939,10.0,2025-12-18
DON_64258,VOL_10939,25.0,2025-12-18
DON_64259,VOL_10939,10.0,2026-01-01
DON_64260,VOL_10939,25.0,2026-01-04
DON_64261,VOL_10939,10.0,2026-01-08
DON_64262,VOL_10939,25.0,2026-02-12
DON_64263,VOL_10939,25.0,2026-02-22
DON_64264,VOL_10939,25.0,2026-03-12
DON_64265,VOL_10939,25.0,2026-04-23
DON_64266,VOL_10939,25.0,2026-04-30
DON_64267,VOL_10940,10.0,2026-01-15
DON_64268,VOL_10940,25.0,2026-01-18
DON_64269,VOL_10940,25.0,2026-01-22
DON_64270,VOL_10940,25.0,2026-03-05
DON_64271,VOL_10940,25.0,2026-03-12
DON_64272,VOL_10940,10.0,2026-03-15
DON_64273,VOL_10940,10.0,2026-04-02
DON_64274,VOL_10940,50.0,2026-04-09
DON_64275,VOL_10940,10.0,2026-04-23
DON_64276,VOL_10941,10.0,2025-08-03
DON_64277,VOL_10942,10.0,2026-01-08
DON_64278,VOL_10942,10.0,2026-02-05
DON_64279,VOL_10942,10.0,2026-02-05
DON_64280,VOL_10942,25.0,2026-02-19
DON_64281,VOL_10942,50.0,2026-02-26
DON_64282,VOL_10942,25.0,2026-02-26
DON_64283,VOL_10942,10.0,2026-03-26
DON_64284,VOL_10942,10.0,2026-03-29
DON_64285,VOL_10942,10.0,2026-04-23
DON_64286,VOL_10943,25.0,2025-11-16
DON_64287,VOL_10943,100.0,2025-11-20
DON_64288,VOL_10943,50.0,2025-11-30
DON_64289,VOL_10943,10.0,2025-12-25
DON_64290,VOL_10943,100.0,2025-12-25
DON_64291,VOL_10943,50.0,2026-01-22
DON_64292,VOL_10943,10.0,2026-01-29
DON_64293,VOL_10943,100.0,2026-02-26
DON_64294,VOL_10943,10.0,2026-03-05
DON_64295,VOL_10943,25.0,2026-03-12
DON_64296,VOL_10943,100.0,2026-03-15
DON_64297,VOL_10943,10.0,2026-03-19
DON_64298,VOL_10943,10.0,2026-03-19
DON_64299,VOL_10943,100.0,2026-04-12
DON_64300,VOL_10943,10.0,2026-04-19
DON_64301,VOL_10943,10.0,2026-04-23
DON_64302,VOL_10943,50.0,2026-04-30
DON_64303,VOL_10943,10.0,2026-04-30
DON_64304,VOL_10944,10.0,2025-05-29
DON_64305,VOL_10944,50.0,2025-06-01
DON_64306,VOL_10944,10.0,2025-06-12
DON_64307,VOL_10944,25.0,2025-06-29
DON_64308,VOL_10944,50.0,2025-08-17
DON_64309,VOL_10944,10.0,2025-09-04
DON_64310,VOL_10944,10.0,2025-09-21
DON_64311,VOL_10944,25.0,2025-10-19
DON_64312,VOL_10944,25.0,2025-11-02
DON_64313,VOL_10944,25.0,2025-11-13
DON_64314,VOL_10944,10.0,2025-11-13
DON_64315,VOL_10944,10.0,2025-12-07
DON_64316,VOL_10944,25.0,2026-01-25
DON_64317,VOL_10944,100.0,2026-02-15
DON_64318,VOL_10944,50.0,2026-03-05
DON_64319,VOL_10944,100.0,2026-03-12
DON_64320,VOL_10944,25.0,2026-03-12
DON_64321,VOL_10944,10.0,2026-03-19
DON_64322,VOL_10944,50.0,2026-03-26
DON_64323,VOL_10944,25.0,2026-04-09
DON_64324,VOL_10944,10.0,2026-04-30
DON_64325,VOL_10945,10.0,2025-02-20
DON_64326,VOL_10945,50.0,2025-02-23
DON_64327,VOL_10945,50.0,2025-02-23
DON_64328,VOL_10945,25.0,2025-03-09
DON_64329,VOL_10945,10.0,2025-03-30
DON_64330,VOL_10945,50.0,2025-04-03
DON_64331,VOL_10945,25.0,2025-04-03
DON_64332,VOL_10945,10.0,2025-04-10
DON_64333,VOL_10945,25.0,2025-04-13
DON_64334,VOL_10945,10.0,2025-05-15
DON_64335,VOL_10945,50.0,2025-05-18
DON_64336,VOL_10945,25.0,2025-05-22
DON_64337,VOL_10945,10.0,2025-05-25
DON_64338,VOL_10945,50.0,2025-07-24
DON_64339,VOL_10945,10.0,2025-08-14
DON_64340,VOL_10945,10.0,2025-08-14
DON_64341,VOL_10945,100.0,2025-08-17
DON_64342,VOL_10945,10.0,2025-08-24
DON_64343,VOL_10945,25.0,2025-08-28
DON_64344,VOL_10945,25.0,2025-09-28
DON_64345,VOL_10945,10.0,2025-10-19
DON_64346,VOL_10945,50.0,2025-10-26
DON_64347,VOL_10945,25.0,2025-11-02
DON_64348,VOL_10945,25.0,2025-11-13
DON_64349,VOL_10945,10.0,2025-11-16
DON_64350,VOL_10945,25.0,2025-11-23
DON_64351,VOL_10945,10.0,2025-12-18
DON_64352,VOL_10945,100.0,2025-12-28
DON_64353,VOL_10945,10.0,2026-01-04
DON_64354,VOL_10945,25.0,2026-01-15
DON_64355,VOL_10945,10.0,2026-01-25
DON_64356,VOL_10945,10.0,2026-02-08
DON_64357,VOL_10945,10.0,2026-02-08
DON_64358,VOL_10945,25.0,2026-02-12
DON_64359,VOL_10945,25.0,2026-02-26
DON_64360,VOL_10945,50.0,2026-03-05
DON_64361,VOL_10945,10.0,2026-04-26
DON_64362,VOL_10945,10.0,2026-04-26
DON_64363,VOL_10946,10.0,2026-02-19
DON_64364,VOL_10946,100.0,2026-02-26
DON_64365,VOL_10946,10.0,2026-03-01
DON_64366,VOL_10946,10.0,2026-03-05
DON_64367,VOL_10946,50.0,2026-04-09
DON_64368,VOL_10946,25.0,2026-04-16
DON_64369,VOL_10946,50.0,2026-04-16
DON_64370,VOL_10946,25.0,2026-04-16
DON_64371,VOL_10946,10.0,2026-04-30
DON_64372,VOL_10947,50.0,2025-03-02
DON_64373,VOL_10947,50.0,2025-03-13
DON_64374,VOL_10947,100.0,2025-03-20
DON_64375,VOL_10947,50.0,2025-04-03
DON_64376,VOL_10947,25.0,2025-04-27
DON_64377,VOL_10947,25.0,2025-05-08
DON_64378,VOL_10947,100.0,2025-05-25
DON_64379,VOL_10947,10.0,2025-06-01
DON_64380,VOL_10947,25.0,2025-06-05
DON_64381,VOL_10947,25.0,2025-06-26
DON_64382,VOL_10947,50.0,2025-08-07
DON_64383,VOL_10947,50.0,2025-10-02
DON_64384,VOL_10947,10.0,2025-10-12
DON_64385,VOL_10947,25.0,2025-10-23
DON_64386,VOL_10947,100.0,2025-10-23
DON_64387,VOL_10947,25.0,2025-11-06
DON_64388,VOL_10947,100.0,2025-11-16
DON_64389,VOL_10947,10.0,2025-11-16
DON_64390,VOL_10947,25.0,2025-11-20
DON_64391,VOL_10947,10.0,2025-11-27
DON_64392,VOL_10947,50.0,2025-12-04
DON_64393,VOL_10947,50.0,2025-12-21
DON_64394,VOL_10947,10.0,2026-01-18
DON_64395,VOL_10947,25.0,2026-02-26
DON_64396,VOL_10947,50.0,2026-04-09
DON_64397,VOL_10947,50.0,2026-04-16
DON_64398,VOL_10947,10.0,2026-04-30
DON_64399,VOL_10948,10.0,2026-02-26
DON_64400,VOL_10948,25.0,2026-03-05
DON_64401,VOL_10950,10.0,2025-11-30
DON_64402,VOL_10950,100.0,2025-12-07
DON_64403,VOL_10950,50.0,2025-12-07
DON_64404,VOL_10950,25.0,2025-12-11
DON_64405,VOL_10950,25.0,2025-12-11
DON_64406,VOL_10950,25.0,2025-12-18
DON_64407,VOL_10950,10.0,2026-01-04
DON_64408,VOL_10950,100.0,2026-01-18
DON_64409,VOL_10950,25.0,2026-01-29
DON_64410,VOL_10950,50.0,2026-02-26
DON_64411,VOL_10950,25.0,2026-03-05
DON_64412,VOL_10950,10.0,2026-03-12
DON_64413,VOL_10950,25.0,2026-03-12
DON_64414,VOL_10950,25.0,2026-03-26
DON_64415,VOL_10950,10.0,2026-04-05
DON_64416,VOL_10950,10.0,2026-04-23
DON_64417,VOL_10952,10.0,2026-02-26
DON_64418,VOL_10952,50.0,2026-03-05
DON_64419,VOL_10953,10.0,2026-01-22
DON_64420,VOL_10953,10.0,2026-02-08
DON_64421,VOL_10953,10.0,2026-03-15
DON_64422,VOL_10953,50.0,2026-03-19
DON_64423,VOL_10953,25.0,2026-04-02
DON_64424,VOL_10953,25.0,2026-04-09
DON_64425,VOL_10953,10.0,2026-04-19
DON_64426,VOL_10953,100.0,2026-04-26
DON_64427,VOL_10954,25.0,2025-07-03
DON_64428,VOL_10954,10.0,2025-07-17
DON_64429,VOL_10955,25.0,2026-01-18
DON_64430,VOL_10955,25.0,2026-01-22
DON_64431,VOL_10955,50.0,2026-01-29
DON_64432,VOL_10955,10.0,2026-02-05
DON_64433,VOL_10955,10.0,2026-02-26
DON_64434,VOL_10955,25.0,2026-03-08
DON_64435,VOL_10955,10.0,2026-03-19
DON_64436,VOL_10955,10.0,2026-03-22
DON_64437,VOL_10955,25.0,2026-04-26
DON_64438,VOL_10955,25.0,2026-04-26
DON_64439,VOL_10956,10.0,2025-01-09
DON_64440,VOL_10956,10.0,2025-01-12
DON_64441,VOL_10956,10.0,2025-02-16
DON_64442,VOL_10956,10.0,2025-02-23
DON_64443,VOL_10956,50.0,2025-02-27
DON_64444,VOL_10956,10.0,2025-03-09
DON_64445,VOL_10956,100.0,2025-03-20
DON_64446,VOL_10956,100.0,2025-03-23
DON_64447,VOL_10956,25.0,2025-05-18
DON_64448,VOL_10956,25.0,2025-06-01
DON_64449,VOL_10956,10.0,2025-06-12
DON_64450,VOL_10956,10.0,2025-07-10
DON_64451,VOL_10956,10.0,2025-07-20
DON_64452,VOL_10956,100.0,2025-08-10
DON_64453,VOL_10956,10.0,2025-08-10
DON_64454,VOL_10956,50.0,2025-08-14
DON_64455,VOL_10956,25.0,2025-08-17
DON_64456,VOL_10956,100.0,2025-08-28
DON_64457,VOL_10956,50.0,2025-08-28
DON_64458,VOL_10956,100.0,2025-08-31
DON_64459,VOL_10956,50.0,2025-09-11
DON_64460,VOL_10956,100.0,2025-09-28
DON_64461,VOL_10956,25.0,2025-10-23
DON_64462,VOL_10956,25.0,2025-11-16
DON_64463,VOL_10956,100.0,2025-11-30
DON_64464,VOL_10956,10.0,2026-01-15
DON_64465,VOL_10956,10.0,2026-01-22
DON_64466,VOL_10956,100.0,2026-01-22
DON_64467,VOL_10956,100.0,2026-01-29
DON_64468,VOL_10956,100.0,2026-02-12
DON_64469,VOL_10956,25.0,2026-02-26
DON_64470,VOL_10956,10.0,2026-02-26
DON_64471,VOL_10956,10.0,2026-03-08
DON_64472,VOL_10956,25.0,2026-03-12
DON_64473,VOL_10956,50.0,2026-03-19
DON_64474,VOL_10956,10.0,2026-03-29
DON_64475,VOL_10956,25.0,2026-04-02
DON_64476,VOL_10956,50.0,2026-04-05
DON_64477,VOL_10956,10.0,2026-04-12
DON_64478,VOL_10956,10.0,2026-04-26
DON_64479,VOL_10956,25.0,2026-04-30
DON_64480,VOL_10958,50.0,2025-07-31
DON_64481,VOL_10958,25.0,2025-07-31
DON_64482,VOL_10958,100.0,2025-08-17
DON_64483,VOL_10959,100.0,2025-10-19
DON_64484,VOL_10959,50.0,2025-10-23
DON_64485,VOL_10959,10.0,2025-10-30
DON_64486,VOL_10959,50.0,2025-10-30
DON_64487,VOL_10959,25.0,2025-11-13
DON_64488,VOL_10959,50.0,2025-11-16
DON_64489,VOL_10959,10.0,2025-11-23
DON_64490,VOL_10959,10.0,2025-11-30
DON_64491,VOL_10959,10.0,2026-01-15
DON_64492,VOL_10959,10.0,2026-01-22
DON_64493,VOL_10959,10.0,2026-03-05
DON_64494,VOL_10959,50.0,2026-04-09
DON_64495,VOL_10959,10.0,2026-04-12
DON_64496,VOL_10959,10.0,2026-04-26
DON_64497,VOL_10961,10.0,2025-09-21
DON_64498,VOL_10961,25.0,2025-09-28
DON_64499,VOL_10961,50.0,2025-10-02
DON_64500,VOL_10961,25.0,2025-10-19
DON_64501,VOL_10961,50.0,2025-11-16
DON_64502,VOL_10961,25.0,2025-11-20
DON_64503,VOL_10961,100.0,2025-11-23
DON_64504,VOL_10961,50.0,2025-12-07
DON_64505,VOL_10961,50.0,2026-01-15
DON_64506,VOL_10961,100.0,2026-01-22
DON_64507,VOL_10961,10.0,2026-01-29
DON_64508,VOL_10961,50.0,2026-02-01
DON_64509,VOL_10961,10.0,2026-02-26
DON_64510,VOL_10961,10.0,2026-02-26
DON_64511,VOL_10961,10.0,2026-03-05
DON_64512,VOL_10961,50.0,2026-03-12
DON_64513,VOL_10961,10.0,2026-03-26
DON_64514,VOL_10961,25.0,2026-04-19
DON_64515,VOL_10961,10.0,2026-04-23
DON_64516,VOL_10961,50.0,2026-04-30
DON_64517,VOL_10963,25.0,2026-02-05
DON_64518,VOL_10963,50.0,2026-02-12
DON_64519,VOL_10963,10.0,2026-02-19
DON_64520,VOL_10963,50.0,2026-02-19
DON_64521,VOL_10963,50.0,2026-03-05
DON_64522,VOL_10963,25.0,2026-03-12
DON_64523,VOL_10963,10.0,2026-03-26
DON_64524,VOL_10963,50.0,2026-04-02
DON_64525,VOL_10963,10.0,2026-04-09
DON_64526,VOL_10963,25.0,2026-04-26
DON_64527,VOL_10964,10.0,2025-03-02
DON_64528,VOL_10964,10.0,2025-03-13
DON_64529,VOL_10964,10.0,2025-03-16
DON_64530,VOL_10964,10.0,2025-04-17
DON_64531,VOL_10964,25.0,2025-05-08
DON_64532,VOL_10964,100.0,2025-05-11
DON_64533,VOL_10964,25.0,2025-06-22
DON_64534,VOL_10964,25.0,2025-07-10
DON_64535,VOL_10964,25.0,2025-07-20
DON_64536,VOL_10964,10.0,2025-08-10
DON_64537,VOL_10964,25.0,2025-08-17
DON_64538,VOL_10964,10.0,2025-08-21
DON_64539,VOL_10964,100.0,2025-08-24
DON_64540,VOL_10964,50.0,2025-09-21
DON_64541,VOL_10964,10.0,2025-09-25
DON_64542,VOL_10964,50.0,2025-09-28
DON_64543,VOL_10964,50.0,2025-10-19
DON_64544,VOL_10964,100.0,2025-10-23
DON_64545,VOL_10964,10.0,2025-10-23
DON_64546,VOL_10964,10.0,2025-10-26
DON_64547,VOL_10964,50.0,2025-10-30
DON_64548,VOL_10964,10.0,2025-10-30
DON_64549,VOL_10964,100.0,2025-10-30
DON_64550,VOL_10964,10.0,2025-11-27
DON_64551,VOL_10964,25.0,2025-12-04
DON_64552,VOL_10964,50.0,2025-12-11
DON_64553,VOL_10964,25.0,2025-12-14
DON_64554,VOL_10964,10.0,2025-12-18
DON_64555,VOL_10964,25.0,2025-12-21
DON_64556,VOL_10964,25.0,2025-12-25
DON_64557,VOL_10964,25.0,2026-01-15
DON_64558,VOL_10964,50.0,2026-02-01
DON_64559,VOL_10964,25.0,2026-02-15
DON_64560,VOL_10964,10.0,2026-03-01
DON_64561,VOL_10964,50.0,2026-03-08
DON_64562,VOL_10964,10.0,2026-03-29
DON_64563,VOL_10964,25.0,2026-04-09
DON_64564,VOL_10964,25.0,2026-04-09
DON_64565,VOL_10964,10.0,2026-04-23
DON_64566,VOL_10964,10.0,2026-04-30
DON_64567,VOL_10965,10.0,2025-04-17
DON_64568,VOL_10965,50.0,2025-05-01
DON_64569,VOL_10966,10.0,2025-02-23
DON_64570,VOL_10966,50.0,2025-03-09
DON_64571,VOL_10966,10.0,2025-03-13
DON_64572,VOL_10966,25.0,2025-03-27
DON_64573,VOL_10966,25.0,2025-04-24
DON_64574,VOL_10966,100.0,2025-05-18
DON_64575,VOL_10966,10.0,2025-05-18
DON_64576,VOL_10966,25.0,2025-06-19
DON_64577,VOL_10966,50.0,2025-06-19
DON_64578,VOL_10966,100.0,2025-06-19
DON_64579,VOL_10966,100.0,2025-07-13
DON_64580,VOL_10966,25.0,2025-07-17
DON_64581,VOL_10966,100.0,2025-07-17
DON_64582,VOL_10966,10.0,2025-08-14
DON_64583,VOL_10966,10.0,2025-08-24
DON_64584,VOL_10966,10.0,2025-09-04
DON_64585,VOL_10966,10.0,2025-09-11
DON_64586,VOL_10966,25.0,2025-10-02
DON_64587,VOL_10966,25.0,2025-10-16
DON_64588,VOL_10966,25.0,2025-10-26
DON_64589,VOL_10966,25.0,2025-11-16
DON_64590,VOL_10966,25.0,2025-11-20
DON_64591,VOL_10966,10.0,2025-12-04
DON_64592,VOL_10966,50.0,2025-12-14
DON_64593,VOL_10966,50.0,2026-01-04
DON_64594,VOL_10966,10.0,2026-01-11
DON_64595,VOL_10966,25.0,2026-02-05
DON_64596,VOL_10966,100.0,2026-02-19
DON_64597,VOL_10966,25.0,2026-02-22
DON_64598,VOL_10966,25.0,2026-03-05
DON_64599,VOL_10966,50.0,2026-03-19
DON_64600,VOL_10966,50.0,2026-04-02
DON_64601,VOL_10966,25.0,2026-04-09
DON_64602,VOL_10966,10.0,2026-04-26
DON_64603,VOL_10967,25.0,2026-01-22
DON_64604,VOL_10967,10.0,2026-01-22
DON_64605,VOL_10967,10.0,2026-01-29
DON_64606,VOL_10967,25.0,2026-02-08
DON_64607,VOL_10967,10.0,2026-02-22
DON_64608,VOL_10967,25.0,2026-02-26
DON_64609,VOL_10967,25.0,2026-02-26
DON_64610,VOL_10967,10.0,2026-03-15
DON_64611,VOL_10967,25.0,2026-03-29
DON_64612,VOL_10967,25.0,2026-04-09
DON_64613,VOL_10967,25.0,2026-04-12
DON_64614,VOL_10968,100.0,2025-09-25
DON_64615,VOL_10968,25.0,2025-10-05
DON_64616,VOL_10968,25.0,2025-10-12
DON_64617,VOL_10968,50.0,2025-10-23
DON_64618,VOL_10968,50.0,2025-10-30
DON_64619,VOL_10968,10.0,2025-11-02
DON_64620,VOL_10968,25.0,2025-11-16
DON_64621,VOL_10968,25.0,2025-11-27
DON_64622,VOL_10968,25.0,2025-12-18
DON_64623,VOL_10968,25.0,2025-12-25
DON_64624,VOL_10968,25.0,2025-12-28
DON_64625,VOL_10968,10.0,2025-12-28
DON_64626,VOL_10968,25.0,2026-01-08
DON_64627,VOL_10968,10.0,2026-02-08
DON_64628,VOL_10968,25.0,2026-02-22
DON_64629,VOL_10968,50.0,2026-03-05
DON_64630,VOL_10968,10.0,2026-03-22
DON_64631,VOL_10968,10.0,2026-03-29
DON_64632,VOL_10968,25.0,2026-03-29
DON_64633,VOL_10969,10.0,2026-01-29
DON_64634,VOL_10969,10.0,2026-02-05
DON_64635,VOL_10969,100.0,2026-02-12
DON_64636,VOL_10969,10.0,2026-03-15
DON_64637,VOL_10969,50.0,2026-04-09
DON_64638,VOL_10970,100.0,2025-04-06
DON_64639,VOL_10970,50.0,2025-04-17
DON_64640,VOL_10970,50.0,2025-04-24
DON_64641,VOL_10970,25.0,2025-05-01
DON_64642,VOL_10970,100.0,2025-05-01
DON_64643,VOL_10970,25.0,2025-06-19
DON_64644,VOL_10970,25.0,2025-07-03
DON_64645,VOL_10970,50.0,2025-07-13
DON_64646,VOL_10970,25.0,2025-07-17
DON_64647,VOL_10970,10.0,2025-07-24
DON_64648,VOL_10970,10.0,2025-07-27
DON_64649,VOL_10970,10.0,2025-07-31
DON_64650,VOL_10970,25.0,2025-09-14
DON_64651,VOL_10970,25.0,2025-09-25
DON_64652,VOL_10970,10.0,2025-10-23
DON_64653,VOL_10970,10.0,2025-11-02
DON_64654,VOL_10970,10.0,2025-11-02
DON_64655,VOL_10970,50.0,2025-11-06
DON_64656,VOL_10970,10.0,2025-11-30
DON_64657,VOL_10970,10.0,2025-12-04
DON_64658,VOL_10970,25.0,2025-12-25
DON_64659,VOL_10970,10.0,2025-12-28
DON_64660,VOL_10970,25.0,2026-01-08
DON_64661,VOL_10970,50.0,2026-01-25
DON_64662,VOL_10970,25.0,2026-02-15
DON_64663,VOL_10970,10.0,2026-02-19
DON_64664,VOL_10970,25.0,2026-04-09
DON_64665,VOL_10970,50.0,2026-04-16
DON_64666,VOL_10971,100.0,2025-02-02
DON_64667,VOL_10971,10.0,2025-02-20
DON_64668,VOL_10971,50.0,2025-03-23
DON_64669,VOL_10971,10.0,2025-03-27
DON_64670,VOL_10971,10.0,2025-04-10
DON_64671,VOL_10971,25.0,2025-04-27
DON_64672,VOL_10971,25.0,2025-06-15
DON_64673,VOL_10971,25.0,2025-06-19
DON_64674,VOL_10971,25.0,2025-07-13
DON_64675,VOL_10971,10.0,2025-07-17
DON_64676,VOL_10971,10.0,2025-07-24
DON_64677,VOL_10971,10.0,2025-08-14
DON_64678,VOL_10971,10.0,2025-08-17
DON_64679,VOL_10971,25.0,2025-08-31
DON_64680,VOL_10971,50.0,2025-10-16
DON_64681,VOL_10971,10.0,2025-11-02
DON_64682,VOL_10971,10.0,2025-11-02
DON_64683,VOL_10971,50.0,2025-11-06
DON_64684,VOL_10971,100.0,2025-11-06
DON_64685,VOL_10971,10.0,2025-11-16
DON_64686,VOL_10971,10.0,2025-12-04
DON_64687,VOL_10971,100.0,2025-12-04
DON_64688,VOL_10971,100.0,2025-12-07
DON_64689,VOL_10971,25.0,2026-01-15
DON_64690,VOL_10971,10.0,2026-02-05
DON_64691,VOL_10971,10.0,2026-03-05
DON_64692,VOL_10971,25.0,2026-03-05
DON_64693,VOL_10971,25.0,2026-04-05
DON_64694,VOL_10971,25.0,2026-04-16
DON_64695,VOL_10972,10.0,2026-01-18
DON_64696,VOL_10972,10.0,2026-01-22
DON_64697,VOL_10972,50.0,2026-02-08
DON_64698,VOL_10972,25.0,2026-02-08
DON_64699,VOL_10972,50.0,2026-02-12
DON_64700,VOL_10972,10.0,2026-03-08
DON_64701,VOL_10972,10.0,2026-03-29
DON_64702,VOL_10972,10.0,2026-04-05
DON_64703,VOL_10973,25.0,2026-02-08
DON_64704,VOL_10973,100.0,2026-03-05
DON_64705,VOL_10973,10.0,2026-03-05
DON_64706,VOL_10973,25.0,2026-03-15
DON_64707,VOL_10973,10.0,2026-03-22
DON_64708,VOL_10973,25.0,2026-04-16
DON_64709,VOL_10974,10.0,2025-06-01
DON_64710,VOL_10974,25.0,2025-06-08
DON_64711,VOL_10974,25.0,2025-06-15
DON_64712,VOL_10974,100.0,2025-07-03
DON_64713,VOL_10974,10.0,2025-07-31
DON_64714,VOL_10974,25.0,2025-08-14
DON_64715,VOL_10974,25.0,2025-08-28
DON_64716,VOL_10974,10.0,2025-08-31
DON_64717,VOL_10974,25.0,2025-09-21
DON_64718,VOL_10974,10.0,2025-10-23
DON_64719,VOL_10974,50.0,2025-10-26
DON_64720,VOL_10974,10.0,2025-10-30
DON_64721,VOL_10974,25.0,2025-11-09
DON_64722,VOL_10974,25.0,2025-11-09
DON_64723,VOL_10974,25.0,2025-11-16
DON_64724,VOL_10974,50.0,2025-11-27
DON_64725,VOL_10974,25.0,2025-12-04
DON_64726,VOL_10974,10.0,2025-12-21
DON_64727,VOL_10974,25.0,2025-12-25
DON_64728,VOL_10974,25.0,2026-01-29
DON_64729,VOL_10974,50.0,2026-02-08
DON_64730,VOL_10974,10.0,2026-02-15
DON_64731,VOL_10974,25.0,2026-02-26
DON_64732,VOL_10974,50.0,2026-03-05
DON_64733,VOL_10974,25.0,2026-03-05
DON_64734,VOL_10974,25.0,2026-03-12
DON_64735,VOL_10974,50.0,2026-03-29
DON_64736,VOL_10974,25.0,2026-04-19
DON_64737,VOL_10974,10.0,2026-04-26
DON_64738,VOL_10975,10.0,2025-06-29
DON_64739,VOL_10975,25.0,2025-07-06
DON_64740,VOL_10975,25.0,2025-07-17
DON_64741,VOL_10975,10.0,2025-08-07
DON_64742,VOL_10975,25.0,2025-08-14
DON_64743,VOL_10975,50.0,2025-11-06
DON_64744,VOL_10975,25.0,2025-11-20
DON_64745,VOL_10975,10.0,2025-11-23
DON_64746,VOL_10975,10.0,2025-11-30
DON_64747,VOL_10975,10.0,2025-12-11
DON_64748,VOL_10975,10.0,2025-12-21
DON_64749,VOL_10975,25.0,2025-12-21
DON_64750,VOL_10975,10.0,2025-12-28
DON_64751,VOL_10975,25.0,2026-01-18
DON_64752,VOL_10975,10.0,2026-03-15
DON_64753,VOL_10975,25.0,2026-04-05
DON_64754,VOL_10975,25.0,2026-04-12
DON_64755,VOL_10975,10.0,2026-04-12
DON_64756,VOL_10975,25.0,2026-04-19
DON_64757,VOL_10976,25.0,2025-03-16
DON_64758,VOL_10976,25.0,2025-04-17
DON_64759,VOL_10976,25.0,2025-04-24
DON_64760,VOL_10976,50.0,2025-04-27
DON_64761,VOL_10976,10.0,2025-05-08
DON_64762,VOL_10976,25.0,2025-05-25
DON_64763,VOL_10976,25.0,2025-06-01
DON_64764,VOL_10976,25.0,2025-06-15
DON_64765,VOL_10976,25.0,2025-06-29
DON_64766,VOL_10976,100.0,2025-07-06
DON_64767,VOL_10976,50.0,2025-08-03
DON_64768,VOL_10976,100.0,2025-08-03
DON_64769,VOL_10976,10.0,2025-08-24
DON_64770,VOL_10976,25.0,2025-08-31
DON_64771,VOL_10976,50.0,2025-09-14
DON_64772,VOL_10976,10.0,2025-09-25
DON_64773,VOL_10976,10.0,2025-10-19
DON_64774,VOL_10976,50.0,2025-10-19
DON_64775,VOL_10976,50.0,2025-10-30
DON_64776,VOL_10976,10.0,2025-11-09
DON_64777,VOL_10976,10.0,2025-11-20
DON_64778,VOL_10976,25.0,2025-12-11
DON_64779,VOL_10976,50.0,2025-12-28
DON_64780,VOL_10976,50.0,2026-01-01
DON_64781,VOL_10976,25.0,2026-01-29
DON_64782,VOL_10976,25.0,2026-02-12
DON_64783,VOL_10976,25.0,2026-02-19
DON_64784,VOL_10976,50.0,2026-02-26
DON_64785,VOL_10976,25.0,2026-02-26
DON_64786,VOL_10976,25.0,2026-03-19
DON_64787,VOL_10977,10.0,2026-02-12
DON_64788,VOL_10977,10.0,2026-02-12
DON_64789,VOL_10977,25.0,2026-03-05
DON_64790,VOL_10977,25.0,2026-03-19
DON_64791,VOL_10977,10.0,2026-04-09
DON_64792,VOL_10977,10.0,2026-04-09
DON_64793,VOL_10977,25.0,2026-04-19
DON_64794,VOL_10978,25.0,2025-05-11
DON_64795,VOL_10978,50.0,2025-05-15
DON_64796,VOL_10978,10.0,2025-05-29
DON_64797,VOL_10978,50.0,2025-06-29
DON_64798,VOL_10978,100.0,2025-07-17
DON_64799,VOL_10978,100.0,2025-07-24
DON_64800,VOL_10978,10.0,2025-07-31
DON_64801,VOL_10978,10.0,2025-08-07
DON_64802,VOL_10978,10.0,2025-08-10
DON_64803,VOL_10978,10.0,2025-08-17
DON_64804,VOL_10978,10.0,2025-09-04
DON_64805,VOL_10978,50.0,2025-09-25
DON_64806,VOL_10978,25.0,2025-09-28
DON_64807,VOL_10978,50.0,2025-09-28
DON_64808,VOL_10978,10.0,2025-10-23
DON_64809,VOL_10978,10.0,2025-10-30
DON_64810,VOL_10978,10.0,2025-11-23
DON_64811,VOL_10978,25.0,2025-11-23
DON_64812,VOL_10978,10.0,2025-12-14
DON_64813,VOL_10978,25.0,2026-01-11
DON_64814,VOL_10978,100.0,2026-01-15
DON_64815,VOL_10978,10.0,2026-01-29
DON_64816,VOL_10978,100.0,2026-03-01
DON_64817,VOL_10978,25.0,2026-03-12
DON_64818,VOL_10978,100.0,2026-03-15
DON_64819,VOL_10978,100.0,2026-03-19
DON_64820,VOL_10978,25.0,2026-04-02
DON_64821,VOL_10978,50.0,2026-04-19
DON_64822,VOL_10979,10.0,2025-08-03
DON_64823,VOL_10979,25.0,2025-08-17
DON_64824,VOL_10980,50.0,2025-02-13
DON_64825,VOL_10980,10.0,2025-02-16
DON_64826,VOL_10980,10.0,2025-02-27
DON_64827,VOL_10980,10.0,2025-03-16
DON_64828,VOL_10980,25.0,2025-03-20
DON_64829,VOL_10980,25.0,2025-03-20
DON_64830,VOL_10980,25.0,2025-04-03
DON_64831,VOL_10980,10.0,2025-04-03
DON_64832,VOL_10980,25.0,2025-05-29
DON_64833,VOL_10980,100.0,2025-06-22
DON_64834,VOL_10980,10.0,2025-07-10
DON_64835,VOL_10980,25.0,2025-07-17
DON_64836,VOL_10980,10.0,2025-07-31
DON_64837,VOL_10980,10.0,2025-08-03
DON_64838,VOL_10980,100.0,2025-08-10
DON_64839,VOL_10980,25.0,2025-08-31
DON_64840,VOL_10980,50.0,2025-10-16
DON_64841,VOL_10980,100.0,2025-11-02
DON_64842,VOL_10980,25.0,2025-11-23
DON_64843,VOL_10980,50.0,2025-11-23
DON_64844,VOL_10980,25.0,2025-11-23
DON_64845,VOL_10980,10.0,2025-11-27
DON_64846,VOL_10980,10.0,2026-01-01
DON_64847,VOL_10980,25.0,2026-01-04
DON_64848,VOL_10980,10.0,2026-02-15
DON_64849,VOL_10980,50.0,2026-03-22
DON_64850,VOL_10980,10.0,2026-04-02
DON_64851,VOL_10980,50.0,2026-04-02
DON_64852,VOL_10980,25.0,2026-04-16
DON_64853,VOL_10981,10.0,2026-01-18
DON_64854,VOL_10981,50.0,2026-02-08
DON_64855,VOL_10981,50.0,2026-02-26
DON_64856,VOL_10981,10.0,2026-02-26
DON_64857,VOL_10981,10.0,2026-03-05
DON_64858,VOL_10981,50.0,2026-03-12
DON_64859,VOL_10981,25.0,2026-04-02
DON_64860,VOL_10981,25.0,2026-04-02
DON_64861,VOL_10981,10.0,2026-04-09
DON_64862,VOL_10981,25.0,2026-04-12
DON_64863,VOL_10981,25.0,2026-04-23
DON_64864,VOL_10981,25.0,2026-04-26
DON_64865,VOL_10981,25.0,2026-04-30
DON_64866,VOL_10982,25.0,2025-03-23
DON_64867,VOL_10982,25.0,2025-04-10
DON_64868,VOL_10982,25.0,2025-06-15
DON_64869,VOL_10982,10.0,2025-06-19
DON_64870,VOL_10982,10.0,2025-08-14
DON_64871,VOL_10982,25.0,2025-08-24
DON_64872,VOL_10982,25.0,2025-10-05
DON_64873,VOL_10982,50.0,2025-12-07
DON_64874,VOL_10982,10.0,2025-12-11
DON_64875,VOL_10982,50.0,2025-12-14
DON_64876,VOL_10982,50.0,2026-04-30
DON_64877,VOL_10983,10.0,2025-07-24
DON_64878,VOL_10983,10.0,2025-08-17
DON_64879,VOL_10983,50.0,2025-10-16
DON_64880,VOL_10983,10.0,2025-10-19
DON_64881,VOL_10983,10.0,2025-11-23
DON_64882,VOL_10983,100.0,2025-11-30
DON_64883,VOL_10983,100.0,2025-11-30
DON_64884,VOL_10983,25.0,2025-12-07
DON_64885,VOL_10983,25.0,2025-12-07
DON_64886,VOL_10983,10.0,2026-01-04
DON_64887,VOL_10983,25.0,2026-01-15
DON_64888,VOL_10983,50.0,2026-03-15
DON_64889,VOL_10983,50.0,2026-03-15
DON_64890,VOL_10984,25.0,2025-11-06
DON_64891,VOL_10984,10.0,2025-11-06
DON_64892,VOL_10984,50.0,2025-11-09
DON_64893,VOL_10984,10.0,2025-11-09
DON_64894,VOL_10984,25.0,2025-11-13
DON_64895,VOL_10984,25.0,2025-11-13
DON_64896,VOL_10984,100.0,2025-11-27
DON_64897,VOL_10984,50.0,2025-12-04
DON_64898,VOL_10984,10.0,2025-12-04
DON_64899,VOL_10984,25.0,2025-12-11
DON_64900,VOL_10984,10.0,2025-12-14
DON_64901,VOL_10984,10.0,2026-01-22
DON_64902,VOL_10984,10.0,2026-02-05
DON_64903,VOL_10984,10.0,2026-02-05
DON_64904,VOL_10984,10.0,2026-02-22
DON_64905,VOL_10984,10.0,2026-02-22
DON_64906,VOL_10984,100.0,2026-02-26
DON_64907,VOL_10984,25.0,2026-03-05
DON_64908,VOL_10984,10.0,2026-03-08
DON_64909,VOL_10984,25.0,2026-03-15
DON_64910,VOL_10984,25.0,2026-04-16
DON_64911,VOL_10985,50.0,2025-11-16
DON_64912,VOL_10985,25.0,2025-11-27
DON_64913,VOL_10985,25.0,2025-11-27
DON_64914,VOL_10985,50.0,2025-12-25
DON_64915,VOL_10985,10.0,2025-12-28
DON_64916,VOL_10985,50.0,2026-01-22
DON_64917,VOL_10985,100.0,2026-01-22
DON_64918,VOL_10985,10.0,2026-01-29
DON_64919,VOL_10985,50.0,2026-02-01
DON_64920,VOL_10985,100.0,2026-02-05
DON_64921,VOL_10985,10.0,2026-02-05
DON_64922,VOL_10985,50.0,2026-02-19
DON_64923,VOL_10985,10.0,2026-03-12
DON_64924,VOL_10985,25.0,2026-03-22
DON_64925,VOL_10985,25.0,2026-04-23
DON_64926,VOL_10985,10.0,2026-04-23
DON_64927,VOL_10986,25.0,2026-02-08
DON_64928,VOL_10986,10.0,2026-02-19
DON_64929,VOL_10986,50.0,2026-02-22
DON_64930,VOL_10986,10.0,2026-03-05
DON_64931,VOL_10986,25.0,2026-03-08
DON_64932,VOL_10986,50.0,2026-03-19
DON_64933,VOL_10986,100.0,2026-03-26
DON_64934,VOL_10986,50.0,2026-04-09
DON_64935,VOL_10986,10.0,2026-04-16
DON_64936,VOL_10987,25.0,2025-07-03
DON_64937,VOL_10987,25.0,2025-07-13
DON_64938,VOL_10987,25.0,2025-07-27
DON_64939,VOL_10987,10.0,2025-08-14
DON_64940,VOL_10987,100.0,2025-08-14
DON_64941,VOL_10987,10.0,2025-08-24
DON_64942,VOL_10987,10.0,2025-08-28
DON_64943,VOL_10987,25.0,2025-09-14
DON_64944,VOL_10987,10.0,2025-09-28
DON_64945,VOL_10987,10.0,2025-10-02
DON_64946,VOL_10987,25.0,2025-12-04
DON_64947,VOL_10987,25.0,2025-12-04
DON_64948,VOL_10987,25.0,2025-12-18
DON_64949,VOL_10987,10.0,2025-12-21
DON_64950,VOL_10987,100.0,2026-01-04
DON_64951,VOL_10987,25.0,2026-01-22
DON_64952,VOL_10987,50.0,2026-01-22
DON_64953,VOL_10987,10.0,2026-02-01
DON_64954,VOL_10987,25.0,2026-02-08
DON_64955,VOL_10987,10.0,2026-02-26
DON_64956,VOL_10987,10.0,2026-03-08
DON_64957,VOL_10987,50.0,2026-03-12
DON_64958,VOL_10987,100.0,2026-03-15
DON_64959,VOL_10987,25.0,2026-03-19
DON_64960,VOL_10987,100.0,2026-03-26
DON_64961,VOL_10987,10.0,2026-04-26
DON_64962,VOL_10987,10.0,2026-04-30
DON_64963,VOL_10988,25.0,2026-02-19
DON_64964,VOL_10988,50.0,2026-03-01
DON_64965,VOL_10988,10.0,2026-03-29
DON_64966,VOL_10989,100.0,2025-03-16
DON_64967,VOL_10989,10.0,2025-04-13
DON_64968,VOL_10989,100.0,2025-05-01
DON_64969,VOL_10989,25.0,2025-05-08
DON_64970,VOL_10989,10.0,2025-05-11
DON_64971,VOL_10989,50.0,2025-05-29
DON_64972,VOL_10989,10.0,2025-06-12
DON_64973,VOL_10989,25.0,2025-06-15
DON_64974,VOL_10989,50.0,2025-06-19
DON_64975,VOL_10989,100.0,2025-07-03
DON_64976,VOL_10989,50.0,2025-08-03
DON_64977,VOL_10989,100.0,2025-08-24
DON_64978,VOL_10989,10.0,2025-10-02
DON_64979,VOL_10989,100.0,2025-10-19
DON_64980,VOL_10989,10.0,2025-11-09
DON_64981,VOL_10989,25.0,2025-11-13
DON_64982,VOL_10989,10.0,2025-11-16
DON_64983,VOL_10989,10.0,2025-11-30
DON_64984,VOL_10989,10.0,2025-12-07
DON_64985,VOL_10989,10.0,2025-12-11
DON_64986,VOL_10989,10.0,2025-12-28
DON_64987,VOL_10989,25.0,2026-01-01
DON_64988,VOL_10989,50.0,2026-01-11
DON_64989,VOL_10989,25.0,2026-01-15
DON_64990,VOL_10989,10.0,2026-01-22
DON_64991,VOL_10989,10.0,2026-02-08
DON_64992,VOL_10989,10.0,2026-03-08
DON_64993,VOL_10989,50.0,2026-03-15
DON_64994,VOL_10989,10.0,2026-04-12
DON_64995,VOL_10989,100.0,2026-04-30
DON_64996,VOL_10990,100.0,2025-07-20
DON_64997,VOL_10990,50.0,2025-07-20
DON_64998,VOL_10991,25.0,2025-02-23
DON_64999,VOL_10991,50.0,2025-03-20
DON_65000,VOL_10991,10.0,2025-04-24
DON_65001,VOL_10991,25.0,2025-04-27
DON_65002,VOL_10991,50.0,2025-05-08
DON_65003,VOL_10991,50.0,2025-05-22
DON_65004,VOL_10991,25.0,2025-06-19
DON_65005,VOL_10991,10.0,2025-07-20
DON_65006,VOL_10991,10.0,2025-07-31
DON_65007,VOL_10991,25.0,2025-08-10
DON_65008,VOL_10991,100.0,2025-09-21
DON_65009,VOL_10991,10.0,2025-09-28
DON_65010,VOL_10991,25.0,2025-10-16
DON_65011,VOL_10991,100.0,2025-10-23
DON_65012,VOL_10991,10.0,2025-10-30
DON_65013,VOL_10991,25.0,2025-11-06
DON_65014,VOL_10991,50.0,2025-12-18
DON_65015,VOL_10991,25.0,2026-01-01
DON_65016,VOL_10991,25.0,2026-01-08
DON_65017,VOL_10991,100.0,2026-01-15
DON_65018,VOL_10991,25.0,2026-01-18
DON_65019,VOL_10991,25.0,2026-01-22
DON_65020,VOL_10991,50.0,2026-01-22
DON_65021,VOL_10991,100.0,2026-01-25
DON_65022,VOL_10991,50.0,2026-02-19
DON_65023,VOL_10991,10.0,2026-02-26
DON_65024,VOL_10991,25.0,2026-03-29
DON_65025,VOL_10991,25.0,2026-03-29
DON_65026,VOL_10991,10.0,2026-04-16
DON_65027,VOL_10992,10.0,2025-07-31
DON_65028,VOL_10992,25.0,2025-08-03
DON_65029,VOL_10992,10.0,2025-08-14
DON_65030,VOL_10992,10.0,2025-08-24
DON_65031,VOL_10992,25.0,2025-09-11
DON_65032,VOL_10992,50.0,2025-09-28
DON_65033,VOL_10992,50.0,2025-10-05
DON_65034,VOL_10992,100.0,2025-10-16
DON_65035,VOL_10992,50.0,2025-10-26
DON_65036,VOL_10992,25.0,2025-11-09
DON_65037,VOL_10992,10.0,2025-11-16
DON_65038,VOL_10992,25.0,2025-11-16
DON_65039,VOL_10992,25.0,2025-11-30
DON_65040,VOL_10992,25.0,2025-12-04
DON_65041,VOL_10992,25.0,2026-01-15
DON_65042,VOL_10992,10.0,2026-01-18
DON_65043,VOL_10992,50.0,2026-01-18
DON_65044,VOL_10992,50.0,2026-01-25
DON_65045,VOL_10992,25.0,2026-02-08
DON_65046,VOL_10992,50.0,2026-02-15
DON_65047,VOL_10992,10.0,2026-02-26
DON_65048,VOL_10992,25.0,2026-03-01
DON_65049,VOL_10992,10.0,2026-03-05
DON_65050,VOL_10992,50.0,2026-03-12
DON_65051,VOL_10992,10.0,2026-03-26
DON_65052,VOL_10992,25.0,2026-03-29
DON_65053,VOL_10992,10.0,2026-04-09
DON_65054,VOL_10992,10.0,2026-04-23
DON_65055,VOL_10992,10.0,2026-04-26
DON_65056,VOL_10992,50.0,2026-04-30
DON_65057,VOL_10992,25.0,2026-04-30
DON_65058,VOL_10993,50.0,2025-06-26
DON_65059,VOL_10993,50.0,2025-06-26
DON_65060,VOL_10993,25.0,2025-07-17
DON_65061,VOL_10993,10.0,2025-07-31
DON_65062,VOL_10993,25.0,2025-08-07
DON_65063,VOL_10993,25.0,2025-08-24
DON_65064,VOL_10993,25.0,2025-09-21
DON_65065,VOL_10993,10.0,2025-10-16
DON_65066,VOL_10993,50.0,2025-10-19
DON_65067,VOL_10993,10.0,2025-10-23
DON_65068,VOL_10993,25.0,2025-10-26
DON_65069,VOL_10993,50.0,2025-11-06
DON_65070,VOL_10993,10.0,2025-11-16
DON_65071,VOL_10993,25.0,2025-11-27
DON_65072,VOL_10993,25.0,2025-11-30
DON_65073,VOL_10993,50.0,2025-12-18
DON_65074,VOL_10993,10.0,2026-01-08
DON_65075,VOL_10993,25.0,2026-01-22
DON_65076,VOL_10993,10.0,2026-01-22
DON_65077,VOL_10993,25.0,2026-01-25
DON_65078,VOL_10993,100.0,2026-02-22
DON_65079,VOL_10993,50.0,2026-03-01
DON_65080,VOL_10993,50.0,2026-03-01
DON_65081,VOL_10993,25.0,2026-03-05
DON_65082,VOL_10993,10.0,2026-03-12
DON_65083,VOL_10993,25.0,2026-03-26
DON_65084,VOL_10993,100.0,2026-03-29
DON_65085,VOL_10993,25.0,2026-04-09
DON_65086,VOL_10993,10.0,2026-04-12
DON_65087,VOL_10993,10.0,2026-04-19
DON_65088,VOL_10993,50.0,2026-04-19
DON_65089,VOL_10994,10.0,2026-03-05
DON_65090,VOL_10994,25.0,2026-03-15
DON_65091,VOL_10994,25.0,2026-03-19
DON_65092,VOL_10995,10.0,2025-01-19
DON_65093,VOL_10995,10.0,2025-01-26
DON_65094,VOL_10995,10.0,2025-02-13
DON_65095,VOL_10995,50.0,2025-02-16
DON_65096,VOL_10995,10.0,2025-02-20
DON_65097,VOL_10995,25.0,2025-05-01
DON_65098,VOL_10995,100.0,2025-05-08
DON_65099,VOL_10995,25.0,2025-05-11
DON_65100,VOL_10995,25.0,2025-05-18
DON_65101,VOL_10995,10.0,2025-05-25
DON_65102,VOL_10995,25.0,2025-06-15
DON_65103,VOL_10995,100.0,2025-07-17
DON_65104,VOL_10995,10.0,2025-07-20
DON_65105,VOL_10995,10.0,2025-08-10
DON_65106,VOL_10995,25.0,2025-08-10
DON_65107,VOL_10995,50.0,2025-08-28
DON_65108,VOL_10995,25.0,2025-09-28
DON_65109,VOL_10995,10.0,2025-10-02
DON_65110,VOL_10995,10.0,2025-10-12
DON_65111,VOL_10995,10.0,2025-10-23
DON_65112,VOL_10995,50.0,2025-11-23
DON_65113,VOL_10995,10.0,2025-12-18
DON_65114,VOL_10995,10.0,2026-01-01
DON_65115,VOL_10995,50.0,2026-01-04
DON_65116,VOL_10995,10.0,2026-02-22
DON_65117,VOL_10995,25.0,2026-03-15
DON_65118,VOL_10996,10.0,2025-06-19
DON_65119,VOL_10996,100.0,2025-06-26
DON_65120,VOL_10996,100.0,2025-07-24
DON_65121,VOL_10996,10.0,2025-07-27
DON_65122,VOL_10996,50.0,2025-07-31
DON_65123,VOL_10996,10.0,2025-08-07
DON_65124,VOL_10996,10.0,2025-08-10
DON_65125,VOL_10996,25.0,2025-09-11
DON_65126,VOL_10996,50.0,2025-09-28
DON_65127,VOL_10996,100.0,2025-10-05
DON_65128,VOL_10996,25.0,2025-11-13
DON_65129,VOL_10996,25.0,2025-11-20
DON_65130,VOL_10996,25.0,2025-11-23
DON_65131,VOL_10996,25.0,2025-11-23
DON_65132,VOL_10996,50.0,2025-11-30
DON_65133,VOL_10996,25.0,2025-12-11
DON_65134,VOL_10996,10.0,2026-01-04
DON_65135,VOL_10996,10.0,2026-01-18
DON_65136,VOL_10996,10.0,2026-01-29
DON_65137,VOL_10996,10.0,2026-02-22
DON_65138,VOL_10996,10.0,2026-03-05
DON_65139,VOL_10996,50.0,2026-03-12
DON_65140,VOL_10996,10.0,2026-03-12
DON_65141,VOL_10996,10.0,2026-03-15
DON_65142,VOL_10996,25.0,2026-03-19
DON_65143,VOL_10996,10.0,2026-03-29
DON_65144,VOL_10996,10.0,2026-04-26
DON_65145,VOL_10996,25.0,2026-04-30
DON_65146,VOL_10997,50.0,2025-07-17
DON_65147,VOL_10997,50.0,2025-08-03
DON_65148,VOL_10997,10.0,2025-08-14
DON_65149,VOL_10997,10.0,2025-08-28
DON_65150,VOL_10997,25.0,2025-09-28
DON_65151,VOL_10997,100.0,2025-09-28
DON_65152,VOL_10997,25.0,2025-10-12
DON_65153,VOL_10997,50.0,2025-11-02
DON_65154,VOL_10997,10.0,2025-11-16
DON_65155,VOL_10997,10.0,2025-11-27
DON_65156,VOL_10997,10.0,2025-12-04
DON_65157,VOL_10997,25.0,2025-12-11
DON_65158,VOL_10997,50.0,2025-12-14
DON_65159,VOL_10997,10.0,2025-12-21
DON_65160,VOL_10997,100.0,2026-01-08
DON_65161,VOL_10997,10.0,2026-01-15
DON_65162,VOL_10997,10.0,2026-02-08
DON_65163,VOL_10997,10.0,2026-02-19
DON_65164,VOL_10997,10.0,2026-03-19
DON_65165,VOL_10997,100.0,2026-03-22
DON_65166,VOL_10997,25.0,2026-03-29
DON_65167,VOL_10997,10.0,2026-04-16
DON_65168,VOL_10997,10.0,2026-04-30
DON_65169,VOL_10998,10.0,2026-02-12
DON_65170,VOL_10998,10.0,2026-02-12
DON_65171,VOL_10998,50.0,2026-03-05
DON_65172,VOL_10998,10.0,2026-03-08
DON_65173,VOL_10998,100.0,2026-03-19
DON_65174,VOL_10998,25.0,2026-03-22
DON_65175,VOL_10998,10.0,2026-03-26
DON_65176,VOL_10998,100.0,2026-04-16
DON_65177,VOL_10999,25.0,2026-02-08
DON_65178,VOL_10999,100.0,2026-03-15
DON_65179,VOL_10999,10.0,2026-04-02
DON_65180,VOL_10999,10.0,2026-04-12
DON_65181,VOL_10999,10.0,2026-04-30
DON_65182,VOL_11000,10.0,2025-02-23
DON_65183,VOL_11000,25.0,2025-03-06
DON_65184,VOL_11000,25.0,2025-03-06
DON_65185,VOL_11000,25.0,2025-03-13
DON_65186,VOL_11000,10.0,2025-04-27
DON_65187,VOL_11000,25.0,2025-05-25
DON_65188,VOL_11000,100.0,2025-05-29
DON_65189,VOL_11000,50.0,2025-06-05
DON_65190,VOL_11000,25.0,2025-06-08
DON_65191,VOL_11000,25.0,2025-06-26
DON_65192,VOL_11000,25.0,2025-07-17
DON_65193,VOL_11000,10.0,2025-07-24
DON_65194,VOL_11000,25.0,2025-07-27
DON_65195,VOL_11000,50.0,2025-08-07
DON_65196,VOL_11000,100.0,2025-08-14
DON_65197,VOL_11000,25.0,2025-09-18
DON_65198,VOL_11000,50.0,2025-09-28
DON_65199,VOL_11000,50.0,2025-10-05
DON_65200,VOL_11000,100.0,2025-10-30
DON_65201,VOL_11000,10.0,2025-11-13
DON_65202,VOL_11000,25.0,2025-11-13
DON_65203,VOL_11000,25.0,2025-11-20
DON_65204,VOL_11000,10.0,2025-11-23
DON_65205,VOL_11000,10.0,2025-11-27
DON_65206,VOL_11000,50.0,2025-11-30
DON_65207,VOL_11000,25.0,2025-12-04
DON_65208,VOL_11000,100.0,2025-12-11
DON_65209,VOL_11000,10.0,2025-12-25
DON_65210,VOL_11000,10.0,2026-01-15
DON_65211,VOL_11000,50.0,2026-01-29
DON_65212,VOL_11000,100.0,2026-02-19
DON_65213,VOL_11000,10.0,2026-03-08
DON_65214,VOL_11000,25.0,2026-03-12
DON_65215,VOL_11000,25.0,2026-04-09
DON_65216,VOL_11000,50.0,2026-04-16
DON_65217,VOL_11000,10.0,2026-04-26
DON_65218,VOL_11001,25.0,2025-10-30
DON_65219,VOL_11001,10.0,2025-10-30
DON_65220,VOL_11001,10.0,2025-11-02
DON_65221,VOL_11001,25.0,2025-11-02
DON_65222,VOL_11001,25.0,2025-11-06
DON_65223,VOL_11001,10.0,2025-11-23
DON_65224,VOL_11001,25.0,2025-11-23
DON_65225,VOL_11001,25.0,2025-11-30
DON_65226,VOL_11001,25.0,2025-12-18
DON_65227,VOL_11001,25.0,2026-01-15
DON_65228,VOL_11001,50.0,2026-01-15
DON_65229,VOL_11001,50.0,2026-01-29
DON_65230,VOL_11001,100.0,2026-02-26
DON_65231,VOL_11001,25.0,2026-03-12
DON_65232,VOL_11001,10.0,2026-03-12
DON_65233,VOL_11001,50.0,2026-04-19
DON_65234,VOL_11001,25.0,2026-04-23
DON_65235,VOL_11002,50.0,2025-09-14
DON_65236,VOL_11002,10.0,2025-10-12
DON_65237,VOL_11002,100.0,2025-10-16
DON_65238,VOL_11002,50.0,2025-10-26
DON_65239,VOL_11002,100.0,2025-10-26
DON_65240,VOL_11002,10.0,2025-10-30
DON_65241,VOL_11002,100.0,2025-11-16
DON_65242,VOL_11002,10.0,2025-11-23
DON_65243,VOL_11002,10.0,2025-11-27
DON_65244,VOL_11002,25.0,2025-12-14
DON_65245,VOL_11002,50.0,2025-12-18
DON_65246,VOL_11002,10.0,2025-12-21
DON_65247,VOL_11002,50.0,2025-12-25
DON_65248,VOL_11002,25.0,2026-01-04
DON_65249,VOL_11002,100.0,2026-01-15
DON_65250,VOL_11002,10.0,2026-02-08
DON_65251,VOL_11002,50.0,2026-02-08
DON_65252,VOL_11002,10.0,2026-03-05
DON_65253,VOL_11002,25.0,2026-03-05
DON_65254,VOL_11002,25.0,2026-03-08
DON_65255,VOL_11002,10.0,2026-03-29
DON_65256,VOL_11002,25.0,2026-04-09
DON_65257,VOL_11002,10.0,2026-04-12
DON_65258,VOL_11003,100.0,2026-03-15
DON_65259,VOL_11003,25.0,2026-03-15
DON_65260,VOL_11003,25.0,2026-04-02
DON_65261,VOL_11003,10.0,2026-04-16
DON_65262,VOL_11003,25.0,2026-04-23
DON_65263,VOL_11003,50.0,2026-04-30
DON_65264,VOL_11004,10.0,2025-06-15
DON_65265,VOL_11004,50.0,2025-06-26
DON_65266,VOL_11004,10.0,2025-06-26
DON_65267,VOL_11004,10.0,2025-07-03
DON_65268,VOL_11004,50.0,2025-07-17
DON_65269,VOL_11004,50.0,2025-07-20
DON_65270,VOL_11004,10.0,2025-07-27
DON_65271,VOL_11004,25.0,2025-07-27
DON_65272,VOL_11004,50.0,2025-08-14
DON_65273,VOL_11004,25.0,2025-09-04
DON_65274,VOL_11004,100.0,2025-09-25
DON_65275,VOL_11004,25.0,2025-10-02
DON_65276,VOL_11004,10.0,2025-10-12
DON_65277,VOL_11004,25.0,2025-10-16
DON_65278,VOL_11004,50.0,2025-10-30
DON_65279,VOL_11004,50.0,2025-10-30
DON_65280,VOL_11004,50.0,2025-11-13
DON_65281,VOL_11004,10.0,2025-11-27
DON_65282,VOL_11004,100.0,2025-11-27
DON_65283,VOL_11004,25.0,2025-11-27
DON_65284,VOL_11004,25.0,2025-12-18
DON_65285,VOL_11004,10.0,2025-12-21
DON_65286,VOL_11004,25.0,2026-01-04
DON_65287,VOL_11004,100.0,2026-01-08
DON_65288,VOL_11004,50.0,2026-01-22
DON_65289,VOL_11004,25.0,2026-01-29
DON_65290,VOL_11004,25.0,2026-02-26
DON_65291,VOL_11004,50.0,2026-02-26
DON_65292,VOL_11004,50.0,2026-02-26
DON_65293,VOL_11004,10.0,2026-03-05
DON_65294,VOL_11004,25.0,2026-03-05
DON_65295,VOL_11004,10.0,2026-03-08
DON_65296,VOL_11004,10.0,2026-03-15
DON_65297,VOL_11004,25.0,2026-04-02
DON_65298,VOL_11004,100.0,2026-04-26
DON_65299,VOL_11005,25.0,2025-06-22
DON_65300,VOL_11005,25.0,2025-07-17
DON_65301,VOL_11006,50.0,2025-04-06
DON_65302,VOL_11006,10.0,2025-04-10
DON_65303,VOL_11006,10.0,2025-04-10
DON_65304,VOL_11006,10.0,2025-04-17
DON_65305,VOL_11006,10.0,2025-04-24
DON_65306,VOL_11006,50.0,2025-04-27
DON_65307,VOL_11006,10.0,2025-05-01
DON_65308,VOL_11006,10.0,2025-05-08
DON_65309,VOL_11006,25.0,2025-05-11
DON_65310,VOL_11006,100.0,2025-05-25
DON_65311,VOL_11006,25.0,2025-06-29
DON_65312,VOL_11006,50.0,2025-07-17
DON_65313,VOL_11006,50.0,2025-07-17
DON_65314,VOL_11006,25.0,2025-09-11
DON_65315,VOL_11006,50.0,2025-10-19
DON_65316,VOL_11006,10.0,2025-10-30
DON_65317,VOL_11006,10.0,2025-11-02
DON_65318,VOL_11006,10.0,2025-11-09
DON_65319,VOL_11006,25.0,2025-11-20
DON_65320,VOL_11006,10.0,2025-11-30
DON_65321,VOL_11006,50.0,2025-12-04
DON_65322,VOL_11006,50.0,2025-12-11
DON_65323,VOL_11006,100.0,2025-12-11
DON_65324,VOL_11006,25.0,2025-12-18
DON_65325,VOL_11006,50.0,2025-12-18
DON_65326,VOL_11006,50.0,2025-12-25
DON_65327,VOL_11006,10.0,2026-01-18
DON_65328,VOL_11006,100.0,2026-01-25
DON_65329,VOL_11006,10.0,2026-02-15
DON_65330,VOL_11006,50.0,2026-02-26
DON_65331,VOL_11006,10.0,2026-03-15
DON_65332,VOL_11006,25.0,2026-04-26
DON_65333,VOL_11007,10.0,2025-02-23
DON_65334,VOL_11007,10.0,2025-03-09
DON_65335,VOL_11007,25.0,2025-03-27
DON_65336,VOL_11007,25.0,2025-04-10
DON_65337,VOL_11007,10.0,2025-04-13
DON_65338,VOL_11007,10.0,2025-04-24
DON_65339,VOL_11007,100.0,2025-04-27
DON_65340,VOL_11007,25.0,2025-06-22
DON_65341,VOL_11007,100.0,2025-06-29
DON_65342,VOL_11007,10.0,2025-07-06
DON_65343,VOL_11007,25.0,2025-08-07
DON_65344,VOL_11007,25.0,2025-08-17
DON_65345,VOL_11007,50.0,2025-08-21
DON_65346,VOL_11007,25.0,2025-08-28
DON_65347,VOL_11007,10.0,2025-08-28
DON_65348,VOL_11007,25.0,2025-09-28
DON_65349,VOL_11007,10.0,2025-10-12
DON_65350,VOL_11007,25.0,2025-10-16
DON_65351,VOL_11007,50.0,2025-10-26
DON_65352,VOL_11007,10.0,2025-11-02
DON_65353,VOL_11007,25.0,2025-11-02
DON_65354,VOL_11007,10.0,2025-11-23
DON_65355,VOL_11007,10.0,2025-11-23
DON_65356,VOL_11007,10.0,2025-11-27
DON_65357,VOL_11007,50.0,2025-11-27
DON_65358,VOL_11007,50.0,2025-11-27
DON_65359,VOL_11007,25.0,2025-11-30
DON_65360,VOL_11007,50.0,2025-12-18
DON_65361,VOL_11007,25.0,2026-01-04
DON_65362,VOL_11007,50.0,2026-02-22
DON_65363,VOL_11007,10.0,2026-03-29
DON_65364,VOL_11007,10.0,2026-04-16
DON_65365,VOL_11007,25.0,2026-04-30
DON_65366,VOL_11009,25.0,2025-07-17
DON_65367,VOL_11011,10.0,2025-10-05
DON_65368,VOL_11011,50.0,2025-10-16
DON_65369,VOL_11011,10.0,2025-11-23
DON_65370,VOL_11011,50.0,2025-12-07
DON_65371,VOL_11011,50.0,2025-12-11
DON_65372,VOL_11011,50.0,2025-12-18
DON_65373,VOL_11011,25.0,2026-01-04
DON_65374,VOL_11011,25.0,2026-01-29
DON_65375,VOL_11011,10.0,2026-02-08
DON_65376,VOL_11011,50.0,2026-03-05
DON_65377,VOL_11011,25.0,2026-03-05
DON_65378,VOL_11011,10.0,2026-03-12
DON_65379,VOL_11011,10.0,2026-03-15
DON_65380,VOL_11011,10.0,2026-03-15
DON_65381,VOL_11011,100.0,2026-03-19
DON_65382,VOL_11011,50.0,2026-03-19
DON_65383,VOL_11011,50.0,2026-03-29
DON_65384,VOL_11011,50.0,2026-04-09
DON_65385,VOL_11011,10.0,2026-04-09
DON_65386,VOL_11012,25.0,2025-09-14
DON_65387,VOL_11012,10.0,2025-10-12
DON_65388,VOL_11012,10.0,2025-10-19
DON_65389,VOL_11012,50.0,2025-10-23
DON_65390,VOL_11012,10.0,2025-10-26
DON_65391,VOL_11012,10.0,2025-11-09
DON_65392,VOL_11012,50.0,2025-11-16
DON_65393,VOL_11012,25.0,2025-11-20
DON_65394,VOL_11012,10.0,2025-12-14
DON_65395,VOL_11012,10.0,2026-01-04
DON_65396,VOL_11012,100.0,2026-01-29
DON_65397,VOL_11012,10.0,2026-02-15
DON_65398,VOL_11012,50.0,2026-02-26
DON_65399,VOL_11012,10.0,2026-03-19
DON_65400,VOL_11012,10.0,2026-04-09
DON_65401,VOL_11012,10.0,2026-04-12
DON_65402,VOL_11012,10.0,2026-04-23
DON_65403,VOL_11012,10.0,2026-04-26
DON_65404,VOL_11012,100.0,2026-04-30
DON_65405,VOL_11013,10.0,2025-01-16
DON_65406,VOL_11013,10.0,2025-01-16
DON_65407,VOL_11014,25.0,2025-12-18
DON_65408,VOL_11014,25.0,2026-01-04
DON_65409,VOL_11014,25.0,2026-02-22
DON_65410,VOL_11014,25.0,2026-03-08
DON_65411,VOL_11014,10.0,2026-03-12
DON_65412,VOL_11014,100.0,2026-03-15
DON_65413,VOL_11014,50.0,2026-03-26
DON_65414,VOL_11015,25.0,2025-04-27
DON_65415,VOL_11015,10.0,2025-05-08
DON_65416,VOL_11015,50.0,2025-06-15
DON_65417,VOL_11015,10.0,2025-06-26
DON_65418,VOL_11015,25.0,2025-06-29
DON_65419,VOL_11015,100.0,2025-07-10
DON_65420,VOL_11015,25.0,2025-07-31
DON_65421,VOL_11015,100.0,2025-08-07
DON_65422,VOL_11015,10.0,2025-08-10
DON_65423,VOL_11015,10.0,2025-09-21
DON_65424,VOL_11015,10.0,2025-09-28
DON_65425,VOL_11015,25.0,2025-10-02
DON_65426,VOL_11015,10.0,2025-10-23
DON_65427,VOL_11015,10.0,2025-11-02
DON_65428,VOL_11015,10.0,2025-11-23
DON_65429,VOL_11015,50.0,2025-12-25
DON_65430,VOL_11015,50.0,2026-01-08
DON_65431,VOL_11015,25.0,2026-01-15
DON_65432,VOL_11015,25.0,2026-01-15
DON_65433,VOL_11015,25.0,2026-01-18
DON_65434,VOL_11015,25.0,2026-02-08
DON_65435,VOL_11015,50.0,2026-02-12
DON_65436,VOL_11015,10.0,2026-02-19
DON_65437,VOL_11015,25.0,2026-03-29
DON_65438,VOL_11015,10.0,2026-04-02
DON_65439,VOL_11015,10.0,2026-04-16
DON_65440,VOL_11015,50.0,2026-04-16
DON_65441,VOL_11015,10.0,2026-04-26
DON_65442,VOL_11016,25.0,2025-03-20
DON_65443,VOL_11016,10.0,2025-04-03
DON_65444,VOL_11016,10.0,2025-04-03
DON_65445,VOL_11016,10.0,2025-04-06
DON_65446,VOL_11016,50.0,2025-04-06
DON_65447,VOL_11016,10.0,2025-04-17
DON_65448,VOL_11016,25.0,2025-05-11
DON_65449,VOL_11016,25.0,2025-05-18
DON_65450,VOL_11016,25.0,2025-06-05
DON_65451,VOL_11016,10.0,2025-06-15
DON_65452,VOL_11016,25.0,2025-07-03
DON_65453,VOL_11016,10.0,2025-07-17
DON_65454,VOL_11016,100.0,2025-07-24
DON_65455,VOL_11016,25.0,2025-07-31
DON_65456,VOL_11016,10.0,2025-08-03
DON_65457,VOL_11016,100.0,2025-08-31
DON_65458,VOL_11016,10.0,2025-10-16
DON_65459,VOL_11016,50.0,2025-11-23
DON_65460,VOL_11016,10.0,2025-11-27
DON_65461,VOL_11016,25.0,2025-12-04
DON_65462,VOL_11016,25.0,2025-12-07
DON_65463,VOL_11016,25.0,2025-12-07
DON_65464,VOL_11016,25.0,2025-12-11
DON_65465,VOL_11016,10.0,2026-01-08
DON_65466,VOL_11016,25.0,2026-01-18
DON_65467,VOL_11016,100.0,2026-02-05
DON_65468,VOL_11016,25.0,2026-02-15
DON_65469,VOL_11016,25.0,2026-02-19
DON_65470,VOL_11016,10.0,2026-03-12
DON_65471,VOL_11016,10.0,2026-04-16
DON_65472,VOL_11016,100.0,2026-04-19
DON_65473,VOL_11017,25.0,2025-09-21
DON_65474,VOL_11017,25.0,2025-09-25
DON_65475,VOL_11017,100.0,2025-09-28
DON_65476,VOL_11017,10.0,2025-10-05
DON_65477,VOL_11017,25.0,2025-10-16
DON_65478,VOL_11017,10.0,2025-10-23
DON_65479,VOL_11017,50.0,2025-10-26
DON_65480,VOL_11017,100.0,2025-10-26
DON_65481,VOL_11017,10.0,2025-10-30
DON_65482,VOL_11017,50.0,2025-11-09
DON_65483,VOL_11017,25.0,2025-11-09
DON_65484,VOL_11017,10.0,2025-11-23
DON_65485,VOL_11017,25.0,2025-12-04
DON_65486,VOL_11017,100.0,2025-12-11
DON_65487,VOL_11017,50.0,2025-12-14
DON_65488,VOL_11017,10.0,2025-12-21
DON_65489,VOL_11017,25.0,2026-01-08
DON_65490,VOL_11017,10.0,2026-02-05
DON_65491,VOL_11017,100.0,2026-02-08
DON_65492,VOL_11017,10.0,2026-02-19
DON_65493,VOL_11017,50.0,2026-03-05
DON_65494,VOL_11017,10.0,2026-03-12
DON_65495,VOL_11017,25.0,2026-03-12
DON_65496,VOL_11017,25.0,2026-03-15
DON_65497,VOL_11017,10.0,2026-03-26
DON_65498,VOL_11017,25.0,2026-03-29
DON_65499,VOL_11018,25.0,2025-02-02
DON_65500,VOL_11018,10.0,2025-02-06
DON_65501,VOL_11018,10.0,2025-02-20
DON_65502,VOL_11018,25.0,2025-02-20
DON_65503,VOL_11018,10.0,2025-02-23
DON_65504,VOL_11018,10.0,2025-03-02
DON_65505,VOL_11018,10.0,2025-03-09
DON_65506,VOL_11018,100.0,2025-03-20
DON_65507,VOL_11018,10.0,2025-03-23
DON_65508,VOL_11018,50.0,2025-04-03
DON_65509,VOL_11018,25.0,2025-04-06
DON_65510,VOL_11018,10.0,2025-04-13
DON_65511,VOL_11018,50.0,2025-04-17
DON_65512,VOL_11018,10.0,2025-05-15
DON_65513,VOL_11018,50.0,2025-05-22
DON_65514,VOL_11018,10.0,2025-05-25
DON_65515,VOL_11018,25.0,2025-05-29
DON_65516,VOL_11018,25.0,2025-06-01
DON_65517,VOL_11018,10.0,2025-06-05
DON_65518,VOL_11018,10.0,2025-06-19
DON_65519,VOL_11018,50.0,2025-06-26
DON_65520,VOL_11018,10.0,2025-07-20
DON_65521,VOL_11018,100.0,2025-08-14
DON_65522,VOL_11018,25.0,2025-08-24
DON_65523,VOL_11018,10.0,2025-08-31
DON_65524,VOL_11018,10.0,2025-08-31
DON_65525,VOL_11018,25.0,2025-09-11
DON_65526,VOL_11018,10.0,2025-09-11
DON_65527,VOL_11018,10.0,2025-10-23
DON_65528,VOL_11018,50.0,2025-11-09
DON_65529,VOL_11018,50.0,2025-11-13
DON_65530,VOL_11018,50.0,2025-11-16
DON_65531,VOL_11018,10.0,2025-12-18
DON_65532,VOL_11018,25.0,2026-01-04
DON_65533,VOL_11018,10.0,2026-01-04
DON_65534,VOL_11018,25.0,2026-01-15
DON_65535,VOL_11018,50.0,2026-01-18
DON_65536,VOL_11018,10.0,2026-02-12
DON_65537,VOL_11018,25.0,2026-03-05
DON_65538,VOL_11018,25.0,2026-03-19
DON_65539,VOL_11018,10.0,2026-03-19
DON_65540,VOL_11018,100.0,2026-03-29
DON_65541,VOL_11018,50.0,2026-04-09
DON_65542,VOL_11018,10.0,2026-04-16
DON_65543,VOL_11018,10.0,2026-04-19
DON_65544,VOL_11018,25.0,2026-04-30
DON_65545,VOL_11019,50.0,2025-11-27
DON_65546,VOL_11019,10.0,2025-11-30
DON_65547,VOL_11019,10.0,2025-12-04
DON_65548,VOL_11019,100.0,2025-12-11
DON_65549,VOL_11019,10.0,2025-12-14
DON_65550,VOL_11019,25.0,2026-01-22
DON_65551,VOL_11019,10.0,2026-01-22
DON_65552,VOL_11019,25.0,2026-02-01
DON_65553,VOL_11019,25.0,2026-02-05
DON_65554,VOL_11019,50.0,2026-02-08
DON_65555,VOL_11019,25.0,2026-02-08
DON_65556,VOL_11019,25.0,2026-02-19
DON_65557,VOL_11019,10.0,2026-02-19
DON_65558,VOL_11019,10.0,2026-02-22
DON_65559,VOL_11019,10.0,2026-03-08
DON_65560,VOL_11019,25.0,2026-03-19
DON_65561,VOL_11019,100.0,2026-04-02
DON_65562,VOL_11019,100.0,2026-04-23
DON_65563,VOL_11019,10.0,2026-04-23
DON_65564,VOL_11019,50.0,2026-04-26
DON_65565,VOL_11020,50.0,2025-04-20
DON_65566,VOL_11020,100.0,2025-05-01
DON_65567,VOL_11020,10.0,2025-05-01
DON_65568,VOL_11020,25.0,2025-05-11
DON_65569,VOL_11020,50.0,2025-05-25
DON_65570,VOL_11020,25.0,2025-05-25
DON_65571,VOL_11020,25.0,2025-06-01
DON_65572,VOL_11020,25.0,2025-07-10
DON_65573,VOL_11020,10.0,2025-07-20
DON_65574,VOL_11020,25.0,2025-07-31
DON_65575,VOL_11020,10.0,2025-08-24
DON_65576,VOL_11020,50.0,2025-10-30
DON_65577,VOL_11020,10.0,2025-11-20
DON_65578,VOL_11020,10.0,2025-12-14
DON_65579,VOL_11020,25.0,2026-01-15
DON_65580,VOL_11020,50.0,2026-02-08
DON_65581,VOL_11020,10.0,2026-02-22
DON_65582,VOL_11020,25.0,2026-03-12
DON_65583,VOL_11021,25.0,2025-04-03
DON_65584,VOL_11021,10.0,2025-04-06
DON_65585,VOL_11021,10.0,2025-04-13
DON_65586,VOL_11021,50.0,2025-04-17
DON_65587,VOL_11021,10.0,2025-05-01
DON_65588,VOL_11021,50.0,2025-05-04
DON_65589,VOL_11021,10.0,2025-05-08
DON_65590,VOL_11021,25.0,2025-07-13
DON_65591,VOL_11021,50.0,2025-07-17
DON_65592,VOL_11021,10.0,2025-07-24
DON_65593,VOL_11021,10.0,2025-08-17
DON_65594,VOL_11021,25.0,2025-10-12
DON_65595,VOL_11021,50.0,2025-10-16
DON_65596,VOL_11021,25.0,2025-10-23
DON_65597,VOL_11021,10.0,2025-10-30
DON_65598,VOL_11021,10.0,2025-11-09
DON_65599,VOL_11021,10.0,2025-11-13
DON_65600,VOL_11021,10.0,2025-11-16
DON_65601,VOL_11021,10.0,2025-11-27
DON_65602,VOL_11021,10.0,2025-12-04
DON_65603,VOL_11021,50.0,2025-12-07
DON_65604,VOL_11021,10.0,2025-12-11
DON_65605,VOL_11021,25.0,2025-12-14
DON_65606,VOL_11021,25.0,2026-01-22
DON_65607,VOL_11021,10.0,2026-02-12
DON_65608,VOL_11021,10.0,2026-02-22
DON_65609,VOL_11021,10.0,2026-02-26
DON_65610,VOL_11021,25.0,2026-02-26
DON_65611,VOL_11021,100.0,2026-03-22
DON_65612,VOL_11021,10.0,2026-03-29
DON_65613,VOL_11021,10.0,2026-04-09
DON_65614,VOL_11021,25.0,2026-04-16
DON_65615,VOL_11021,10.0,2026-04-19
DON_65616,VOL_11022,50.0,2026-01-15
DON_65617,VOL_11022,25.0,2026-01-22
DON_65618,VOL_11024,25.0,2025-03-20
DON_65619,VOL_11024,10.0,2025-03-20
DON_65620,VOL_11024,10.0,2025-05-11
DON_65621,VOL_11024,25.0,2025-05-15
DON_65622,VOL_11024,100.0,2025-06-08
DON_65623,VOL_11024,25.0,2025-06-12
DON_65624,VOL_11024,10.0,2025-06-15
DON_65625,VOL_11024,10.0,2025-06-26
DON_65626,VOL_11024,50.0,2025-07-13
DON_65627,VOL_11024,10.0,2025-07-24
DON_65628,VOL_11024,10.0,2025-08-03
DON_65629,VOL_11024,25.0,2025-08-07
DON_65630,VOL_11024,10.0,2025-08-17
DON_65631,VOL_11024,100.0,2025-08-21
DON_65632,VOL_11024,25.0,2025-09-14
DON_65633,VOL_11024,25.0,2025-10-26
DON_65634,VOL_11024,10.0,2025-10-30
DON_65635,VOL_11024,100.0,2025-11-27
DON_65636,VOL_11024,10.0,2025-11-27
DON_65637,VOL_11024,50.0,2025-11-27
DON_65638,VOL_11024,10.0,2025-11-30
DON_65639,VOL_11024,50.0,2025-11-30
DON_65640,VOL_11024,100.0,2025-12-04
DON_65641,VOL_11024,25.0,2025-12-18
DON_65642,VOL_11024,100.0,2025-12-28
DON_65643,VOL_11024,50.0,2026-01-04
DON_65644,VOL_11024,10.0,2026-01-29
DON_65645,VOL_11024,10.0,2026-02-01
DON_65646,VOL_11024,50.0,2026-02-05
DON_65647,VOL_11024,10.0,2026-02-12
DON_65648,VOL_11024,10.0,2026-02-19
DON_65649,VOL_11024,25.0,2026-03-12
DON_65650,VOL_11024,50.0,2026-03-15
DON_65651,VOL_11024,50.0,2026-03-26
DON_65652,VOL_11024,50.0,2026-03-29
DON_65653,VOL_11024,25.0,2026-04-02
DON_65654,VOL_11024,25.0,2026-04-05
DON_65655,VOL_11024,10.0,2026-04-16
DON_65656,VOL_11026,50.0,2025-02-13
DON_65657,VOL_11027,10.0,2026-01-04
DON_65658,VOL_11027,25.0,2026-01-11
DON_65659,VOL_11027,100.0,2026-01-22
DON_65660,VOL_11027,25.0,2026-01-22
DON_65661,VOL_11027,50.0,2026-02-05
DON_65662,VOL_11027,10.0,2026-02-22
DON_65663,VOL_11027,10.0,2026-04-05
DON_65664,VOL_11027,10.0,2026-04-12
DON_65665,VOL_11027,100.0,2026-04-16
DON_65666,VOL_11029,10.0,2025-03-02
DON_65667,VOL_11029,100.0,2025-03-09
DON_65668,VOL_11029,10.0,2025-03-09
DON_65669,VOL_11029,25.0,2025-03-30
DON_65670,VOL_11029,25.0,2025-04-10
DON_65671,VOL_11029,10.0,2025-04-20
DON_65672,VOL_11029,10.0,2025-04-27
DON_65673,VOL_11029,100.0,2025-05-01
DON_65674,VOL_11029,50.0,2025-05-11
DON_65675,VOL_11029,10.0,2025-06-22
DON_65676,VOL_11029,50.0,2025-07-13
DON_65677,VOL_11029,10.0,2025-08-14
DON_65678,VOL_11029,10.0,2025-08-14
DON_65679,VOL_11029,25.0,2025-08-24
DON_65680,VOL_11029,10.0,2025-08-24
DON_65681,VOL_11029,10.0,2025-09-04
DON_65682,VOL_11029,50.0,2025-09-11
DON_65683,VOL_11029,25.0,2025-09-11
DON_65684,VOL_11029,25.0,2025-09-14
DON_65685,VOL_11029,50.0,2025-09-21
DON_65686,VOL_11029,25.0,2025-10-02
DON_65687,VOL_11029,25.0,2025-10-05
DON_65688,VOL_11029,50.0,2025-10-23
DON_65689,VOL_11029,25.0,2025-11-02
DON_65690,VOL_11029,50.0,2025-11-30
DON_65691,VOL_11029,25.0,2025-12-04
DON_65692,VOL_11029,25.0,2026-01-15
DON_65693,VOL_11029,50.0,2026-01-22
DON_65694,VOL_11029,10.0,2026-01-22
DON_65695,VOL_11029,10.0,2026-02-12
DON_65696,VOL_11029,10.0,2026-02-19
DON_65697,VOL_11029,50.0,2026-02-26
DON_65698,VOL_11029,10.0,2026-03-19
DON_65699,VOL_11029,25.0,2026-03-26
DON_65700,VOL_11029,10.0,2026-03-29
DON_65701,VOL_11029,50.0,2026-04-16
DON_65702,VOL_11029,10.0,2026-04-23
DON_65703,VOL_11029,25.0,2026-04-30
DON_65704,VOL_11030,25.0,2025-04-24
DON_65705,VOL_11030,10.0,2025-07-24
DON_65706,VOL_11030,25.0,2025-08-31
DON_65707,VOL_11030,25.0,2025-09-11
DON_65708,VOL_11030,25.0,2025-09-18
DON_65709,VOL_11030,10.0,2025-09-28
DON_65710,VOL_11030,10.0,2025-11-02
DON_65711,VOL_11030,25.0,2025-11-23
DON_65712,VOL_11030,100.0,2025-11-23
DON_65713,VOL_11030,100.0,2025-11-23
DON_65714,VOL_11030,10.0,2025-12-14
DON_65715,VOL_11030,50.0,2026-01-25
DON_65716,VOL_11030,10.0,2026-02-08
DON_65717,VOL_11031,100.0,2025-04-10
DON_65718,VOL_11031,25.0,2025-04-27
DON_65719,VOL_11031,100.0,2025-06-19
DON_65720,VOL_11031,25.0,2025-07-27
DON_65721,VOL_11031,25.0,2025-08-07
DON_65722,VOL_11031,10.0,2025-08-10
DON_65723,VOL_11031,10.0,2025-10-19
DON_65724,VOL_11031,10.0,2025-11-16
DON_65725,VOL_11031,50.0,2025-11-23
DON_65726,VOL_11031,25.0,2025-12-25
DON_65727,VOL_11031,100.0,2025-12-25
DON_65728,VOL_11031,25.0,2025-12-28
DON_65729,VOL_11031,25.0,2025-12-28
DON_65730,VOL_11031,25.0,2026-01-08
DON_65731,VOL_11031,10.0,2026-01-15
DON_65732,VOL_11031,25.0,2026-01-25
DON_65733,VOL_11031,50.0,2026-02-05
DON_65734,VOL_11031,10.0,2026-02-12
DON_65735,VOL_11031,25.0,2026-03-19
DON_65736,VOL_11031,25.0,2026-03-29
DON_65737,VOL_11031,25.0,2026-04-09
DON_65738,VOL_11031,10.0,2026-04-16
DON_65739,VOL_11031,50.0,2026-04-23
DON_65740,VOL_11031,10.0,2026-04-26
DON_65741,VOL_11032,50.0,2025-10-16
DON_65742,VOL_11032,25.0,2025-10-19
DON_65743,VOL_11032,25.0,2025-11-09
DON_65744,VOL_11032,25.0,2025-11-09
DON_65745,VOL_11032,50.0,2025-11-13
DON_65746,VOL_11032,25.0,2025-11-23
DON_65747,VOL_11032,50.0,2025-11-30
DON_65748,VOL_11032,50.0,2026-01-25
DON_65749,VOL_11032,25.0,2026-02-26
DON_65750,VOL_11032,10.0,2026-03-05
DON_65751,VOL_11032,10.0,2026-03-19
DON_65752,VOL_11032,10.0,2026-04-02
DON_65753,VOL_11032,25.0,2026-04-30
DON_65754,VOL_11033,25.0,2025-01-19
DON_65755,VOL_11033,10.0,2025-02-23
DON_65756,VOL_11034,50.0,2025-02-20
DON_65757,VOL_11034,25.0,2025-02-20
DON_65758,VOL_11034,25.0,2025-02-23
DON_65759,VOL_11034,25.0,2025-03-16
DON_65760,VOL_11034,25.0,2025-05-01
DON_65761,VOL_11034,50.0,2025-05-15
DON_65762,VOL_11034,10.0,2025-05-25
DON_65763,VOL_11034,50.0,2025-06-08
DON_65764,VOL_11034,50.0,2025-06-12
DON_65765,VOL_11034,25.0,2025-07-27
DON_65766,VOL_11034,100.0,2025-08-17
DON_65767,VOL_11034,50.0,2025-09-11
DON_65768,VOL_11034,25.0,2025-09-21
DON_65769,VOL_11034,50.0,2025-09-28
DON_65770,VOL_11034,10.0,2025-09-28
DON_65771,VOL_11034,10.0,2025-10-02
DON_65772,VOL_11034,10.0,2025-11-09
DON_65773,VOL_11034,25.0,2025-11-13
DON_65774,VOL_11034,25.0,2025-11-27
DON_65775,VOL_11034,10.0,2025-12-04
DON_65776,VOL_11034,25.0,2025-12-07
DON_65777,VOL_11034,50.0,2026-01-08
DON_65778,VOL_11034,25.0,2026-01-11
DON_65779,VOL_11034,100.0,2026-01-18
DON_65780,VOL_11034,25.0,2026-01-18
DON_65781,VOL_11034,50.0,2026-01-25
DON_65782,VOL_11034,50.0,2026-02-12
DON_65783,VOL_11034,10.0,2026-02-26
DON_65784,VOL_11034,10.0,2026-03-15
DON_65785,VOL_11034,10.0,2026-03-15
DON_65786,VOL_11034,50.0,2026-04-16
DON_65787,VOL_11034,25.0,2026-04-19
DON_65788,VOL_11034,10.0,2026-04-23
DON_65789,VOL_11034,100.0,2026-04-26
DON_65790,VOL_11034,25.0,2026-04-30
DON_65791,VOL_11035,10.0,2025-12-11
DON_65792,VOL_11035,10.0,2026-01-04
DON_65793,VOL_11035,25.0,2026-01-18
DON_65794,VOL_11035,25.0,2026-02-22
DON_65795,VOL_11035,50.0,2026-03-05
DON_65796,VOL_11035,10.0,2026-03-05
DON_65797,VOL_11035,25.0,2026-04-09
DON_65798,VOL_11035,50.0,2026-04-16
DON_65799,VOL_11036,25.0,2025-05-04
DON_65800,VOL_11036,25.0,2025-05-11
DON_65801,VOL_11036,10.0,2025-06-05
DON_65802,VOL_11036,10.0,2025-06-12
DON_65803,VOL_11036,100.0,2025-06-15
DON_65804,VOL_11036,10.0,2025-06-22
DON_65805,VOL_11036,25.0,2025-07-17
DON_65806,VOL_11036,50.0,2025-07-17
DON_65807,VOL_11036,10.0,2025-07-24
DON_65808,VOL_11036,50.0,2025-07-24
DON_65809,VOL_11036,100.0,2025-07-27
DON_65810,VOL_11036,10.0,2025-08-10
DON_65811,VOL_11036,10.0,2025-08-28
DON_65812,VOL_11036,50.0,2025-09-04
DON_65813,VOL_11036,50.0,2025-09-14
DON_65814,VOL_11036,10.0,2025-09-21
DON_65815,VOL_11036,50.0,2025-10-23
DON_65816,VOL_11036,10.0,2025-11-16
DON_65817,VOL_11036,100.0,2025-11-27
DON_65818,VOL_11036,10.0,2025-12-04
DON_65819,VOL_11036,10.0,2025-12-11
DON_65820,VOL_11036,50.0,2025-12-14
DON_65821,VOL_11036,10.0,2026-01-22
DON_65822,VOL_11036,10.0,2026-02-01
DON_65823,VOL_11036,50.0,2026-02-12
DON_65824,VOL_11036,25.0,2026-02-26
DON_65825,VOL_11036,25.0,2026-03-08
DON_65826,VOL_11036,50.0,2026-03-12
DON_65827,VOL_11036,50.0,2026-03-15
DON_65828,VOL_11036,10.0,2026-03-26
DON_65829,VOL_11036,25.0,2026-03-29
DON_65830,VOL_11036,50.0,2026-04-05
DON_65831,VOL_11036,10.0,2026-04-09
DON_65832,VOL_11036,50.0,2026-04-12
DON_65833,VOL_11036,25.0,2026-04-16
DON_65834,VOL_11037,25.0,2025-05-25
DON_65835,VOL_11037,10.0,2025-07-17
DON_65836,VOL_11037,10.0,2025-08-14
DON_65837,VOL_11037,100.0,2025-08-14
DON_65838,VOL_11037,50.0,2025-08-24
DON_65839,VOL_11037,10.0,2025-08-24
DON_65840,VOL_11037,50.0,2025-08-28
DON_65841,VOL_11037,25.0,2025-08-31
DON_65842,VOL_11037,10.0,2025-09-04
DON_65843,VOL_11037,50.0,2025-10-19
DON_65844,VOL_11037,25.0,2025-10-23
DON_65845,VOL_11037,50.0,2025-11-16
DON_65846,VOL_11037,10.0,2025-11-16
DON_65847,VOL_11037,50.0,2025-11-30
DON_65848,VOL_11037,10.0,2025-12-04
DON_65849,VOL_11037,25.0,2025-12-14
DON_65850,VOL_11037,50.0,2026-01-08
DON_65851,VOL_11037,10.0,2026-01-15
DON_65852,VOL_11037,25.0,2026-02-15
DON_65853,VOL_11037,50.0,2026-03-19
DON_65854,VOL_11037,50.0,2026-03-26
DON_65855,VOL_11037,10.0,2026-03-29
DON_65856,VOL_11037,25.0,2026-04-05
DON_65857,VOL_11037,10.0,2026-04-12
DON_65858,VOL_11037,50.0,2026-04-16
DON_65859,VOL_11038,25.0,2025-03-27
DON_65860,VOL_11038,10.0,2025-04-17
DON_65861,VOL_11039,10.0,2025-02-02
DON_65862,VOL_11039,25.0,2025-03-06
DON_65863,VOL_11039,50.0,2025-03-09
DON_65864,VOL_11039,25.0,2025-03-13
DON_65865,VOL_11039,10.0,2025-03-27
DON_65866,VOL_11039,50.0,2025-04-03
DON_65867,VOL_11039,50.0,2025-04-06
DON_65868,VOL_11039,10.0,2025-04-13
DON_65869,VOL_11039,10.0,2025-04-20
DON_65870,VOL_11039,25.0,2025-04-24
DON_65871,VOL_11039,10.0,2025-04-27
DON_65872,VOL_11039,25.0,2025-05-11
DON_65873,VOL_11039,10.0,2025-05-18
DON_65874,VOL_11039,50.0,2025-07-06
DON_65875,VOL_11039,10.0,2025-07-13
DON_65876,VOL_11039,50.0,2025-08-07
DON_65877,VOL_11039,25.0,2025-08-10
DON_65878,VOL_11039,10.0,2025-08-17
DON_65879,VOL_11039,50.0,2025-08-21
DON_65880,VOL_11039,10.0,2025-08-21
DON_65881,VOL_11039,10.0,2025-09-04
DON_65882,VOL_11039,25.0,2025-09-18
DON_65883,VOL_11039,25.0,2025-10-12
DON_65884,VOL_11039,25.0,2025-10-26
DON_65885,VOL_11039,50.0,2025-11-02
DON_65886,VOL_11039,25.0,2025-11-20
DON_65887,VOL_11039,50.0,2025-11-23
DON_65888,VOL_11039,100.0,2025-11-30
DON_65889,VOL_11039,10.0,2025-12-04
DON_65890,VOL_11039,10.0,2025-12-18
DON_65891,VOL_11039,100.0,2025-12-18
DON_65892,VOL_11039,50.0,2026-01-04
DON_65893,VOL_11039,100.0,2026-01-18
DON_65894,VOL_11039,25.0,2026-01-29
DON_65895,VOL_11039,25.0,2026-02-08
DON_65896,VOL_11039,25.0,2026-02-26
DON_65897,VOL_11039,25.0,2026-03-05
DON_65898,VOL_11039,50.0,2026-03-05
DON_65899,VOL_11039,25.0,2026-03-08
DON_65900,VOL_11039,25.0,2026-04-12
DON_65901,VOL_11040,10.0,2025-11-30
DON_65902,VOL_11040,25.0,2025-12-04
DON_65903,VOL_11040,10.0,2025-12-07
DON_65904,VOL_11040,50.0,2026-02-26
DON_65905,VOL_11040,25.0,2026-03-05
DON_65906,VOL_11040,10.0,2026-03-26
DON_65907,VOL_11040,50.0,2026-03-29
DON_65908,VOL_11040,10.0,2026-04-09
DON_65909,VOL_11040,25.0,2026-04-30
DON_65910,VOL_11040,25.0,2026-04-30
DON_65911,VOL_11041,10.0,2025-08-17
DON_65912,VOL_11041,10.0,2025-10-16
DON_65913,VOL_11041,10.0,2025-10-19
DON_65914,VOL_11041,10.0,2025-11-30
DON_65915,VOL_11041,10.0,2025-12-18
DON_65916,VOL_11041,100.0,2025-12-28
DON_65917,VOL_11041,100.0,2026-01-15
DON_65918,VOL_11041,25.0,2026-02-05
DON_65919,VOL_11041,10.0,2026-03-08
DON_65920,VOL_11041,10.0,2026-03-26
DON_65921,VOL_11041,10.0,2026-04-09
DON_65922,VOL_11042,50.0,2025-11-16
DON_65923,VOL_11042,50.0,2025-11-20
DON_65924,VOL_11042,25.0,2025-11-23
DON_65925,VOL_11042,25.0,2025-12-07
DON_65926,VOL_11042,25.0,2025-12-25
DON_65927,VOL_11042,10.0,2025-12-25
DON_65928,VOL_11042,25.0,2026-01-25
DON_65929,VOL_11042,25.0,2026-02-05
DON_65930,VOL_11042,25.0,2026-02-26
DON_65931,VOL_11042,10.0,2026-03-08
DON_65932,VOL_11042,25.0,2026-04-19
DON_65933,VOL_11042,10.0,2026-04-23
DON_65934,VOL_11042,25.0,2026-04-26
DON_65935,VOL_11042,50.0,2026-04-26
DON_65936,VOL_11042,100.0,2026-04-26
DON_65937,VOL_11044,25.0,2025-11-30
DON_65938,VOL_11044,100.0,2025-12-11
DON_65939,VOL_11044,50.0,2025-12-18
DON_65940,VOL_11044,10.0,2025-12-25
DON_65941,VOL_11044,25.0,2025-12-25
DON_65942,VOL_11044,25.0,2026-01-04
DON_65943,VOL_11044,10.0,2026-01-15
DON_65944,VOL_11044,10.0,2026-01-29
DON_65945,VOL_11044,25.0,2026-02-08
DON_65946,VOL_11044,25.0,2026-02-08
DON_65947,VOL_11044,100.0,2026-02-12
DON_65948,VOL_11044,100.0,2026-02-15
DON_65949,VOL_11044,10.0,2026-02-22
DON_65950,VOL_11044,10.0,2026-02-26
DON_65951,VOL_11044,10.0,2026-03-05
DON_65952,VOL_11044,100.0,2026-03-15
DON_65953,VOL_11044,10.0,2026-03-29
DON_65954,VOL_11044,50.0,2026-04-02
DON_65955,VOL_11044,50.0,2026-04-26
DON_65956,VOL_11045,50.0,2025-08-10
DON_65957,VOL_11045,10.0,2025-08-17
DON_65958,VOL_11045,10.0,2025-08-24
DON_65959,VOL_11046,25.0,2025-02-27
DON_65960,VOL_11046,50.0,2025-03-16
DON_65961,VOL_11046,10.0,2025-03-20
DON_65962,VOL_11046,50.0,2025-04-10
DON_65963,VOL_11046,10.0,2025-05-08
DON_65964,VOL_11046,50.0,2025-05-25
DON_65965,VOL_11046,10.0,2025-06-08
DON_65966,VOL_11046,10.0,2025-06-22
DON_65967,VOL_11046,10.0,2025-06-26
DON_65968,VOL_11046,100.0,2025-06-29
DON_65969,VOL_11046,100.0,2025-07-13
DON_65970,VOL_11046,50.0,2025-07-27
DON_65971,VOL_11046,50.0,2025-09-04
DON_65972,VOL_11046,50.0,2025-09-14
DON_65973,VOL_11046,10.0,2025-09-28
DON_65974,VOL_11046,10.0,2025-11-02
DON_65975,VOL_11046,10.0,2025-11-06
DON_65976,VOL_11046,10.0,2025-12-11
DON_65977,VOL_11046,25.0,2025-12-14
DON_65978,VOL_11046,10.0,2025-12-18
DON_65979,VOL_11046,10.0,2025-12-25
DON_65980,VOL_11046,25.0,2025-12-28
DON_65981,VOL_11046,10.0,2026-01-01
DON_65982,VOL_11046,10.0,2026-01-15
DON_65983,VOL_11046,25.0,2026-01-22
DON_65984,VOL_11046,25.0,2026-02-08
DON_65985,VOL_11046,25.0,2026-02-22
DON_65986,VOL_11046,10.0,2026-03-08
DON_65987,VOL_11046,50.0,2026-04-02
DON_65988,VOL_11046,25.0,2026-04-02
DON_65989,VOL_11046,50.0,2026-04-05
DON_65990,VOL_11046,10.0,2026-04-23
DON_65991,VOL_11046,25.0,2026-04-26
DON_65992,VOL_11047,10.0,2025-08-07
DON_65993,VOL_11048,50.0,2026-02-15
DON_65994,VOL_11048,25.0,2026-02-22
DON_65995,VOL_11048,25.0,2026-03-08
DON_65996,VOL_11048,50.0,2026-03-19
DON_65997,VOL_11048,25.0,2026-03-29
DON_65998,VOL_11048,10.0,2026-04-23
DON_65999,VOL_11049,25.0,2025-02-06
DON_66000,VOL_11049,25.0,2025-02-09
DON_66001,VOL_11049,10.0,2025-02-09
DON_66002,VOL_11049,10.0,2025-04-03
DON_66003,VOL_11049,100.0,2025-04-03
DON_66004,VOL_11049,25.0,2025-04-06
DON_66005,VOL_11049,10.0,2025-05-15
DON_66006,VOL_11049,50.0,2025-05-18
DON_66007,VOL_11049,25.0,2025-06-05
DON_66008,VOL_11049,10.0,2025-06-08
DON_66009,VOL_11049,50.0,2025-07-06
DON_66010,VOL_11049,50.0,2025-07-17
DON_66011,VOL_11049,50.0,2025-07-24
DON_66012,VOL_11049,25.0,2025-07-24
DON_66013,VOL_11049,50.0,2025-09-04
DON_66014,VOL_11049,50.0,2025-09-28
DON_66015,VOL_11049,10.0,2025-11-06
DON_66016,VOL_11049,10.0,2025-11-13
DON_66017,VOL_11049,25.0,2026-01-04
DON_66018,VOL_11049,25.0,2026-01-15
DON_66019,VOL_11049,25.0,2026-02-01
DON_66020,VOL_11049,25.0,2026-02-22
DON_66021,VOL_11049,100.0,2026-02-26
DON_66022,VOL_11049,25.0,2026-03-12
DON_66023,VOL_11049,25.0,2026-04-30
DON_66024,VOL_11049,25.0,2026-04-30
DON_66025,VOL_11050,10.0,2025-12-11
DON_66026,VOL_11050,100.0,2025-12-11
DON_66027,VOL_11050,25.0,2025-12-14
DON_66028,VOL_11050,10.0,2025-12-14
DON_66029,VOL_11050,10.0,2025-12-18
DON_66030,VOL_11050,50.0,2025-12-18
DON_66031,VOL_11050,25.0,2026-01-04
DON_66032,VOL_11050,25.0,2026-01-08
DON_66033,VOL_11050,10.0,2026-01-18
DON_66034,VOL_11050,10.0,2026-01-25
DON_66035,VOL_11050,25.0,2026-01-29
DON_66036,VOL_11050,50.0,2026-02-01
DON_66037,VOL_11050,25.0,2026-03-08
DON_66038,VOL_11050,10.0,2026-03-19
DON_66039,VOL_11050,10.0,2026-03-26
DON_66040,VOL_11050,50.0,2026-03-29
DON_66041,VOL_11050,100.0,2026-03-29
DON_66042,VOL_11050,10.0,2026-04-12
DON_66043,VOL_11051,10.0,2026-02-22
DON_66044,VOL_11051,10.0,2026-03-19
DON_66045,VOL_11051,25.0,2026-03-29
DON_66046,VOL_11051,10.0,2026-04-02
DON_66047,VOL_11052,25.0,2025-08-14
DON_66048,VOL_11052,10.0,2025-08-24
DON_66049,VOL_11052,10.0,2025-08-28
DON_66050,VOL_11053,10.0,2025-07-31
DON_66051,VOL_11053,50.0,2025-08-14
DON_66052,VOL_11053,100.0,2025-09-11
DON_66053,VOL_11053,10.0,2025-10-12
DON_66054,VOL_11053,10.0,2025-10-19
DON_66055,VOL_11053,50.0,2025-11-09
DON_66056,VOL_11053,25.0,2025-11-09
DON_66057,VOL_11053,100.0,2025-11-13
DON_66058,VOL_11053,50.0,2025-11-16
DON_66059,VOL_11053,25.0,2025-11-30
DON_66060,VOL_11053,50.0,2025-12-11
DON_66061,VOL_11053,10.0,2025-12-21
DON_66062,VOL_11053,25.0,2025-12-28
DON_66063,VOL_11053,10.0,2026-01-11
DON_66064,VOL_11053,10.0,2026-01-15
DON_66065,VOL_11053,10.0,2026-01-22
DON_66066,VOL_11053,10.0,2026-01-25
DON_66067,VOL_11053,100.0,2026-02-08
DON_66068,VOL_11053,25.0,2026-02-12
DON_66069,VOL_11053,10.0,2026-03-05
DON_66070,VOL_11053,10.0,2026-03-12
DON_66071,VOL_11053,50.0,2026-03-12
DON_66072,VOL_11053,50.0,2026-03-19
DON_66073,VOL_11053,10.0,2026-04-19
DON_66074,VOL_11054,50.0,2026-04-12
DON_66075,VOL_11054,25.0,2026-04-26
DON_66076,VOL_11054,10.0,2026-04-26
DON_66077,VOL_11055,25.0,2025-02-02
DON_66078,VOL_11055,10.0,2025-02-06
DON_66079,VOL_11055,10.0,2025-02-16
DON_66080,VOL_11055,25.0,2025-02-20
DON_66081,VOL_11055,50.0,2025-03-20
DON_66082,VOL_11055,25.0,2025-04-03
DON_66083,VOL_11055,10.0,2025-04-10
DON_66084,VOL_11055,100.0,2025-04-13
DON_66085,VOL_11055,100.0,2025-04-20
DON_66086,VOL_11055,25.0,2025-06-01
DON_66087,VOL_11055,10.0,2025-07-20
DON_66088,VOL_11055,25.0,2025-08-07
DON_66089,VOL_11055,10.0,2025-09-04
DON_66090,VOL_11055,25.0,2025-09-11
DON_66091,VOL_11055,25.0,2025-09-14
DON_66092,VOL_11055,50.0,2025-09-18
DON_66093,VOL_11055,25.0,2025-09-21
DON_66094,VOL_11055,10.0,2025-10-02
DON_66095,VOL_11055,10.0,2025-10-19
DON_66096,VOL_11055,10.0,2025-10-23
DON_66097,VOL_11055,10.0,2025-10-30
DON_66098,VOL_11055,50.0,2025-11-13
DON_66099,VOL_11055,25.0,2025-12-11
DON_66100,VOL_11055,25.0,2025-12-18
DON_66101,VOL_11055,10.0,2025-12-25
DON_66102,VOL_11055,25.0,2026-01-04
DON_66103,VOL_11055,25.0,2026-01-08
DON_66104,VOL_11055,10.0,2026-02-22
DON_66105,VOL_11055,50.0,2026-03-05
DON_66106,VOL_11055,25.0,2026-04-09
DON_66107,VOL_11055,10.0,2026-04-12
DON_66108,VOL_11055,50.0,2026-04-23
DON_66109,VOL_11055,10.0,2026-04-23
DON_66110,VOL_11056,100.0,2025-07-27
DON_66111,VOL_11056,10.0,2025-07-27
DON_66112,VOL_11056,10.0,2025-07-31
DON_66113,VOL_11056,10.0,2025-08-31
DON_66114,VOL_11056,10.0,2025-09-04
DON_66115,VOL_11057,25.0,2025-06-22
DON_66116,VOL_11057,10.0,2025-06-26
DON_66117,VOL_11057,25.0,2025-07-10
DON_66118,VOL_11057,25.0,2025-07-13
DON_66119,VOL_11057,10.0,2025-07-31
DON_66120,VOL_11057,50.0,2025-07-31
DON_66121,VOL_11058,100.0,2025-10-23
DON_66122,VOL_11058,10.0,2025-10-23
DON_66123,VOL_11058,100.0,2025-11-23
DON_66124,VOL_11058,25.0,2025-12-14
DON_66125,VOL_11058,25.0,2025-12-21
DON_66126,VOL_11058,10.0,2026-02-12
DON_66127,VOL_11058,10.0,2026-02-22
DON_66128,VOL_11058,50.0,2026-02-26
DON_66129,VOL_11058,10.0,2026-03-05
DON_66130,VOL_11058,25.0,2026-03-05
DON_66131,VOL_11058,10.0,2026-03-08
DON_66132,VOL_11058,10.0,2026-03-22
DON_66133,VOL_11058,25.0,2026-03-29
DON_66134,VOL_11059,50.0,2025-08-14
DON_66135,VOL_11059,25.0,2025-08-17
DON_66136,VOL_11059,10.0,2025-10-02
DON_66137,VOL_11059,25.0,2025-10-12
DON_66138,VOL_11059,10.0,2025-10-12
DON_66139,VOL_11059,25.0,2025-11-09
DON_66140,VOL_11059,25.0,2025-11-16
DON_66141,VOL_11059,100.0,2025-11-16
DON_66142,VOL_11059,100.0,2025-11-23
DON_66143,VOL_11059,10.0,2025-11-27
DON_66144,VOL_11059,100.0,2025-12-04
DON_66145,VOL_11059,10.0,2025-12-11
DON_66146,VOL_11059,50.0,2025-12-14
DON_66147,VOL_11059,10.0,2025-12-21
DON_66148,VOL_11059,25.0,2025-12-28
DON_66149,VOL_11059,10.0,2026-02-26
DON_66150,VOL_11059,10.0,2026-03-05
DON_66151,VOL_11059,25.0,2026-03-15
DON_66152,VOL_11059,25.0,2026-03-19
DON_66153,VOL_11059,10.0,2026-04-09
DON_66154,VOL_11059,10.0,2026-04-09
DON_66155,VOL_11059,10.0,2026-04-23
DON_66156,VOL_11060,25.0,2026-02-01
DON_66157,VOL_11060,100.0,2026-02-12
DON_66158,VOL_11060,50.0,2026-02-19
DON_66159,VOL_11060,25.0,2026-02-26
DON_66160,VOL_11060,25.0,2026-03-12
DON_66161,VOL_11060,100.0,2026-03-15
DON_66162,VOL_11060,10.0,2026-03-15
DON_66163,VOL_11060,25.0,2026-04-09
DON_66164,VOL_11060,50.0,2026-04-16
DON_66165,VOL_11060,10.0,2026-04-26
DON_66166,VOL_11061,10.0,2025-02-06
DON_66167,VOL_11061,25.0,2025-02-09
DON_66168,VOL_11061,100.0,2025-02-20
DON_66169,VOL_11062,25.0,2025-03-09
DON_66170,VOL_11062,100.0,2025-04-03
DON_66171,VOL_11062,10.0,2025-04-17
DON_66172,VOL_11062,10.0,2025-04-17
DON_66173,VOL_11062,25.0,2025-05-08
DON_66174,VOL_11062,100.0,2025-05-25
DON_66175,VOL_11062,25.0,2025-06-05
DON_66176,VOL_11062,25.0,2025-06-12
DON_66177,VOL_11062,50.0,2025-07-13
DON_66178,VOL_11062,10.0,2025-07-17
DON_66179,VOL_11062,50.0,2025-08-03
DON_66180,VOL_11062,10.0,2025-08-17
DON_66181,VOL_11062,10.0,2025-09-21
DON_66182,VOL_11062,10.0,2025-09-28
DON_66183,VOL_11062,50.0,2025-10-26
DON_66184,VOL_11062,25.0,2025-11-06
DON_66185,VOL_11062,10.0,2025-11-06
DON_66186,VOL_11062,25.0,2025-11-06
DON_66187,VOL_11062,10.0,2025-11-20
DON_66188,VOL_11062,10.0,2025-12-04
DON_66189,VOL_11062,10.0,2025-12-14
DON_66190,VOL_11062,10.0,2025-12-28
DON_66191,VOL_11062,10.0,2026-01-01
DON_66192,VOL_11062,100.0,2026-01-18
DON_66193,VOL_11062,10.0,2026-02-12
DON_66194,VOL_11062,50.0,2026-02-26
DON_66195,VOL_11062,50.0,2026-03-08
DON_66196,VOL_11062,10.0,2026-03-12
DON_66197,VOL_11062,50.0,2026-03-19
DON_66198,VOL_11062,25.0,2026-03-19
DON_66199,VOL_11063,25.0,2025-09-21
DON_66200,VOL_11063,10.0,2025-09-28
DON_66201,VOL_11063,10.0,2025-10-12
DON_66202,VOL_11063,10.0,2025-10-12
DON_66203,VOL_11063,50.0,2025-10-26
DON_66204,VOL_11063,10.0,2025-11-02
DON_66205,VOL_11063,10.0,2025-12-07
DON_66206,VOL_11063,100.0,2025-12-21
DON_66207,VOL_11063,50.0,2026-01-15
DON_66208,VOL_11063,10.0,2026-01-18
DON_66209,VOL_11063,50.0,2026-01-22
DON_66210,VOL_11063,25.0,2026-02-08
DON_66211,VOL_11063,25.0,2026-02-19
DON_66212,VOL_11063,50.0,2026-03-05
DON_66213,VOL_11063,50.0,2026-04-09
DON_66214,VOL_11063,10.0,2026-04-30
DON_66215,VOL_11064,10.0,2025-02-27
DON_66216,VOL_11064,100.0,2025-05-01
DON_66217,VOL_11064,25.0,2025-05-11
DON_66218,VOL_11064,25.0,2025-05-11
DON_66219,VOL_11064,10.0,2025-06-29
DON_66220,VOL_11064,25.0,2025-07-06
DON_66221,VOL_11064,25.0,2025-08-03
DON_66222,VOL_11064,10.0,2025-09-11
DON_66223,VOL_11064,10.0,2025-09-28
DON_66224,VOL_11064,25.0,2025-10-12
DON_66225,VOL_11064,100.0,2025-11-23
DON_66226,VOL_11064,50.0,2025-12-07
DON_66227,VOL_11064,10.0,2026-02-08
DON_66228,VOL_11064,10.0,2026-02-08
DON_66229,VOL_11064,25.0,2026-03-05
DON_66230,VOL_11064,10.0,2026-03-29
DON_66231,VOL_11064,50.0,2026-04-12
DON_66232,VOL_11065,25.0,2025-05-08
DON_66233,VOL_11065,25.0,2025-05-15
DON_66234,VOL_11065,50.0,2025-06-01
DON_66235,VOL_11065,25.0,2025-06-15
DON_66236,VOL_11065,10.0,2025-06-19
DON_66237,VOL_11065,10.0,2025-07-10
DON_66238,VOL_11065,50.0,2025-07-27
DON_66239,VOL_11065,10.0,2025-10-02
DON_66240,VOL_11065,25.0,2025-10-05
DON_66241,VOL_11065,50.0,2025-10-19
DON_66242,VOL_11065,10.0,2025-10-23
DON_66243,VOL_11065,50.0,2025-11-02
DON_66244,VOL_11065,25.0,2025-11-13
DON_66245,VOL_11065,25.0,2025-11-13
DON_66246,VOL_11065,50.0,2025-11-20
DON_66247,VOL_11065,10.0,2025-11-27
DON_66248,VOL_11065,10.0,2025-11-27
DON_66249,VOL_11065,10.0,2025-12-21
DON_66250,VOL_11065,50.0,2026-01-01
DON_66251,VOL_11065,25.0,2026-01-15
DON_66252,VOL_11065,25.0,2026-01-22
DON_66253,VOL_11065,50.0,2026-01-25
DON_66254,VOL_11065,10.0,2026-01-29
DON_66255,VOL_11065,10.0,2026-02-08
DON_66256,VOL_11065,10.0,2026-04-09
DON_66257,VOL_11065,10.0,2026-04-16
DON_66258,VOL_11065,10.0,2026-04-30
DON_66259,VOL_11066,10.0,2025-10-05
DON_66260,VOL_11066,25.0,2025-11-02
DON_66261,VOL_11066,25.0,2025-11-06
DON_66262,VOL_11066,100.0,2025-11-09
DON_66263,VOL_11066,10.0,2025-11-27
DON_66264,VOL_11066,100.0,2025-12-18
DON_66265,VOL_11066,50.0,2026-03-19
DON_66266,VOL_11066,50.0,2026-03-26
DON_66267,VOL_11066,10.0,2026-03-29
DON_66268,VOL_11066,50.0,2026-04-16
DON_66269,VOL_11066,10.0,2026-04-26
DON_66270,VOL_11067,50.0,2025-08-24
DON_66271,VOL_11067,25.0,2025-08-28
DON_66272,VOL_11067,50.0,2025-09-28
DON_66273,VOL_11067,25.0,2025-10-05
DON_66274,VOL_11067,25.0,2025-10-12
DON_66275,VOL_11067,50.0,2025-10-23
DON_66276,VOL_11067,25.0,2025-10-30
DON_66277,VOL_11067,10.0,2025-10-30
DON_66278,VOL_11067,50.0,2025-11-16
DON_66279,VOL_11067,100.0,2025-11-27
DON_66280,VOL_11067,25.0,2025-12-25
DON_66281,VOL_11067,50.0,2026-01-15
DON_66282,VOL_11067,10.0,2026-01-22
DON_66283,VOL_11067,10.0,2026-02-12
DON_66284,VOL_11067,10.0,2026-02-15
DON_66285,VOL_11067,50.0,2026-04-02
DON_66286,VOL_11067,10.0,2026-04-12
DON_66287,VOL_11067,50.0,2026-04-16
DON_66288,VOL_11067,25.0,2026-04-19
DON_66289,VOL_11067,10.0,2026-04-26
DON_66290,VOL_11068,100.0,2025-06-22
DON_66291,VOL_11068,10.0,2025-06-26
DON_66292,VOL_11068,10.0,2025-06-29
DON_66293,VOL_11068,10.0,2025-07-13
DON_66294,VOL_11068,10.0,2025-07-17
DON_66295,VOL_11068,50.0,2025-07-20
DON_66296,VOL_11068,10.0,2025-09-11
DON_66297,VOL_11068,25.0,2025-10-19
DON_66298,VOL_11068,10.0,2025-11-02
DON_66299,VOL_11068,25.0,2025-11-27
DON_66300,VOL_11068,100.0,2025-12-04
DON_66301,VOL_11068,25.0,2025-12-21
DON_66302,VOL_11068,50.0,2026-01-25
DON_66303,VOL_11068,25.0,2026-01-29
DON_66304,VOL_11068,50.0,2026-02-01
DON_66305,VOL_11068,10.0,2026-02-05
DON_66306,VOL_11068,50.0,2026-02-08
DON_66307,VOL_11068,10.0,2026-02-15
DON_66308,VOL_11068,50.0,2026-03-12
DON_66309,VOL_11068,10.0,2026-03-29
DON_66310,VOL_11068,50.0,2026-04-05
DON_66311,VOL_11068,25.0,2026-04-12
DON_66312,VOL_11069,10.0,2026-03-12
DON_66313,VOL_11069,10.0,2026-04-09
DON_66314,VOL_11069,100.0,2026-04-12
DON_66315,VOL_11069,10.0,2026-04-26
DON_66316,VOL_11069,10.0,2026-04-30
DON_66317,VOL_11070,10.0,2025-08-17
DON_66318,VOL_11070,10.0,2025-08-24
DON_66319,VOL_11070,50.0,2025-09-28
DON_66320,VOL_11070,10.0,2025-10-12
DON_66321,VOL_11070,25.0,2025-10-23
DON_66322,VOL_11070,100.0,2025-11-16
DON_66323,VOL_11070,50.0,2025-11-27
DON_66324,VOL_11070,100.0,2025-12-28
DON_66325,VOL_11070,25.0,2026-01-01
DON_66326,VOL_11070,25.0,2026-02-08
DON_66327,VOL_11070,25.0,2026-03-05
DON_66328,VOL_11070,100.0,2026-03-05
DON_66329,VOL_11070,25.0,2026-03-19
DON_66330,VOL_11070,10.0,2026-04-23
DON_66331,VOL_11070,25.0,2026-04-26
DON_66332,VOL_11071,25.0,2025-07-17
DON_66333,VOL_11071,100.0,2025-07-17
DON_66334,VOL_11071,100.0,2025-07-31
DON_66335,VOL_11071,10.0,2025-08-14
DON_66336,VOL_11071,10.0,2025-08-28
DON_66337,VOL_11071,50.0,2025-08-31
DON_66338,VOL_11071,10.0,2025-09-14
DON_66339,VOL_11071,100.0,2025-10-12
DON_66340,VOL_11071,10.0,2025-10-19
DON_66341,VOL_11071,25.0,2025-11-13
DON_66342,VOL_11071,25.0,2025-11-23
DON_66343,VOL_11071,10.0,2026-01-04
DON_66344,VOL_11071,10.0,2026-01-08
DON_66345,VOL_11071,10.0,2026-03-29
DON_66346,VOL_11071,25.0,2026-04-26
DON_66347,VOL_11071,10.0,2026-04-26
DON_66348,VOL_11072,10.0,2025-09-18
DON_66349,VOL_11072,25.0,2025-10-02
DON_66350,VOL_11072,10.0,2025-10-19
DON_66351,VOL_11072,50.0,2025-11-09
DON_66352,VOL_11072,10.0,2025-11-27
DON_66353,VOL_11072,10.0,2025-11-27
DON_66354,VOL_11072,10.0,2025-12-04
DON_66355,VOL_11072,25.0,2025-12-11
DON_66356,VOL_11072,10.0,2025-12-18
DON_66357,VOL_11072,50.0,2025-12-25
DON_66358,VOL_11072,10.0,2026-01-15
DON_66359,VOL_11072,25.0,2026-01-22
DON_66360,VOL_11072,50.0,2026-01-29
DON_66361,VOL_11072,10.0,2026-02-01
DON_66362,VOL_11072,50.0,2026-02-08
DON_66363,VOL_11072,100.0,2026-02-15
DON_66364,VOL_11072,50.0,2026-02-15
DON_66365,VOL_11072,50.0,2026-03-19
DON_66366,VOL_11072,25.0,2026-04-05
DON_66367,VOL_11072,50.0,2026-04-05
DON_66368,VOL_11072,10.0,2026-04-16
DON_66369,VOL_11073,10.0,2025-02-20
DON_66370,VOL_11073,10.0,2025-02-20
DON_66371,VOL_11073,50.0,2025-03-02
DON_66372,VOL_11073,50.0,2025-03-13
DON_66373,VOL_11073,10.0,2025-03-16
DON_66374,VOL_11073,25.0,2025-04-10
DON_66375,VOL_11073,50.0,2025-04-13
DON_66376,VOL_11073,10.0,2025-04-13
DON_66377,VOL_11073,10.0,2025-04-20
DON_66378,VOL_11073,10.0,2025-04-27
DON_66379,VOL_11073,50.0,2025-06-01
DON_66380,VOL_11073,10.0,2025-06-01
DON_66381,VOL_11073,25.0,2025-06-05
DON_66382,VOL_11073,50.0,2025-06-26
DON_66383,VOL_11073,100.0,2025-07-03
DON_66384,VOL_11073,50.0,2025-07-10
DON_66385,VOL_11073,25.0,2025-07-27
DON_66386,VOL_11073,10.0,2025-07-27
DON_66387,VOL_11073,25.0,2025-07-31
DON_66388,VOL_11073,50.0,2025-07-31
DON_66389,VOL_11073,100.0,2025-08-07
DON_66390,VOL_11073,50.0,2025-08-14
DON_66391,VOL_11073,25.0,2025-08-24
DON_66392,VOL_11073,10.0,2025-08-24
DON_66393,VOL_11073,10.0,2025-08-28
DON_66394,VOL_11073,10.0,2025-09-21
DON_66395,VOL_11073,10.0,2025-10-12
DON_66396,VOL_11073,25.0,2025-10-16
DON_66397,VOL_11073,10.0,2025-10-19
DON_66398,VOL_11073,10.0,2025-11-06
DON_66399,VOL_11073,25.0,2025-11-23
DON_66400,VOL_11073,50.0,2025-12-04
DON_66401,VOL_11073,10.0,2025-12-28
DON_66402,VOL_11073,10.0,2026-01-04
DON_66403,VOL_11073,25.0,2026-01-29
DON_66404,VOL_11073,50.0,2026-02-05
DON_66405,VOL_11073,50.0,2026-02-08
DON_66406,VOL_11073,10.0,2026-02-12
DON_66407,VOL_11073,10.0,2026-02-26
DON_66408,VOL_11073,10.0,2026-02-26
DON_66409,VOL_11073,50.0,2026-03-15
DON_66410,VOL_11073,25.0,2026-04-26
DON_66411,VOL_11074,100.0,2025-10-30
DON_66412,VOL_11074,10.0,2025-11-06
DON_66413,VOL_11074,10.0,2025-11-20
DON_66414,VOL_11074,25.0,2025-12-04
DON_66415,VOL_11074,50.0,2025-12-07
DON_66416,VOL_11074,100.0,2025-12-18
DON_66417,VOL_11074,25.0,2026-02-05
DON_66418,VOL_11074,25.0,2026-02-19
DON_66419,VOL_11074,25.0,2026-03-05
DON_66420,VOL_11074,10.0,2026-03-05
DON_66421,VOL_11074,25.0,2026-03-05
DON_66422,VOL_11074,100.0,2026-03-15
DON_66423,VOL_11074,100.0,2026-03-26
DON_66424,VOL_11074,50.0,2026-04-16
DON_66425,VOL_11075,10.0,2026-01-08
DON_66426,VOL_11075,10.0,2026-01-22
DON_66427,VOL_11075,10.0,2026-01-29
DON_66428,VOL_11075,50.0,2026-02-22
DON_66429,VOL_11075,10.0,2026-02-26
DON_66430,VOL_11075,50.0,2026-02-26
DON_66431,VOL_11075,25.0,2026-04-16
DON_66432,VOL_11075,10.0,2026-04-19
DON_66433,VOL_11075,10.0,2026-04-23
DON_66434,VOL_11075,25.0,2026-04-30
DON_66435,VOL_11076,10.0,2025-11-16
DON_66436,VOL_11076,25.0,2025-12-07
DON_66437,VOL_11076,25.0,2025-12-18
DON_66438,VOL_11076,50.0,2025-12-21
DON_66439,VOL_11076,10.0,2026-01-08
DON_66440,VOL_11076,25.0,2026-02-05
DON_66441,VOL_11076,25.0,2026-02-15
DON_66442,VOL_11076,10.0,2026-02-22
DON_66443,VOL_11076,50.0,2026-03-01
DON_66444,VOL_11076,10.0,2026-03-15
DON_66445,VOL_11076,10.0,2026-03-22
DON_66446,VOL_11076,100.0,2026-04-09
DON_66447,VOL_11076,10.0,2026-04-09
DON_66448,VOL_11076,10.0,2026-04-12
DON_66449,VOL_11076,25.0,2026-04-23
DON_66450,VOL_11077,25.0,2026-01-01
DON_66451,VOL_11077,50.0,2026-02-05
DON_66452,VOL_11077,50.0,2026-02-12
DON_66453,VOL_11077,10.0,2026-03-05
DON_66454,VOL_11077,10.0,2026-03-05
DON_66455,VOL_11077,10.0,2026-03-19
DON_66456,VOL_11077,10.0,2026-04-12
DON_66457,VOL_11078,25.0,2025-11-06
DON_66458,VOL_11078,100.0,2025-11-20
DON_66459,VOL_11078,50.0,2025-11-27
DON_66460,VOL_11078,25.0,2025-11-27
DON_66461,VOL_11078,50.0,2025-11-30
DON_66462,VOL_11078,10.0,2025-12-04
DON_66463,VOL_11078,50.0,2025-12-18
DON_66464,VOL_11078,10.0,2026-01-22
DON_66465,VOL_11078,25.0,2026-01-29
DON_66466,VOL_11078,10.0,2026-03-12
DON_66467,VOL_11078,10.0,2026-03-15
DON_66468,VOL_11078,100.0,2026-03-29
DON_66469,VOL_11078,100.0,2026-03-29
DON_66470,VOL_11079,25.0,2025-04-06
DON_66471,VOL_11079,25.0,2025-04-17
DON_66472,VOL_11079,50.0,2025-04-27
DON_66473,VOL_11079,50.0,2025-05-08
DON_66474,VOL_11079,25.0,2025-05-11
DON_66475,VOL_11079,50.0,2025-05-18
DON_66476,VOL_11079,25.0,2025-05-18
DON_66477,VOL_11079,25.0,2025-05-29
DON_66478,VOL_11079,100.0,2025-06-08
DON_66479,VOL_11079,50.0,2025-06-08
DON_66480,VOL_11079,50.0,2025-06-12
DON_66481,VOL_11079,10.0,2025-07-17
DON_66482,VOL_11079,50.0,2025-07-20
DON_66483,VOL_11079,50.0,2025-07-31
DON_66484,VOL_11079,25.0,2025-08-28
DON_66485,VOL_11079,100.0,2025-09-14
DON_66486,VOL_11079,10.0,2025-09-18
DON_66487,VOL_11079,25.0,2025-09-21
DON_66488,VOL_11079,10.0,2025-09-25
DON_66489,VOL_11079,10.0,2025-11-06
DON_66490,VOL_11079,10.0,2025-11-09
DON_66491,VOL_11079,25.0,2025-11-27
DON_66492,VOL_11079,10.0,2025-12-14
DON_66493,VOL_11079,10.0,2025-12-14
DON_66494,VOL_11079,10.0,2026-01-04
DON_66495,VOL_11079,100.0,2026-01-22
DON_66496,VOL_11079,50.0,2026-01-25
DON_66497,VOL_11079,25.0,2026-02-08
DON_66498,VOL_11079,10.0,2026-02-26
DON_66499,VOL_11081,25.0,2025-04-17
DON_66500,VOL_11081,100.0,2025-04-27
DON_66501,VOL_11081,25.0,2025-05-01
DON_66502,VOL_11081,10.0,2025-05-08
DON_66503,VOL_11081,10.0,2025-06-01
DON_66504,VOL_11081,50.0,2025-06-12
DON_66505,VOL_11081,10.0,2025-06-29
DON_66506,VOL_11081,50.0,2025-07-03
DON_66507,VOL_11081,10.0,2025-07-20
DON_66508,VOL_11081,10.0,2025-07-27
DON_66509,VOL_11081,25.0,2025-07-27
DON_66510,VOL_11081,10.0,2025-07-31
DON_66511,VOL_11081,10.0,2025-08-07
DON_66512,VOL_11081,100.0,2025-08-07
DON_66513,VOL_11081,25.0,2025-08-10
DON_66514,VOL_11081,100.0,2025-09-11
DON_66515,VOL_11081,10.0,2025-09-25
DON_66516,VOL_11081,50.0,2025-10-02
DON_66517,VOL_11081,100.0,2025-10-05
DON_66518,VOL_11081,10.0,2025-10-16
DON_66519,VOL_11081,10.0,2025-10-23
DON_66520,VOL_11081,50.0,2025-10-30
DON_66521,VOL_11081,10.0,2025-10-30
DON_66522,VOL_11081,25.0,2025-12-11
DON_66523,VOL_11081,10.0,2025-12-28
DON_66524,VOL_11081,50.0,2026-01-25
DON_66525,VOL_11081,25.0,2026-01-25
DON_66526,VOL_11081,10.0,2026-01-29
DON_66527,VOL_11081,10.0,2026-02-08
DON_66528,VOL_11081,10.0,2026-02-12
DON_66529,VOL_11081,10.0,2026-02-15
DON_66530,VOL_11081,25.0,2026-02-15
DON_66531,VOL_11081,50.0,2026-02-15
DON_66532,VOL_11081,10.0,2026-02-19
DON_66533,VOL_11081,50.0,2026-03-01
DON_66534,VOL_11081,25.0,2026-03-26
DON_66535,VOL_11082,50.0,2025-08-10
DON_66536,VOL_11082,50.0,2025-10-12
DON_66537,VOL_11082,25.0,2025-11-27
DON_66538,VOL_11082,10.0,2026-01-22
DON_66539,VOL_11082,10.0,2026-02-05
DON_66540,VOL_11082,25.0,2026-03-05
DON_66541,VOL_11082,50.0,2026-03-15
DON_66542,VOL_11082,25.0,2026-04-26
DON_66543,VOL_11083,10.0,2025-07-17
DON_66544,VOL_11083,10.0,2025-07-17
DON_66545,VOL_11083,10.0,2025-07-17
DON_66546,VOL_11083,25.0,2025-08-03
DON_66547,VOL_11083,10.0,2025-08-21
DON_66548,VOL_11083,25.0,2025-10-16
DON_66549,VOL_11083,50.0,2025-12-07
DON_66550,VOL_11083,50.0,2025-12-18
DON_66551,VOL_11083,50.0,2026-03-26
DON_66552,VOL_11084,10.0,2025-07-17
DON_66553,VOL_11084,10.0,2025-07-20
DON_66554,VOL_11084,10.0,2025-08-10
DON_66555,VOL_11084,50.0,2025-08-14
DON_66556,VOL_11084,10.0,2025-08-21
DON_66557,VOL_11084,100.0,2025-09-25
DON_66558,VOL_11084,25.0,2025-09-28
DON_66559,VOL_11084,10.0,2025-10-26
DON_66560,VOL_11084,10.0,2025-10-30
DON_66561,VOL_11084,50.0,2025-11-20
DON_66562,VOL_11084,100.0,2025-11-23
DON_66563,VOL_11084,10.0,2025-11-27
DON_66564,VOL_11084,10.0,2025-12-07
DON_66565,VOL_11084,50.0,2025-12-14
DON_66566,VOL_11084,25.0,2025-12-18
DON_66567,VOL_11084,100.0,2025-12-28
DON_66568,VOL_11084,10.0,2026-01-25
DON_66569,VOL_11084,25.0,2026-01-29
DON_66570,VOL_11084,10.0,2026-02-01
DON_66571,VOL_11084,10.0,2026-02-08
DON_66572,VOL_11084,25.0,2026-02-15
DON_66573,VOL_11084,10.0,2026-03-19
DON_66574,VOL_11084,50.0,2026-03-29
DON_66575,VOL_11084,50.0,2026-04-12
DON_66576,VOL_11084,10.0,2026-04-26
DON_66577,VOL_11084,10.0,2026-04-30
DON_66578,VOL_11085,10.0,2025-03-09
DON_66579,VOL_11085,10.0,2025-03-16
DON_66580,VOL_11085,10.0,2025-03-23
DON_66581,VOL_11085,50.0,2025-03-30
DON_66582,VOL_11085,50.0,2025-04-03
DON_66583,VOL_11085,25.0,2025-04-20
DON_66584,VOL_11085,100.0,2025-04-20
DON_66585,VOL_11085,10.0,2025-06-19
DON_66586,VOL_11085,100.0,2025-06-19
DON_66587,VOL_11085,25.0,2025-06-26
DON_66588,VOL_11085,10.0,2025-07-06
DON_66589,VOL_11085,50.0,2025-07-17
DON_66590,VOL_11085,10.0,2025-07-20
DON_66591,VOL_11085,10.0,2025-08-14
DON_66592,VOL_11085,10.0,2025-08-17
DON_66593,VOL_11085,10.0,2025-08-21
DON_66594,VOL_11085,25.0,2025-08-24
DON_66595,VOL_11085,100.0,2025-08-28
DON_66596,VOL_11085,50.0,2025-09-04
DON_66597,VOL_11085,25.0,2025-09-25
DON_66598,VOL_11085,10.0,2025-10-23
DON_66599,VOL_11085,25.0,2025-10-30
DON_66600,VOL_11085,25.0,2025-11-02
DON_66601,VOL_11085,25.0,2025-11-06
DON_66602,VOL_11085,10.0,2025-11-20
DON_66603,VOL_11085,25.0,2025-12-04
DON_66604,VOL_11085,10.0,2026-01-11
DON_66605,VOL_11085,10.0,2026-01-15
DON_66606,VOL_11085,50.0,2026-02-12
DON_66607,VOL_11085,100.0,2026-02-15
DON_66608,VOL_11085,100.0,2026-03-08
DON_66609,VOL_11085,25.0,2026-04-09
DON_66610,VOL_11085,10.0,2026-04-16
DON_66611,VOL_11085,10.0,2026-04-23
DON_66612,VOL_11085,50.0,2026-04-23
DON_66613,VOL_11086,50.0,2025-07-03
DON_66614,VOL_11086,50.0,2025-07-06
DON_66615,VOL_11086,25.0,2025-07-20
DON_66616,VOL_11086,50.0,2025-07-20
DON_66617,VOL_11086,25.0,2025-07-27
DON_66618,VOL_11087,10.0,2025-10-30
DON_66619,VOL_11087,50.0,2025-11-06
DON_66620,VOL_11087,10.0,2025-11-06
DON_66621,VOL_11087,10.0,2025-11-06
DON_66622,VOL_11087,25.0,2025-12-11
DON_66623,VOL_11087,50.0,2025-12-11
DON_66624,VOL_11087,10.0,2025-12-21
DON_66625,VOL_11087,10.0,2025-12-21
DON_66626,VOL_11087,50.0,2026-01-15
DON_66627,VOL_11087,25.0,2026-01-18
DON_66628,VOL_11087,100.0,2026-01-18
DON_66629,VOL_11087,10.0,2026-03-05
DON_66630,VOL_11087,10.0,2026-03-19
DON_66631,VOL_11087,10.0,2026-04-16
DON_66632,VOL_11088,10.0,2025-06-12
DON_66633,VOL_11088,10.0,2025-06-26
DON_66634,VOL_11088,10.0,2025-07-13
DON_66635,VOL_11088,10.0,2025-07-17
DON_66636,VOL_11088,25.0,2025-07-20
DON_66637,VOL_11088,25.0,2025-09-14
DON_66638,VOL_11088,25.0,2025-09-21
DON_66639,VOL_11088,10.0,2025-09-25
DON_66640,VOL_11088,25.0,2025-09-28
DON_66641,VOL_11088,50.0,2025-10-12
DON_66642,VOL_11088,50.0,2025-10-19
DON_66643,VOL_11088,25.0,2025-11-02
DON_66644,VOL_11088,50.0,2025-11-23
DON_66645,VOL_11088,25.0,2025-11-23
DON_66646,VOL_11088,100.0,2025-12-07
DON_66647,VOL_11088,25.0,2025-12-18
DON_66648,VOL_11088,10.0,2026-01-08
DON_66649,VOL_11088,25.0,2026-01-15
DON_66650,VOL_11088,25.0,2026-01-15
DON_66651,VOL_11088,25.0,2026-02-01
DON_66652,VOL_11088,50.0,2026-02-26
DON_66653,VOL_11088,25.0,2026-03-08
DON_66654,VOL_11088,25.0,2026-03-15
DON_66655,VOL_11088,50.0,2026-03-19
DON_66656,VOL_11088,10.0,2026-04-16
DON_66657,VOL_11088,10.0,2026-04-16
DON_66658,VOL_11089,10.0,2025-03-16
DON_66659,VOL_11089,50.0,2025-03-20
DON_66660,VOL_11089,10.0,2025-03-23
DON_66661,VOL_11090,10.0,2026-02-12
DON_66662,VOL_11090,10.0,2026-03-05
DON_66663,VOL_11090,100.0,2026-03-12
DON_66664,VOL_11090,25.0,2026-03-26
DON_66665,VOL_11090,10.0,2026-04-02
DON_66666,VOL_11090,10.0,2026-04-09
DON_66667,VOL_11090,25.0,2026-04-09
DON_66668,VOL_11090,10.0,2026-04-23
DON_66669,VOL_11090,25.0,2026-04-26
DON_66670,VOL_11091,50.0,2025-02-02
DON_66671,VOL_11092,25.0,2025-12-21
DON_66672,VOL_11092,25.0,2026-01-15
DON_66673,VOL_11092,10.0,2026-02-15
DON_66674,VOL_11092,10.0,2026-03-12
DON_66675,VOL_11093,25.0,2025-02-27
DON_66676,VOL_11093,50.0,2025-03-09
DON_66677,VOL_11093,50.0,2025-03-13
DON_66678,VOL_11093,10.0,2025-03-13
DON_66679,VOL_11093,10.0,2025-03-30
DON_66680,VOL_11093,100.0,2025-04-10
DON_66681,VOL_11093,50.0,2025-04-20
DON_66682,VOL_11093,25.0,2025-04-27
DON_66683,VOL_11093,50.0,2025-05-01
DON_66684,VOL_11093,10.0,2025-05-01
DON_66685,VOL_11093,25.0,2025-06-15
DON_66686,VOL_11093,50.0,2025-06-15
DON_66687,VOL_11093,10.0,2025-07-03
DON_66688,VOL_11093,25.0,2025-07-06
DON_66689,VOL_11093,10.0,2025-07-20
DON_66690,VOL_11093,10.0,2025-07-31
DON_66691,VOL_11093,10.0,2025-08-14
DON_66692,VOL_11093,50.0,2025-08-17
DON_66693,VOL_11093,100.0,2025-10-02
DON_66694,VOL_11093,10.0,2025-10-19
DON_66695,VOL_11093,10.0,2025-11-02
DON_66696,VOL_11093,10.0,2025-11-13
DON_66697,VOL_11093,10.0,2025-11-23
DON_66698,VOL_11093,50.0,2025-12-14
DON_66699,VOL_11093,25.0,2025-12-25
DON_66700,VOL_11093,10.0,2026-01-15
DON_66701,VOL_11093,50.0,2026-02-12
DON_66702,VOL_11093,10.0,2026-02-22
DON_66703,VOL_11093,10.0,2026-02-26
DON_66704,VOL_11093,50.0,2026-03-05
DON_66705,VOL_11093,25.0,2026-03-26
DON_66706,VOL_11093,10.0,2026-04-09
DON_66707,VOL_11093,50.0,2026-04-12
DON_66708,VOL_11093,10.0,2026-04-16
DON_66709,VOL_11094,50.0,2025-02-23
DON_66710,VOL_11094,50.0,2025-02-27
DON_66711,VOL_11094,10.0,2025-03-23
DON_66712,VOL_11094,50.0,2025-03-23
DON_66713,VOL_11094,100.0,2025-04-27
DON_66714,VOL_11094,10.0,2025-05-04
DON_66715,VOL_11094,10.0,2025-05-08
DON_66716,VOL_11094,10.0,2025-06-29
DON_66717,VOL_11094,10.0,2025-07-06
DON_66718,VOL_11094,10.0,2025-07-17
DON_66719,VOL_11094,10.0,2025-07-20
DON_66720,VOL_11094,10.0,2025-07-20
DON_66721,VOL_11094,10.0,2025-07-27
DON_66722,VOL_11094,10.0,2025-08-28
DON_66723,VOL_11094,100.0,2025-09-18
DON_66724,VOL_11094,100.0,2025-09-21
DON_66725,VOL_11094,25.0,2025-09-28
DON_66726,VOL_11094,50.0,2025-10-05
DON_66727,VOL_11094,10.0,2025-10-05
DON_66728,VOL_11094,10.0,2025-10-12
DON_66729,VOL_11094,10.0,2025-10-19
DON_66730,VOL_11094,100.0,2025-10-26
DON_66731,VOL_11094,100.0,2025-11-16
DON_66732,VOL_11094,25.0,2025-11-20
DON_66733,VOL_11094,50.0,2025-11-27
DON_66734,VOL_11094,25.0,2026-01-08
DON_66735,VOL_11094,10.0,2026-01-08
DON_66736,VOL_11094,10.0,2026-01-15
DON_66737,VOL_11094,10.0,2026-02-05
DON_66738,VOL_11094,10.0,2026-02-08
DON_66739,VOL_11094,10.0,2026-02-12
DON_66740,VOL_11094,10.0,2026-02-19
DON_66741,VOL_11094,25.0,2026-03-01
DON_66742,VOL_11094,25.0,2026-03-12
DON_66743,VOL_11094,50.0,2026-04-02
DON_66744,VOL_11094,50.0,2026-04-12
DON_66745,VOL_11095,10.0,2025-11-13
DON_66746,VOL_11095,100.0,2025-12-25
DON_66747,VOL_11095,10.0,2026-01-04
DON_66748,VOL_11095,25.0,2026-01-29
DON_66749,VOL_11095,10.0,2026-02-01
DON_66750,VOL_11095,10.0,2026-02-12
DON_66751,VOL_11095,10.0,2026-02-15
DON_66752,VOL_11095,10.0,2026-03-12
DON_66753,VOL_11095,10.0,2026-03-26
DON_66754,VOL_11095,25.0,2026-04-12
DON_66755,VOL_11095,10.0,2026-04-30
DON_66756,VOL_11095,50.0,2026-04-30
DON_66757,VOL_11096,25.0,2025-12-14
DON_66758,VOL_11096,10.0,2026-02-22
DON_66759,VOL_11096,50.0,2026-03-05
DON_66760,VOL_11096,50.0,2026-03-29
DON_66761,VOL_11096,25.0,2026-04-16
DON_66762,VOL_11098,50.0,2025-09-28
DON_66763,VOL_11098,10.0,2025-10-23
DON_66764,VOL_11098,10.0,2025-10-23
DON_66765,VOL_11098,50.0,2025-11-09
DON_66766,VOL_11098,10.0,2025-11-16
DON_66767,VOL_11098,10.0,2025-11-23
DON_66768,VOL_11098,50.0,2025-11-30
DON_66769,VOL_11098,10.0,2025-12-07
DON_66770,VOL_11098,25.0,2025-12-11
DON_66771,VOL_11098,25.0,2025-12-11
DON_66772,VOL_11098,100.0,2025-12-14
DON_66773,VOL_11098,100.0,2026-02-15
DON_66774,VOL_11098,25.0,2026-02-19
DON_66775,VOL_11098,50.0,2026-02-22
DON_66776,VOL_11098,10.0,2026-02-26
DON_66777,VOL_11098,10.0,2026-03-05
DON_66778,VOL_11098,50.0,2026-03-12
DON_66779,VOL_11098,50.0,2026-03-12
DON_66780,VOL_11098,50.0,2026-03-15
DON_66781,VOL_11098,25.0,2026-04-02
DON_66782,VOL_11099,10.0,2025-09-18
DON_66783,VOL_11099,10.0,2025-09-28
DON_66784,VOL_11099,25.0,2025-10-12
DON_66785,VOL_11099,50.0,2025-10-23
DON_66786,VOL_11099,10.0,2025-10-23
DON_66787,VOL_11099,10.0,2025-10-26
DON_66788,VOL_11099,10.0,2025-11-06
DON_66789,VOL_11099,50.0,2025-11-23
DON_66790,VOL_11099,25.0,2025-12-07
DON_66791,VOL_11099,10.0,2025-12-25
DON_66792,VOL_11099,25.0,2026-01-04
DON_66793,VOL_11099,25.0,2026-01-08
DON_66794,VOL_11099,10.0,2026-01-15
DON_66795,VOL_11099,50.0,2026-01-22
DON_66796,VOL_11099,25.0,2026-01-22
DON_66797,VOL_11099,25.0,2026-01-25
DON_66798,VOL_11099,50.0,2026-02-05
DON_66799,VOL_11099,10.0,2026-03-12
DON_66800,VOL_11099,10.0,2026-04-05
DON_66801,VOL_11099,25.0,2026-04-09
DON_66802,VOL_11100,50.0,2025-07-10
DON_66803,VOL_11100,50.0,2025-07-31
DON_66804,VOL_11100,10.0,2025-08-07
DON_66805,VOL_11100,25.0,2025-08-24
DON_66806,VOL_11100,50.0,2025-09-28
DON_66807,VOL_11100,10.0,2025-10-02
DON_66808,VOL_11100,10.0,2025-10-05
DON_66809,VOL_11100,10.0,2025-11-06
DON_66810,VOL_11100,50.0,2025-11-09
DON_66811,VOL_11100,10.0,2026-01-22
DON_66812,VOL_11100,10.0,2026-02-05
DON_66813,VOL_11100,10.0,2026-02-12
DON_66814,VOL_11100,25.0,2026-03-12
DON_66815,VOL_11100,10.0,2026-04-23
DON_66816,VOL_11100,10.0,2026-04-26
DON_66817,VOL_11100,25.0,2026-04-30
DON_66818,VOL_11101,25.0,2025-03-02
DON_66819,VOL_11101,10.0,2025-03-09
DON_66820,VOL_11101,10.0,2025-04-10
DON_66821,VOL_11101,50.0,2025-04-17
DON_66822,VOL_11101,10.0,2025-05-08
DON_66823,VOL_11101,25.0,2025-05-08
DON_66824,VOL_11101,50.0,2025-06-08
DON_66825,VOL_11101,50.0,2025-06-26
DON_66826,VOL_11101,25.0,2025-07-06
DON_66827,VOL_11101,25.0,2025-07-10
DON_66828,VOL_11101,10.0,2025-08-07
DON_66829,VOL_11101,100.0,2025-08-21
DON_66830,VOL_11101,10.0,2025-09-21
DON_66831,VOL_11101,25.0,2025-10-12
DON_66832,VOL_11101,25.0,2025-10-30
DON_66833,VOL_11101,10.0,2025-11-06
DON_66834,VOL_11101,25.0,2025-11-16
DON_66835,VOL_11101,50.0,2025-11-27
DON_66836,VOL_11101,25.0,2025-11-27
DON_66837,VOL_11101,10.0,2025-11-30
DON_66838,VOL_11101,100.0,2025-12-04
DON_66839,VOL_11101,10.0,2025-12-11
DON_66840,VOL_11101,10.0,2026-01-04
DON_66841,VOL_11101,25.0,2026-01-22
DON_66842,VOL_11101,10.0,2026-02-08
DON_66843,VOL_11101,10.0,2026-03-05
DON_66844,VOL_11101,10.0,2026-03-05
DON_66845,VOL_11101,10.0,2026-04-05
DON_66846,VOL_11101,25.0,2026-04-09
DON_66847,VOL_11101,10.0,2026-04-09
DON_66848,VOL_11101,10.0,2026-04-12
DON_66849,VOL_11101,10.0,2026-04-23
DON_66850,VOL_11103,25.0,2025-10-12
DON_66851,VOL_11103,10.0,2025-11-16
DON_66852,VOL_11103,100.0,2025-11-20
DON_66853,VOL_11103,50.0,2025-12-04
DON_66854,VOL_11103,10.0,2025-12-25
DON_66855,VOL_11103,25.0,2026-01-15
DON_66856,VOL_11103,25.0,2026-01-29
DON_66857,VOL_11103,50.0,2026-02-12
DON_66858,VOL_11103,25.0,2026-02-26
DON_66859,VOL_11103,10.0,2026-03-05
DON_66860,VOL_11103,25.0,2026-04-09
DON_66861,VOL_11103,25.0,2026-04-23
DON_66862,VOL_11103,10.0,2026-04-26
DON_66863,VOL_11103,10.0,2026-04-30
DON_66864,VOL_11104,10.0,2025-12-25
DON_66865,VOL_11105,25.0,2026-01-08
DON_66866,VOL_11105,50.0,2026-01-18
DON_66867,VOL_11105,10.0,2026-01-22
DON_66868,VOL_11105,10.0,2026-01-25
DON_66869,VOL_11105,25.0,2026-03-05
DON_66870,VOL_11105,25.0,2026-03-12
DON_66871,VOL_11105,25.0,2026-03-12
DON_66872,VOL_11105,10.0,2026-03-22
DON_66873,VOL_11106,25.0,2025-11-13
DON_66874,VOL_11106,50.0,2025-11-13
DON_66875,VOL_11106,25.0,2025-11-23
DON_66876,VOL_11106,25.0,2025-11-30
DON_66877,VOL_11106,50.0,2025-12-04
DON_66878,VOL_11106,10.0,2025-12-18
DON_66879,VOL_11106,25.0,2026-01-04
DON_66880,VOL_11106,10.0,2026-01-25
DON_66881,VOL_11106,10.0,2026-01-29
DON_66882,VOL_11106,10.0,2026-02-01
DON_66883,VOL_11106,25.0,2026-02-05
DON_66884,VOL_11106,50.0,2026-02-22
DON_66885,VOL_11106,100.0,2026-02-26
DON_66886,VOL_11106,100.0,2026-03-08
DON_66887,VOL_11106,10.0,2026-03-29
DON_66888,VOL_11106,50.0,2026-04-26
DON_66889,VOL_11106,10.0,2026-04-30
DON_66890,VOL_11107,100.0,2026-03-12
DON_66891,VOL_11107,50.0,2026-04-12
DON_66892,VOL_11108,50.0,2025-09-14
DON_66893,VOL_11108,10.0,2025-09-18
DON_66894,VOL_11108,10.0,2025-09-28
DON_66895,VOL_11108,100.0,2025-11-09
DON_66896,VOL_11108,50.0,2025-11-16
DON_66897,VOL_11108,50.0,2025-11-23
DON_66898,VOL_11108,100.0,2025-11-30
DON_66899,VOL_11108,25.0,2025-12-04
DON_66900,VOL_11108,50.0,2025-12-11
DON_66901,VOL_11108,25.0,2025-12-14
DON_66902,VOL_11108,10.0,2025-12-28
DON_66903,VOL_11108,25.0,2026-01-15
DON_66904,VOL_11108,100.0,2026-02-08
DON_66905,VOL_11108,100.0,2026-02-12
DON_66906,VOL_11108,25.0,2026-02-19
DON_66907,VOL_11108,25.0,2026-02-22
DON_66908,VOL_11108,25.0,2026-03-12
DON_66909,VOL_11108,100.0,2026-04-02
DON_66910,VOL_11108,50.0,2026-04-09
DON_66911,VOL_11108,100.0,2026-04-16
DON_66912,VOL_11108,25.0,2026-04-23
DON_66913,VOL_11109,10.0,2025-06-01
DON_66914,VOL_11109,100.0,2025-06-08
DON_66915,VOL_11109,10.0,2025-06-15
DON_66916,VOL_11109,100.0,2025-06-26
DON_66917,VOL_11110,10.0,2025-10-02
DON_66918,VOL_11110,25.0,2025-10-16
DON_66919,VOL_11110,10.0,2025-11-23
DON_66920,VOL_11110,25.0,2025-12-04
DON_66921,VOL_11110,100.0,2025-12-11
DON_66922,VOL_11110,10.0,2025-12-18
DON_66923,VOL_11110,25.0,2025-12-21
DON_66924,VOL_11110,50.0,2025-12-21
DON_66925,VOL_11110,50.0,2026-01-08
DON_66926,VOL_11110,100.0,2026-01-25
DON_66927,VOL_11110,50.0,2026-02-08
DON_66928,VOL_11110,25.0,2026-04-16
DON_66929,VOL_11110,100.0,2026-04-19
DON_66930,VOL_11111,50.0,2025-04-03
DON_66931,VOL_11111,100.0,2025-04-03
DON_66932,VOL_11111,10.0,2025-04-03
DON_66933,VOL_11111,25.0,2025-04-10
DON_66934,VOL_11111,25.0,2025-04-20
DON_66935,VOL_11111,50.0,2025-04-27
DON_66936,VOL_11111,50.0,2025-05-04
DON_66937,VOL_11111,10.0,2025-06-01
DON_66938,VOL_11111,50.0,2025-06-08
DON_66939,VOL_11111,25.0,2025-07-06
DON_66940,VOL_11111,25.0,2025-07-10
DON_66941,VOL_11111,10.0,2025-07-13
DON_66942,VOL_11111,10.0,2025-07-27
DON_66943,VOL_11111,25.0,2025-08-21
DON_66944,VOL_11111,10.0,2025-09-14
DON_66945,VOL_11111,10.0,2025-09-18
DON_66946,VOL_11111,50.0,2025-10-02
DON_66947,VOL_11111,50.0,2025-10-30
DON_66948,VOL_11111,25.0,2025-11-16
DON_66949,VOL_11111,25.0,2025-11-20
DON_66950,VOL_11111,50.0,2025-11-27
DON_66951,VOL_11111,25.0,2025-12-14
DON_66952,VOL_11111,50.0,2025-12-28
DON_66953,VOL_11111,50.0,2025-12-28
DON_66954,VOL_11111,100.0,2026-01-25
DON_66955,VOL_11111,10.0,2026-02-15
DON_66956,VOL_11111,50.0,2026-03-08
DON_66957,VOL_11111,25.0,2026-03-19
DON_66958,VOL_11111,10.0,2026-04-02
DON_66959,VOL_11111,25.0,2026-04-23
DON_66960,VOL_11112,50.0,2025-10-16
DON_66961,VOL_11112,25.0,2025-10-16
DON_66962,VOL_11112,25.0,2025-11-16
DON_66963,VOL_11112,25.0,2025-11-20
DON_66964,VOL_11112,10.0,2025-11-20
DON_66965,VOL_11112,25.0,2025-12-04
DON_66966,VOL_11112,25.0,2025-12-14
DON_66967,VOL_11112,10.0,2025-12-28
DON_66968,VOL_11112,25.0,2026-01-01
DON_66969,VOL_11112,25.0,2026-01-15
DON_66970,VOL_11112,100.0,2026-01-15
DON_66971,VOL_11112,10.0,2026-01-18
DON_66972,VOL_11112,10.0,2026-02-08
DON_66973,VOL_11112,10.0,2026-03-05
DON_66974,VOL_11112,25.0,2026-03-19
DON_66975,VOL_11112,10.0,2026-03-19
DON_66976,VOL_11112,10.0,2026-04-16
DON_66977,VOL_11113,25.0,2025-04-17
DON_66978,VOL_11113,10.0,2025-05-11
DON_66979,VOL_11113,10.0,2025-06-19
DON_66980,VOL_11113,25.0,2025-07-13
DON_66981,VOL_11113,25.0,2025-07-17
DON_66982,VOL_11113,10.0,2025-07-17
DON_66983,VOL_11113,25.0,2025-07-20
DON_66984,VOL_11113,50.0,2025-07-20
DON_66985,VOL_11113,10.0,2025-08-17
DON_66986,VOL_11113,25.0,2025-08-24
DON_66987,VOL_11113,50.0,2025-10-02
DON_66988,VOL_11113,10.0,2025-11-02
DON_66989,VOL_11113,25.0,2025-11-06
DON_66990,VOL_11113,10.0,2025-11-16
DON_66991,VOL_11113,10.0,2025-11-20
DON_66992,VOL_11113,50.0,2025-11-23
DON_66993,VOL_11113,50.0,2025-12-14
DON_66994,VOL_11113,10.0,2026-02-01
DON_66995,VOL_11113,10.0,2026-02-05
DON_66996,VOL_11113,10.0,2026-02-08
DON_66997,VOL_11113,25.0,2026-03-08
DON_66998,VOL_11113,25.0,2026-03-12
DON_66999,VOL_11113,100.0,2026-03-29
DON_67000,VOL_11113,50.0,2026-04-12
DON_67001,VOL_11113,50.0,2026-04-16
DON_67002,VOL_11113,10.0,2026-04-26
DON_67003,VOL_11115,100.0,2026-01-22
DON_67004,VOL_11115,25.0,2026-02-08
DON_67005,VOL_11115,25.0,2026-02-12
DON_67006,VOL_11115,25.0,2026-03-01
DON_67007,VOL_11115,50.0,2026-04-30
DON_67008,VOL_11115,10.0,2026-04-30
DON_67009,VOL_11116,25.0,2025-06-26
DON_67010,VOL_11116,25.0,2025-07-13
DON_67011,VOL_11116,100.0,2025-08-07
DON_67012,VOL_11116,10.0,2025-08-14
DON_67013,VOL_11116,25.0,2025-09-04
DON_67014,VOL_11116,10.0,2025-09-25
DON_67015,VOL_11116,10.0,2025-09-28
DON_67016,VOL_11116,50.0,2025-10-02
DON_67017,VOL_11116,10.0,2025-10-19
DON_67018,VOL_11116,25.0,2025-10-26
DON_67019,VOL_11116,10.0,2025-11-23
DON_67020,VOL_11116,25.0,2025-11-27
DON_67021,VOL_11116,25.0,2025-11-30
DON_67022,VOL_11116,50.0,2025-12-07
DON_67023,VOL_11116,100.0,2025-12-11
DON_67024,VOL_11116,10.0,2025-12-11
DON_67025,VOL_11116,10.0,2025-12-14
DON_67026,VOL_11116,10.0,2025-12-18
DON_67027,VOL_11116,10.0,2026-01-01
DON_67028,VOL_11116,50.0,2026-01-04
DON_67029,VOL_11116,10.0,2026-02-15
DON_67030,VOL_11116,25.0,2026-02-19
DON_67031,VOL_11116,25.0,2026-02-26
DON_67032,VOL_11116,100.0,2026-04-09
DON_67033,VOL_11116,10.0,2026-04-12
DON_67034,VOL_11116,100.0,2026-04-16
DON_67035,VOL_11116,50.0,2026-04-30
DON_67036,VOL_11116,10.0,2026-04-30
DON_67037,VOL_11117,25.0,2025-11-23
DON_67038,VOL_11118,25.0,2025-09-21
DON_67039,VOL_11118,25.0,2025-09-28
DON_67040,VOL_11118,10.0,2025-10-02
DON_67041,VOL_11118,25.0,2025-10-12
DON_67042,VOL_11118,10.0,2025-11-09
DON_67043,VOL_11118,10.0,2025-11-16
DON_67044,VOL_11118,50.0,2025-11-23
DON_67045,VOL_11118,25.0,2025-11-27
DON_67046,VOL_11118,10.0,2025-12-18
DON_67047,VOL_11118,10.0,2026-01-04
DON_67048,VOL_11118,25.0,2026-01-08
DON_67049,VOL_11118,10.0,2026-01-29
DON_67050,VOL_11118,25.0,2026-03-01
DON_67051,VOL_11118,25.0,2026-03-12
DON_67052,VOL_11118,10.0,2026-03-19
DON_67053,VOL_11118,25.0,2026-03-29
DON_67054,VOL_11118,25.0,2026-04-16
DON_67055,VOL_11118,10.0,2026-04-16
DON_67056,VOL_11119,10.0,2025-12-14
DON_67057,VOL_11119,10.0,2026-02-01
DON_67058,VOL_11119,10.0,2026-02-05
DON_67059,VOL_11119,25.0,2026-02-26
DON_67060,VOL_11119,10.0,2026-03-01
DON_67061,VOL_11119,25.0,2026-03-12
DON_67062,VOL_11119,50.0,2026-03-19
DON_67063,VOL_11119,10.0,2026-03-19
DON_67064,VOL_11119,50.0,2026-04-09
DON_67065,VOL_11119,10.0,2026-04-16
DON_67066,VOL_11119,10.0,2026-04-26
DON_67067,VOL_11120,50.0,2026-01-25
DON_67068,VOL_11120,100.0,2026-02-19
DON_67069,VOL_11120,50.0,2026-02-26
DON_67070,VOL_11120,10.0,2026-03-01
DON_67071,VOL_11120,10.0,2026-03-22
DON_67072,VOL_11120,50.0,2026-04-23
DON_67073,VOL_11121,25.0,2026-03-05
DON_67074,VOL_11121,10.0,2026-03-05
DON_67075,VOL_11121,50.0,2026-03-05
DON_67076,VOL_11121,100.0,2026-03-15
DON_67077,VOL_11121,25.0,2026-03-15
DON_67078,VOL_11121,25.0,2026-03-19
DON_67079,VOL_11121,10.0,2026-03-29
DON_67080,VOL_11121,25.0,2026-04-02
DON_67081,VOL_11121,25.0,2026-04-09
DON_67082,VOL_11122,25.0,2025-12-21
DON_67083,VOL_11122,25.0,2025-12-28
DON_67084,VOL_11122,50.0,2026-01-25
DON_67085,VOL_11123,25.0,2025-09-28
DON_67086,VOL_11123,25.0,2025-10-12
DON_67087,VOL_11124,10.0,2025-10-02
DON_67088,VOL_11124,10.0,2025-10-16
DON_67089,VOL_11124,10.0,2025-10-26
DON_67090,VOL_11124,10.0,2025-11-13
DON_67091,VOL_11124,25.0,2025-11-23
DON_67092,VOL_11124,100.0,2025-11-27
DON_67093,VOL_11124,25.0,2025-11-30
DON_67094,VOL_11124,10.0,2025-12-04
DON_67095,VOL_11124,50.0,2025-12-14
DON_67096,VOL_11124,100.0,2026-01-04
DON_67097,VOL_11124,10.0,2026-01-11
DON_67098,VOL_11124,50.0,2026-02-19
DON_67099,VOL_11124,10.0,2026-03-05
DON_67100,VOL_11124,50.0,2026-03-12
DON_67101,VOL_11124,10.0,2026-03-15
DON_67102,VOL_11124,50.0,2026-03-19
DON_67103,VOL_11124,25.0,2026-04-02
DON_67104,VOL_11124,50.0,2026-04-02
DON_67105,VOL_11125,25.0,2025-01-23
DON_67106,VOL_11125,25.0,2025-01-26
DON_67107,VOL_11125,10.0,2025-02-06
DON_67108,VOL_11125,10.0,2025-02-09
DON_67109,VOL_11125,50.0,2025-02-23
DON_67110,VOL_11125,50.0,2025-03-13
DON_67111,VOL_11125,10.0,2025-03-23
DON_67112,VOL_11125,10.0,2025-03-27
DON_67113,VOL_11125,25.0,2025-04-06
DON_67114,VOL_11125,25.0,2025-04-10
DON_67115,VOL_11125,25.0,2025-04-17
DON_67116,VOL_11125,25.0,2025-04-20
DON_67117,VOL_11125,25.0,2025-04-24
DON_67118,VOL_11125,25.0,2025-05-01
DON_67119,VOL_11125,10.0,2025-05-08
DON_67120,VOL_11125,25.0,2025-06-01
DON_67121,VOL_11125,50.0,2025-06-12
DON_67122,VOL_11125,10.0,2025-06-22
DON_67123,VOL_11125,50.0,2025-06-22
DON_67124,VOL_11125,10.0,2025-06-29
DON_67125,VOL_11125,10.0,2025-07-24
DON_67126,VOL_11125,100.0,2025-08-24
DON_67127,VOL_11125,25.0,2025-09-11
DON_67128,VOL_11125,25.0,2025-09-14
DON_67129,VOL_11125,10.0,2025-10-19
DON_67130,VOL_11125,10.0,2025-11-13
DON_67131,VOL_11125,10.0,2025-11-23
DON_67132,VOL_11125,10.0,2025-12-04
DON_67133,VOL_11125,50.0,2025-12-11
DON_67134,VOL_11125,25.0,2025-12-28
DON_67135,VOL_11125,10.0,2026-01-15
DON_67136,VOL_11125,10.0,2026-01-22
DON_67137,VOL_11125,25.0,2026-02-22
DON_67138,VOL_11125,25.0,2026-02-22
DON_67139,VOL_11125,25.0,2026-03-19
DON_67140,VOL_11125,25.0,2026-04-23
DON_67141,VOL_11125,25.0,2026-04-23
DON_67142,VOL_11125,10.0,2026-04-30
DON_67143,VOL_11126,50.0,2026-03-01
DON_67144,VOL_11126,10.0,2026-03-29
DON_67145,VOL_11127,25.0,2025-12-25
DON_67146,VOL_11127,10.0,2026-01-11
DON_67147,VOL_11127,50.0,2026-01-15
DON_67148,VOL_11127,25.0,2026-01-22
DON_67149,VOL_11127,50.0,2026-01-29
DON_67150,VOL_11127,10.0,2026-02-26
DON_67151,VOL_11127,10.0,2026-03-05
DON_67152,VOL_11127,50.0,2026-03-08
DON_67153,VOL_11127,10.0,2026-03-12
DON_67154,VOL_11127,50.0,2026-04-05
DON_67155,VOL_11127,25.0,2026-04-30
DON_67156,VOL_11127,50.0,2026-04-30
DON_67157,VOL_11128,10.0,2025-05-01
DON_67158,VOL_11128,10.0,2025-05-08
DON_67159,VOL_11128,10.0,2025-05-11
DON_67160,VOL_11128,10.0,2025-05-18
DON_67161,VOL_11128,50.0,2025-05-29
DON_67162,VOL_11128,10.0,2025-05-29
DON_67163,VOL_11128,100.0,2025-06-15
DON_67164,VOL_11128,10.0,2025-06-15
DON_67165,VOL_11128,100.0,2025-06-26
DON_67166,VOL_11128,50.0,2025-06-29
DON_67167,VOL_11128,10.0,2025-07-31
DON_67168,VOL_11128,25.0,2025-08-03
DON_67169,VOL_11128,10.0,2025-08-14
DON_67170,VOL_11128,10.0,2025-08-24
DON_67171,VOL_11128,50.0,2025-08-28
DON_67172,VOL_11128,100.0,2025-08-31
DON_67173,VOL_11128,50.0,2025-09-18
DON_67174,VOL_11128,100.0,2025-09-21
DON_67175,VOL_11128,25.0,2025-10-12
DON_67176,VOL_11128,10.0,2025-10-12
DON_67177,VOL_11128,10.0,2025-10-23
DON_67178,VOL_11128,10.0,2025-11-13
DON_67179,VOL_11128,100.0,2025-11-30
DON_67180,VOL_11128,100.0,2025-12-04
DON_67181,VOL_11128,100.0,2025-12-04
DON_67182,VOL_11128,50.0,2025-12-04
DON_67183,VOL_11128,10.0,2025-12-04
DON_67184,VOL_11128,10.0,2025-12-07
DON_67185,VOL_11128,10.0,2025-12-25
DON_67186,VOL_11128,10.0,2026-01-04
DON_67187,VOL_11128,25.0,2026-01-22
DON_67188,VOL_11128,25.0,2026-01-25
DON_67189,VOL_11128,100.0,2026-01-29
DON_67190,VOL_11128,25.0,2026-02-08
DON_67191,VOL_11128,10.0,2026-03-05
DON_67192,VOL_11128,50.0,2026-04-09
DON_67193,VOL_11128,10.0,2026-04-16
DON_67194,VOL_11129,50.0,2025-03-20
DON_67195,VOL_11129,25.0,2025-03-23
DON_67196,VOL_11129,50.0,2025-04-24
DON_67197,VOL_11129,10.0,2025-05-22
DON_67198,VOL_11129,25.0,2025-05-25
DON_67199,VOL_11129,10.0,2025-06-01
DON_67200,VOL_11129,50.0,2025-06-01
DON_67201,VOL_11129,25.0,2025-06-15
DON_67202,VOL_11129,10.0,2025-06-26
DON_67203,VOL_11129,25.0,2025-07-20
DON_67204,VOL_11129,10.0,2025-08-17
DON_67205,VOL_11129,10.0,2025-08-21
DON_67206,VOL_11129,50.0,2025-08-24
DON_67207,VOL_11129,25.0,2025-09-21
DON_67208,VOL_11129,100.0,2025-10-05
DON_67209,VOL_11129,100.0,2025-10-30
DON_67210,VOL_11129,10.0,2025-11-09
DON_67211,VOL_11129,100.0,2025-11-16
DON_67212,VOL_11129,25.0,2025-11-16
DON_67213,VOL_11129,25.0,2025-12-04
DON_67214,VOL_11129,100.0,2025-12-18
DON_67215,VOL_11129,25.0,2025-12-25
DON_67216,VOL_11129,25.0,2026-01-08
DON_67217,VOL_11129,10.0,2026-01-15
DON_67218,VOL_11129,10.0,2026-01-25
DON_67219,VOL_11129,10.0,2026-01-29
DON_67220,VOL_11129,10.0,2026-02-05
DON_67221,VOL_11129,10.0,2026-02-08
DON_67222,VOL_11129,10.0,2026-02-19
DON_67223,VOL_11129,50.0,2026-03-05
DON_67224,VOL_11129,10.0,2026-03-19
DON_67225,VOL_11129,10.0,2026-03-26
DON_67226,VOL_11129,10.0,2026-04-19
DON_67227,VOL_11130,100.0,2025-10-30
DON_67228,VOL_11130,10.0,2025-11-13
DON_67229,VOL_11130,10.0,2025-11-13
DON_67230,VOL_11130,25.0,2025-11-13
DON_67231,VOL_11130,25.0,2025-11-16
DON_67232,VOL_11130,50.0,2025-12-04
DON_67233,VOL_11130,10.0,2026-01-04
DON_67234,VOL_11130,10.0,2026-01-08
DON_67235,VOL_11130,10.0,2026-01-15
DON_67236,VOL_11130,25.0,2026-01-15
DON_67237,VOL_11130,10.0,2026-02-22
DON_67238,VOL_11130,50.0,2026-02-26
DON_67239,VOL_11130,25.0,2026-03-15
DON_67240,VOL_11130,10.0,2026-04-12
DON_67241,VOL_11130,10.0,2026-04-26
DON_67242,VOL_11131,25.0,2025-05-18
DON_67243,VOL_11131,100.0,2025-05-25
DON_67244,VOL_11131,25.0,2025-05-29
DON_67245,VOL_11131,10.0,2025-06-15
DON_67246,VOL_11131,50.0,2025-06-19
DON_67247,VOL_11131,10.0,2025-06-26
DON_67248,VOL_11131,10.0,2025-07-27
DON_67249,VOL_11131,10.0,2025-08-07
DON_67250,VOL_11131,25.0,2025-08-17
DON_67251,VOL_11131,10.0,2025-08-24
DON_67252,VOL_11131,10.0,2025-08-28
DON_67253,VOL_11131,10.0,2025-09-21
DON_67254,VOL_11131,50.0,2025-10-05
DON_67255,VOL_11131,100.0,2025-10-12
DON_67256,VOL_11131,50.0,2025-10-19
DON_67257,VOL_11131,10.0,2025-10-26
DON_67258,VOL_11131,25.0,2025-10-30
DON_67259,VOL_11131,100.0,2025-10-30
DON_67260,VOL_11131,10.0,2025-11-06
DON_67261,VOL_11131,25.0,2025-11-09
DON_67262,VOL_11131,50.0,2025-11-16
DON_67263,VOL_11131,100.0,2025-11-16
DON_67264,VOL_11131,10.0,2025-11-20
DON_67265,VOL_11131,25.0,2025-11-30
DON_67266,VOL_11131,25.0,2025-12-11
DON_67267,VOL_11131,25.0,2025-12-11
DON_67268,VOL_11131,25.0,2025-12-18
DON_67269,VOL_11131,25.0,2025-12-25
DON_67270,VOL_11131,10.0,2026-01-18
DON_67271,VOL_11131,100.0,2026-01-22
DON_67272,VOL_11131,10.0,2026-02-05
DON_67273,VOL_11131,25.0,2026-02-08
DON_67274,VOL_11131,10.0,2026-02-26
DON_67275,VOL_11131,50.0,2026-02-26
DON_67276,VOL_11131,10.0,2026-03-08
DON_67277,VOL_11131,50.0,2026-03-15
DON_67278,VOL_11131,50.0,2026-04-09
DON_67279,VOL_11131,50.0,2026-04-16
DON_67280,VOL_11131,10.0,2026-04-26
DON_67281,VOL_11131,10.0,2026-04-30
DON_67282,VOL_11132,50.0,2025-06-01
DON_67283,VOL_11132,25.0,2025-06-29
DON_67284,VOL_11132,10.0,2025-07-20
DON_67285,VOL_11132,50.0,2025-07-31
DON_67286,VOL_11132,25.0,2025-08-10
DON_67287,VOL_11132,25.0,2025-08-14
DON_67288,VOL_11132,25.0,2025-10-12
DON_67289,VOL_11132,10.0,2025-10-16
DON_67290,VOL_11132,25.0,2025-11-02
DON_67291,VOL_11132,10.0,2025-11-30
DON_67292,VOL_11132,10.0,2025-11-30
DON_67293,VOL_11132,50.0,2025-12-04
DON_67294,VOL_11132,25.0,2025-12-18
DON_67295,VOL_11132,10.0,2025-12-21
DON_67296,VOL_11132,10.0,2026-01-08
DON_67297,VOL_11132,10.0,2026-01-18
DON_67298,VOL_11132,25.0,2026-02-05
DON_67299,VOL_11132,50.0,2026-03-19
DON_67300,VOL_11132,25.0,2026-03-29
DON_67301,VOL_11132,25.0,2026-04-12
DON_67302,VOL_11132,10.0,2026-04-23
DON_67303,VOL_11134,25.0,2026-02-12
DON_67304,VOL_11134,25.0,2026-02-15
DON_67305,VOL_11134,50.0,2026-03-15
DON_67306,VOL_11134,25.0,2026-04-09
DON_67307,VOL_11134,10.0,2026-04-09
DON_67308,VOL_11134,10.0,2026-04-26
DON_67309,VOL_11135,25.0,2025-09-11
DON_67310,VOL_11135,10.0,2025-09-28
DON_67311,VOL_11135,10.0,2025-10-12
DON_67312,VOL_11135,10.0,2025-10-12
DON_67313,VOL_11135,10.0,2025-11-09
DON_67314,VOL_11135,25.0,2025-11-13
DON_67315,VOL_11135,10.0,2025-11-23
DON_67316,VOL_11135,10.0,2025-12-14
DON_67317,VOL_11135,50.0,2026-02-08
DON_67318,VOL_11135,50.0,2026-02-26
DON_67319,VOL_11135,10.0,2026-03-29
DON_67320,VOL_11135,100.0,2026-04-05
DON_67321,VOL_11135,50.0,2026-04-19
DON_67322,VOL_11135,25.0,2026-04-23
DON_67323,VOL_11136,10.0,2025-06-26
DON_67324,VOL_11136,25.0,2025-06-29
DON_67325,VOL_11136,10.0,2025-06-29
DON_67326,VOL_11136,25.0,2025-07-10
DON_67327,VOL_11137,25.0,2025-03-06
DON_67328,VOL_11137,100.0,2025-03-20
DON_67329,VOL_11137,25.0,2025-04-03
DON_67330,VOL_11137,25.0,2025-04-13
DON_67331,VOL_11137,100.0,2025-04-20
DON_67332,VOL_11137,100.0,2025-04-27
DON_67333,VOL_11137,50.0,2025-05-01
DON_67334,VOL_11137,25.0,2025-05-08
DON_67335,VOL_11137,50.0,2025-05-18
DON_67336,VOL_11137,10.0,2025-06-01
DON_67337,VOL_11137,50.0,2025-06-22
DON_67338,VOL_11137,25.0,2025-06-22
DON_67339,VOL_11137,10.0,2025-07-10
DON_67340,VOL_11137,25.0,2025-08-03
DON_67341,VOL_11137,25.0,2025-08-03
DON_67342,VOL_11137,25.0,2025-08-17
DON_67343,VOL_11137,50.0,2025-08-28
DON_67344,VOL_11137,25.0,2025-08-31
DON_67345,VOL_11137,50.0,2025-09-04
DON_67346,VOL_11137,25.0,2025-09-21
DON_67347,VOL_11137,10.0,2025-09-28
DON_67348,VOL_11137,50.0,2025-10-16
DON_67349,VOL_11137,50.0,2025-10-26
DON_67350,VOL_11137,10.0,2025-10-26
DON_67351,VOL_11137,10.0,2025-11-16
DON_67352,VOL_11137,50.0,2025-11-30
DON_67353,VOL_11137,10.0,2025-12-11
DON_67354,VOL_11137,25.0,2025-12-11
DON_67355,VOL_11137,10.0,2026-01-08
DON_67356,VOL_11137,100.0,2026-01-15
DON_67357,VOL_11137,25.0,2026-01-22
DON_67358,VOL_11137,10.0,2026-01-29
DON_67359,VOL_11137,10.0,2026-02-15
DON_67360,VOL_11137,25.0,2026-02-15
DON_67361,VOL_11137,50.0,2026-03-15
DON_67362,VOL_11137,100.0,2026-04-12
DON_67363,VOL_11137,25.0,2026-04-19
DON_67364,VOL_11138,10.0,2025-10-05
DON_67365,VOL_11138,50.0,2025-10-19
DON_67366,VOL_11138,10.0,2025-10-23
DON_67367,VOL_11138,25.0,2025-10-26
DON_67368,VOL_11138,10.0,2025-10-30
DON_67369,VOL_11138,10.0,2025-11-09
DON_67370,VOL_11138,25.0,2025-11-16
DON_67371,VOL_11138,100.0,2025-11-23
DON_67372,VOL_11138,25.0,2025-11-30
DON_67373,VOL_11138,10.0,2025-11-30
DON_67374,VOL_11138,10.0,2025-12-04
DON_67375,VOL_11138,25.0,2025-12-11
DON_67376,VOL_11138,50.0,2025-12-28
DON_67377,VOL_11138,25.0,2026-01-04
DON_67378,VOL_11138,25.0,2026-01-15
DON_67379,VOL_11138,50.0,2026-01-15
DON_67380,VOL_11138,100.0,2026-02-12
DON_67381,VOL_11138,25.0,2026-04-12
DON_67382,VOL_11138,10.0,2026-04-23
DON_67383,VOL_11138,10.0,2026-04-30
DON_67384,VOL_11139,100.0,2025-01-19
DON_67385,VOL_11139,10.0,2025-02-20
DON_67386,VOL_11139,25.0,2025-03-16
DON_67387,VOL_11139,10.0,2025-04-06
DON_67388,VOL_11139,100.0,2025-04-24
DON_67389,VOL_11139,10.0,2025-04-24
DON_67390,VOL_11139,100.0,2025-04-27
DON_67391,VOL_11139,25.0,2025-05-01
DON_67392,VOL_11139,10.0,2025-06-01
DON_67393,VOL_11139,10.0,2025-06-08
DON_67394,VOL_11139,10.0,2025-07-20
DON_67395,VOL_11139,100.0,2025-10-02
DON_67396,VOL_11139,10.0,2025-11-30
DON_67397,VOL_11139,10.0,2025-12-28
DON_67398,VOL_11139,50.0,2026-02-01
DON_67399,VOL_11139,100.0,2026-02-19
DON_67400,VOL_11139,10.0,2026-03-19
DON_67401,VOL_11139,100.0,2026-04-30
DON_67402,VOL_11140,25.0,2025-11-23
DON_67403,VOL_11140,25.0,2025-11-23
DON_67404,VOL_11140,10.0,2025-11-30
DON_67405,VOL_11140,50.0,2025-11-30
DON_67406,VOL_11141,25.0,2025-04-17
DON_67407,VOL_11141,10.0,2025-04-20
DON_67408,VOL_11141,10.0,2025-04-24
DON_67409,VOL_11141,25.0,2025-05-11
DON_67410,VOL_11141,50.0,2025-05-18
DON_67411,VOL_11141,10.0,2025-05-22
DON_67412,VOL_11141,100.0,2025-06-29
DON_67413,VOL_11141,25.0,2025-07-17
DON_67414,VOL_11141,25.0,2025-07-20
DON_67415,VOL_11141,10.0,2025-07-24
DON_67416,VOL_11141,25.0,2025-07-31
DON_67417,VOL_11141,100.0,2025-08-03
DON_67418,VOL_11141,100.0,2025-08-10
DON_67419,VOL_11141,100.0,2025-08-24
DON_67420,VOL_11141,10.0,2025-08-28
DON_67421,VOL_11141,25.0,2025-09-28
DON_67422,VOL_11141,10.0,2025-10-12
DON_67423,VOL_11141,25.0,2025-10-26
DON_67424,VOL_11141,100.0,2025-10-30
DON_67425,VOL_11141,50.0,2025-10-30
DON_67426,VOL_11141,25.0,2025-11-02
DON_67427,VOL_11141,10.0,2025-12-04
DON_67428,VOL_11141,100.0,2025-12-07
DON_67429,VOL_11141,10.0,2025-12-14
DON_67430,VOL_11141,25.0,2025-12-28
DON_67431,VOL_11141,50.0,2026-01-04
DON_67432,VOL_11141,10.0,2026-02-08
DON_67433,VOL_11141,25.0,2026-03-29
DON_67434,VOL_11141,100.0,2026-04-12
DON_67435,VOL_11141,25.0,2026-04-16
DON_67436,VOL_11141,50.0,2026-04-23
DON_67437,VOL_11142,50.0,2025-07-20
DON_67438,VOL_11142,10.0,2025-07-31
DON_67439,VOL_11142,10.0,2025-08-17
DON_67440,VOL_11142,100.0,2025-08-17
DON_67441,VOL_11142,25.0,2025-08-24
DON_67442,VOL_11142,10.0,2025-09-04
DON_67443,VOL_11142,25.0,2025-10-02
DON_67444,VOL_11142,50.0,2025-11-27
DON_67445,VOL_11142,25.0,2025-11-30
DON_67446,VOL_11142,50.0,2025-12-04
DON_67447,VOL_11142,50.0,2026-01-15
DON_67448,VOL_11142,25.0,2026-01-18
DON_67449,VOL_11142,25.0,2026-02-05
DON_67450,VOL_11142,10.0,2026-02-26
DON_67451,VOL_11142,10.0,2026-03-19
DON_67452,VOL_11142,100.0,2026-04-02
DON_67453,VOL_11142,25.0,2026-04-05
DON_67454,VOL_11142,10.0,2026-04-16
DON_67455,VOL_11142,10.0,2026-04-26
DON_67456,VOL_11143,10.0,2025-06-15
DON_67457,VOL_11143,25.0,2025-06-22
DON_67458,VOL_11143,25.0,2025-06-22
DON_67459,VOL_11143,10.0,2025-07-03
DON_67460,VOL_11143,10.0,2025-07-10
DON_67461,VOL_11143,25.0,2025-07-13
DON_67462,VOL_11143,100.0,2025-07-27
DON_67463,VOL_11143,25.0,2025-08-10
DON_67464,VOL_11143,25.0,2025-08-10
DON_67465,VOL_11143,25.0,2025-09-04
DON_67466,VOL_11143,25.0,2025-10-05
DON_67467,VOL_11143,50.0,2025-10-12
DON_67468,VOL_11143,10.0,2025-10-26
DON_67469,VOL_11143,50.0,2025-12-21
DON_67470,VOL_11143,50.0,2026-01-08
DON_67471,VOL_11143,50.0,2026-01-18
DON_67472,VOL_11143,25.0,2026-02-05
DON_67473,VOL_11143,50.0,2026-02-08
DON_67474,VOL_11143,25.0,2026-02-26
DON_67475,VOL_11143,50.0,2026-03-05
DON_67476,VOL_11143,50.0,2026-03-08
DON_67477,VOL_11143,25.0,2026-03-12
DON_67478,VOL_11143,10.0,2026-03-15
DON_67479,VOL_11143,50.0,2026-03-15
DON_67480,VOL_11143,25.0,2026-03-19
DON_67481,VOL_11143,25.0,2026-03-29
DON_67482,VOL_11143,100.0,2026-04-05
DON_67483,VOL_11143,50.0,2026-04-09
DON_67484,VOL_11143,25.0,2026-04-23
DON_67485,VOL_11144,25.0,2025-06-12
DON_67486,VOL_11144,10.0,2025-08-03
DON_67487,VOL_11144,25.0,2025-08-03
DON_67488,VOL_11144,100.0,2025-08-07
DON_67489,VOL_11144,10.0,2025-08-28
DON_67490,VOL_11144,25.0,2025-08-28
DON_67491,VOL_11144,50.0,2025-08-31
DON_67492,VOL_11144,50.0,2025-09-14
DON_67493,VOL_11144,10.0,2025-10-26
DON_67494,VOL_11144,50.0,2025-10-30
DON_67495,VOL_11144,50.0,2025-11-09
DON_67496,VOL_11144,50.0,2025-11-13
DON_67497,VOL_11144,25.0,2025-11-16
DON_67498,VOL_11144,50.0,2025-11-20
DON_67499,VOL_11144,10.0,2025-12-18
DON_67500,VOL_11144,25.0,2025-12-25
DON_67501,VOL_11144,10.0,2026-01-04
DON_67502,VOL_11144,10.0,2026-01-22
DON_67503,VOL_11144,50.0,2026-01-29
DON_67504,VOL_11144,10.0,2026-01-29
DON_67505,VOL_11144,50.0,2026-02-12
DON_67506,VOL_11144,25.0,2026-02-19
DON_67507,VOL_11144,25.0,2026-03-15
DON_67508,VOL_11144,10.0,2026-03-19
DON_67509,VOL_11144,50.0,2026-04-02
DON_67510,VOL_11144,50.0,2026-04-26
DON_67511,VOL_11145,10.0,2025-11-16
DON_67512,VOL_11145,10.0,2025-11-16
DON_67513,VOL_11146,10.0,2025-12-25
DON_67514,VOL_11146,10.0,2026-03-15
DON_67515,VOL_11146,25.0,2026-04-02
DON_67516,VOL_11146,10.0,2026-04-09
DON_67517,VOL_11147,25.0,2025-10-05
DON_67518,VOL_11148,50.0,2025-03-27
DON_67519,VOL_11148,25.0,2025-04-13
DON_67520,VOL_11148,25.0,2025-04-20
DON_67521,VOL_11148,25.0,2025-05-18
DON_67522,VOL_11148,10.0,2025-06-22
DON_67523,VOL_11148,10.0,2025-06-29
DON_67524,VOL_11148,25.0,2025-07-10
DON_67525,VOL_11148,50.0,2025-07-27
DON_67526,VOL_11148,50.0,2025-08-28
DON_67527,VOL_11148,10.0,2025-09-04
DON_67528,VOL_11148,10.0,2025-10-16
DON_67529,VOL_11148,25.0,2025-10-26
DON_67530,VOL_11148,50.0,2025-11-02
DON_67531,VOL_11148,25.0,2025-11-02
DON_67532,VOL_11148,100.0,2025-11-06
DON_67533,VOL_11148,25.0,2025-11-23
DON_67534,VOL_11148,50.0,2025-11-30
DON_67535,VOL_11148,25.0,2025-12-25
DON_67536,VOL_11148,10.0,2026-01-01
DON_67537,VOL_11148,25.0,2026-01-18
DON_67538,VOL_11148,25.0,2026-02-01
DON_67539,VOL_11148,10.0,2026-02-08
DON_67540,VOL_11148,50.0,2026-02-19
DON_67541,VOL_11148,25.0,2026-02-19
DON_67542,VOL_11148,25.0,2026-02-22
DON_67543,VOL_11148,10.0,2026-02-26
DON_67544,VOL_11148,100.0,2026-03-12
DON_67545,VOL_11148,10.0,2026-03-12
DON_67546,VOL_11148,10.0,2026-04-12
DON_67547,VOL_11148,50.0,2026-04-16
DON_67548,VOL_11149,25.0,2025-02-02
DON_67549,VOL_11149,10.0,2025-02-09
DON_67550,VOL_11149,100.0,2025-02-09
DON_67551,VOL_11149,10.0,2025-03-09
DON_67552,VOL_11149,25.0,2025-03-09
DON_67553,VOL_11149,10.0,2025-03-13
DON_67554,VOL_11149,10.0,2025-03-20
DON_67555,VOL_11149,50.0,2025-03-23
DON_67556,VOL_11149,50.0,2025-04-20
DON_67557,VOL_11149,25.0,2025-04-27
DON_67558,VOL_11149,25.0,2025-05-04
DON_67559,VOL_11149,10.0,2025-05-08
DON_67560,VOL_11149,100.0,2025-06-19
DON_67561,VOL_11149,10.0,2025-07-06
DON_67562,VOL_11149,10.0,2025-08-17
DON_67563,VOL_11149,25.0,2025-09-04
DON_67564,VOL_11149,100.0,2025-09-18
DON_67565,VOL_11149,10.0,2025-09-25
DON_67566,VOL_11149,50.0,2025-09-28
DON_67567,VOL_11149,10.0,2025-10-05
DON_67568,VOL_11149,25.0,2025-10-05
DON_67569,VOL_11149,50.0,2025-10-16
DON_67570,VOL_11149,25.0,2025-10-26
DON_67571,VOL_11149,25.0,2025-10-26
DON_67572,VOL_11149,50.0,2025-10-30
DON_67573,VOL_11149,10.0,2025-11-09
DON_67574,VOL_11149,10.0,2025-11-20
DON_67575,VOL_11149,10.0,2025-11-27
DON_67576,VOL_11149,10.0,2025-12-14
DON_67577,VOL_11149,10.0,2026-02-12
DON_67578,VOL_11149,25.0,2026-02-22
DON_67579,VOL_11149,10.0,2026-03-01
DON_67580,VOL_11149,10.0,2026-04-16
DON_67581,VOL_11150,25.0,2025-03-27
DON_67582,VOL_11150,10.0,2025-06-26
DON_67583,VOL_11150,25.0,2025-08-24
DON_67584,VOL_11150,100.0,2025-08-28
DON_67585,VOL_11150,25.0,2025-09-04
DON_67586,VOL_11150,100.0,2025-09-18
DON_67587,VOL_11150,10.0,2025-10-05
DON_67588,VOL_11150,10.0,2025-11-09
DON_67589,VOL_11150,10.0,2025-11-13
DON_67590,VOL_11150,10.0,2025-11-13
DON_67591,VOL_11150,50.0,2025-12-07
DON_67592,VOL_11150,50.0,2025-12-11
DON_67593,VOL_11150,25.0,2026-01-04
DON_67594,VOL_11150,10.0,2026-01-25
DON_67595,VOL_11150,10.0,2026-03-05
DON_67596,VOL_11150,25.0,2026-03-19
DON_67597,VOL_11150,25.0,2026-03-29
DON_67598,VOL_11151,10.0,2025-09-28
DON_67599,VOL_11151,10.0,2025-09-28
DON_67600,VOL_11151,50.0,2025-10-05
DON_67601,VOL_11151,25.0,2025-10-05
DON_67602,VOL_11151,10.0,2025-10-12
DON_67603,VOL_11151,10.0,2025-11-23
DON_67604,VOL_11151,25.0,2025-12-11
DON_67605,VOL_11151,10.0,2025-12-28
DON_67606,VOL_11151,25.0,2026-01-22
DON_67607,VOL_11151,10.0,2026-01-25
DON_67608,VOL_11151,25.0,2026-02-01
DON_67609,VOL_11151,10.0,2026-02-12
DON_67610,VOL_11151,10.0,2026-02-22
DON_67611,VOL_11151,50.0,2026-02-22
DON_67612,VOL_11151,25.0,2026-03-05
DON_67613,VOL_11151,10.0,2026-03-08
DON_67614,VOL_11151,25.0,2026-03-29
DON_67615,VOL_11151,10.0,2026-04-02
DON_67616,VOL_11152,25.0,2025-10-23
DON_67617,VOL_11152,10.0,2025-11-06
DON_67618,VOL_11152,10.0,2025-11-16
DON_67619,VOL_11152,100.0,2025-11-16
DON_67620,VOL_11152,25.0,2025-12-14
DON_67621,VOL_11152,25.0,2026-01-25
DON_67622,VOL_11152,25.0,2026-02-26
DON_67623,VOL_11152,50.0,2026-03-29
DON_67624,VOL_11152,10.0,2026-04-23
DON_67625,VOL_11152,25.0,2026-04-26
DON_67626,VOL_11153,10.0,2025-04-27
DON_67627,VOL_11153,50.0,2025-04-27
DON_67628,VOL_11154,10.0,2025-10-16
DON_67629,VOL_11154,25.0,2025-10-19
DON_67630,VOL_11154,10.0,2025-10-23
DON_67631,VOL_11154,10.0,2025-11-27
DON_67632,VOL_11154,50.0,2025-11-30
DON_67633,VOL_11154,50.0,2025-12-04
DON_67634,VOL_11154,25.0,2025-12-28
DON_67635,VOL_11154,10.0,2026-01-08
DON_67636,VOL_11154,25.0,2026-02-08
DON_67637,VOL_11154,10.0,2026-02-22
DON_67638,VOL_11154,25.0,2026-03-15
DON_67639,VOL_11154,10.0,2026-03-19
DON_67640,VOL_11154,10.0,2026-03-26
DON_67641,VOL_11154,10.0,2026-03-26
DON_67642,VOL_11154,50.0,2026-04-02
DON_67643,VOL_11154,50.0,2026-04-02
DON_67644,VOL_11154,10.0,2026-04-12
DON_67645,VOL_11155,10.0,2025-07-27
DON_67646,VOL_11155,10.0,2025-07-31
DON_67647,VOL_11155,50.0,2025-07-31
DON_67648,VOL_11155,100.0,2025-08-14
DON_67649,VOL_11155,10.0,2025-08-17
DON_67650,VOL_11155,10.0,2025-08-31
DON_67651,VOL_11155,100.0,2025-09-14
DON_67652,VOL_11155,25.0,2025-09-14
DON_67653,VOL_11155,10.0,2025-09-25
DON_67654,VOL_11155,50.0,2025-10-02
DON_67655,VOL_11155,10.0,2025-10-12
DON_67656,VOL_11155,10.0,2025-10-30
DON_67657,VOL_11155,50.0,2025-11-13
DON_67658,VOL_11155,50.0,2025-11-13
DON_67659,VOL_11155,10.0,2025-12-04
DON_67660,VOL_11155,10.0,2025-12-07
DON_67661,VOL_11155,10.0,2025-12-18
DON_67662,VOL_11155,10.0,2026-01-15
DON_67663,VOL_11155,10.0,2026-02-05
DON_67664,VOL_11155,50.0,2026-02-08
DON_67665,VOL_11155,25.0,2026-02-15
DON_67666,VOL_11155,50.0,2026-02-22
DON_67667,VOL_11155,50.0,2026-03-05
DON_67668,VOL_11155,10.0,2026-03-12
DON_67669,VOL_11155,50.0,2026-03-15
DON_67670,VOL_11155,10.0,2026-03-29
DON_67671,VOL_11155,10.0,2026-04-05
DON_67672,VOL_11156,25.0,2025-07-10
DON_67673,VOL_11157,25.0,2025-05-08
DON_67674,VOL_11157,10.0,2025-05-08
DON_67675,VOL_11157,50.0,2025-05-11
DON_67676,VOL_11157,50.0,2025-06-05
DON_67677,VOL_11157,25.0,2025-06-19
DON_67678,VOL_11157,10.0,2025-08-17
DON_67679,VOL_11157,10.0,2025-09-21
DON_67680,VOL_11157,10.0,2025-09-28
DON_67681,VOL_11157,50.0,2025-10-12
DON_67682,VOL_11157,10.0,2025-10-16
DON_67683,VOL_11157,100.0,2025-10-19
DON_67684,VOL_11157,25.0,2025-10-23
DON_67685,VOL_11157,50.0,2025-10-26
DON_67686,VOL_11157,10.0,2025-11-13
DON_67687,VOL_11157,25.0,2025-11-23
DON_67688,VOL_11157,10.0,2026-01-22
DON_67689,VOL_11157,10.0,2026-02-26
DON_67690,VOL_11157,100.0,2026-03-12
DON_67691,VOL_11157,10.0,2026-03-12
DON_67692,VOL_11157,25.0,2026-03-19
DON_67693,VOL_11157,10.0,2026-04-16
DON_67694,VOL_11157,25.0,2026-04-16
DON_67695,VOL_11157,50.0,2026-04-26
DON_67696,VOL_11158,25.0,2025-11-30
DON_67697,VOL_11159,50.0,2025-04-03
DON_67698,VOL_11159,10.0,2025-04-10
DON_67699,VOL_11159,10.0,2025-05-25
DON_67700,VOL_11159,10.0,2025-06-15
DON_67701,VOL_11159,25.0,2025-06-26
DON_67702,VOL_11159,10.0,2025-08-24
DON_67703,VOL_11159,100.0,2025-08-28
DON_67704,VOL_11159,10.0,2025-09-11
DON_67705,VOL_11159,10.0,2025-09-14
DON_67706,VOL_11159,25.0,2025-10-05
DON_67707,VOL_11159,10.0,2025-10-16
DON_67708,VOL_11159,10.0,2025-11-02
DON_67709,VOL_11159,10.0,2025-11-13
DON_67710,VOL_11159,10.0,2025-11-13
DON_67711,VOL_11159,10.0,2025-11-16
DON_67712,VOL_11159,25.0,2025-11-20
DON_67713,VOL_11159,10.0,2025-11-27
DON_67714,VOL_11159,10.0,2025-11-27
DON_67715,VOL_11159,25.0,2025-11-30
DON_67716,VOL_11159,25.0,2025-12-14
DON_67717,VOL_11159,10.0,2025-12-18
DON_67718,VOL_11159,10.0,2026-01-08
DON_67719,VOL_11159,10.0,2026-01-11
DON_67720,VOL_11159,10.0,2026-01-18
DON_67721,VOL_11159,100.0,2026-02-05
DON_67722,VOL_11159,50.0,2026-02-08
DON_67723,VOL_11159,25.0,2026-02-12
DON_67724,VOL_11159,50.0,2026-02-12
DON_67725,VOL_11159,10.0,2026-02-26
DON_67726,VOL_11159,25.0,2026-03-26
DON_67727,VOL_11159,50.0,2026-04-09
DON_67728,VOL_11159,50.0,2026-04-12
DON_67729,VOL_11160,10.0,2025-07-06
DON_67730,VOL_11160,25.0,2025-07-13
DON_67731,VOL_11160,10.0,2025-09-28
DON_67732,VOL_11160,10.0,2025-10-19
DON_67733,VOL_11160,10.0,2025-10-26
DON_67734,VOL_11160,50.0,2025-11-09
DON_67735,VOL_11160,10.0,2025-11-13
DON_67736,VOL_11160,50.0,2026-03-05
DON_67737,VOL_11160,100.0,2026-03-26
DON_67738,VOL_11161,10.0,2025-05-15
DON_67739,VOL_11161,100.0,2025-06-15
DON_67740,VOL_11161,10.0,2025-06-26
DON_67741,VOL_11161,50.0,2025-06-29
DON_67742,VOL_11161,10.0,2025-07-10
DON_67743,VOL_11161,50.0,2025-07-17
DON_67744,VOL_11161,25.0,2025-07-27
DON_67745,VOL_11161,10.0,2025-07-27
DON_67746,VOL_11161,10.0,2025-08-03
DON_67747,VOL_11161,10.0,2025-08-28
DON_67748,VOL_11161,10.0,2025-09-11
DON_67749,VOL_11161,50.0,2025-09-21
DON_67750,VOL_11161,10.0,2025-10-23
DON_67751,VOL_11161,10.0,2025-11-02
DON_67752,VOL_11161,10.0,2025-11-02
DON_67753,VOL_11161,10.0,2025-11-27
DON_67754,VOL_11161,25.0,2025-11-30
DON_67755,VOL_11161,25.0,2025-12-28
DON_67756,VOL_11161,50.0,2026-01-04
DON_67757,VOL_11161,10.0,2026-01-22
DON_67758,VOL_11161,100.0,2026-02-01
DON_67759,VOL_11161,10.0,2026-02-08
DON_67760,VOL_11161,25.0,2026-02-12
DON_67761,VOL_11161,100.0,2026-03-05
DON_67762,VOL_11161,10.0,2026-03-12
DON_67763,VOL_11161,100.0,2026-03-19
DON_67764,VOL_11161,10.0,2026-03-19
DON_67765,VOL_11161,10.0,2026-04-09
DON_67766,VOL_11161,10.0,2026-04-12
DON_67767,VOL_11161,25.0,2026-04-12
DON_67768,VOL_11161,25.0,2026-04-19
DON_67769,VOL_11162,10.0,2025-11-09
DON_67770,VOL_11162,10.0,2025-11-20
DON_67771,VOL_11162,10.0,2025-12-11
DON_67772,VOL_11162,25.0,2025-12-14
DON_67773,VOL_11162,50.0,2026-01-04
DON_67774,VOL_11162,50.0,2026-01-08
DON_67775,VOL_11162,10.0,2026-02-01
DON_67776,VOL_11162,10.0,2026-02-22
DON_67777,VOL_11162,25.0,2026-02-26
DON_67778,VOL_11162,10.0,2026-02-26
DON_67779,VOL_11162,10.0,2026-03-01
DON_67780,VOL_11162,25.0,2026-03-15
DON_67781,VOL_11162,10.0,2026-03-19
DON_67782,VOL_11162,10.0,2026-03-19
DON_67783,VOL_11162,25.0,2026-04-09
DON_67784,VOL_11164,50.0,2025-10-23
DON_67785,VOL_11164,50.0,2025-11-09
DON_67786,VOL_11164,10.0,2025-11-20
DON_67787,VOL_11164,25.0,2025-12-14
DON_67788,VOL_11164,25.0,2025-12-18
DON_67789,VOL_11164,50.0,2026-01-08
DON_67790,VOL_11164,50.0,2026-01-15
DON_67791,VOL_11164,50.0,2026-01-29
DON_67792,VOL_11164,100.0,2026-02-26
DON_67793,VOL_11164,25.0,2026-03-05
DON_67794,VOL_11164,10.0,2026-03-12
DON_67795,VOL_11164,10.0,2026-03-12
DON_67796,VOL_11164,50.0,2026-03-29
DON_67797,VOL_11164,25.0,2026-03-29
DON_67798,VOL_11164,50.0,2026-04-02
DON_67799,VOL_11164,25.0,2026-04-09
DON_67800,VOL_11164,50.0,2026-04-09
DON_67801,VOL_11164,10.0,2026-04-23
DON_67802,VOL_11164,10.0,2026-04-30
DON_67803,VOL_11165,10.0,2025-01-26
DON_67804,VOL_11166,25.0,2025-06-19
DON_67805,VOL_11166,25.0,2025-06-26
DON_67806,VOL_11166,10.0,2025-07-03
DON_67807,VOL_11166,10.0,2025-07-17
DON_67808,VOL_11166,100.0,2025-07-24
DON_67809,VOL_11166,25.0,2025-07-31
DON_67810,VOL_11166,10.0,2025-10-23
DON_67811,VOL_11166,10.0,2025-11-06
DON_67812,VOL_11166,25.0,2025-12-07
DON_67813,VOL_11166,50.0,2025-12-14
DON_67814,VOL_11166,50.0,2026-01-29
DON_67815,VOL_11166,10.0,2026-02-19
DON_67816,VOL_11166,10.0,2026-02-26
DON_67817,VOL_11166,50.0,2026-02-26
DON_67818,VOL_11166,10.0,2026-03-12
DON_67819,VOL_11166,10.0,2026-03-12
DON_67820,VOL_11166,10.0,2026-03-19
DON_67821,VOL_11166,25.0,2026-04-30
DON_67822,VOL_11167,25.0,2025-09-28
DON_67823,VOL_11167,10.0,2025-11-02
DON_67824,VOL_11167,100.0,2025-12-28
DON_67825,VOL_11167,25.0,2026-01-11
DON_67826,VOL_11167,10.0,2026-01-22
DON_67827,VOL_11167,25.0,2026-01-25
DON_67828,VOL_11167,10.0,2026-02-15
DON_67829,VOL_11167,10.0,2026-03-29
DON_67830,VOL_11167,50.0,2026-04-09
DON_67831,VOL_11167,50.0,2026-04-26
DON_67832,VOL_11168,50.0,2025-01-12
DON_67833,VOL_11168,10.0,2025-01-19
DON_67834,VOL_11168,25.0,2025-02-27
DON_67835,VOL_11168,50.0,2025-03-02
DON_67836,VOL_11168,10.0,2025-03-02
DON_67837,VOL_11168,25.0,2025-03-13
DON_67838,VOL_11168,10.0,2025-03-23
DON_67839,VOL_11168,10.0,2025-04-03
DON_67840,VOL_11168,100.0,2025-04-06
DON_67841,VOL_11168,25.0,2025-04-13
DON_67842,VOL_11168,25.0,2025-05-22
DON_67843,VOL_11168,25.0,2025-06-19
DON_67844,VOL_11168,100.0,2025-07-03
DON_67845,VOL_11168,25.0,2025-08-03
DON_67846,VOL_11168,50.0,2025-08-03
DON_67847,VOL_11168,10.0,2025-08-14
DON_67848,VOL_11168,10.0,2025-08-24
DON_67849,VOL_11168,25.0,2025-09-04
DON_67850,VOL_11168,100.0,2025-09-21
DON_67851,VOL_11168,50.0,2025-09-21
DON_67852,VOL_11168,100.0,2025-09-28
DON_67853,VOL_11168,25.0,2025-10-12
DON_67854,VOL_11168,10.0,2025-11-09
DON_67855,VOL_11168,25.0,2025-11-13
DON_67856,VOL_11168,50.0,2025-11-16
DON_67857,VOL_11168,25.0,2025-11-23
DON_67858,VOL_11168,25.0,2025-11-30
DON_67859,VOL_11168,50.0,2025-12-18
DON_67860,VOL_11168,25.0,2026-01-15
DON_67861,VOL_11168,10.0,2026-01-29
DON_67862,VOL_11168,25.0,2026-02-01
DON_67863,VOL_11168,10.0,2026-02-08
DON_67864,VOL_11168,25.0,2026-02-26
DON_67865,VOL_11168,10.0,2026-03-26
DON_67866,VOL_11169,10.0,2025-05-11
DON_67867,VOL_11169,10.0,2025-05-18
DON_67868,VOL_11170,50.0,2025-04-27
DON_67869,VOL_11170,25.0,2025-05-04
DON_67870,VOL_11170,100.0,2025-05-08
DON_67871,VOL_11170,50.0,2025-05-25
DON_67872,VOL_11170,25.0,2025-05-25
DON_67873,VOL_11170,100.0,2025-06-15
DON_67874,VOL_11170,10.0,2025-06-15
DON_67875,VOL_11170,50.0,2025-06-22
DON_67876,VOL_11170,50.0,2025-07-10
DON_67877,VOL_11170,10.0,2025-07-13
DON_67878,VOL_11170,10.0,2025-07-17
DON_67879,VOL_11170,50.0,2025-07-17
DON_67880,VOL_11170,25.0,2025-07-17
DON_67881,VOL_11170,25.0,2025-09-04
DON_67882,VOL_11170,25.0,2025-09-18
DON_67883,VOL_11170,25.0,2025-09-21
DON_67884,VOL_11170,50.0,2025-10-05
DON_67885,VOL_11170,10.0,2025-10-12
DON_67886,VOL_11170,10.0,2025-10-26
DON_67887,VOL_11170,25.0,2025-10-30
DON_67888,VOL_11170,10.0,2025-11-06
DON_67889,VOL_11170,10.0,2025-11-16
DON_67890,VOL_11170,25.0,2025-11-27
DON_67891,VOL_11170,25.0,2025-12-04
DON_67892,VOL_11170,50.0,2025-12-07
DON_67893,VOL_11170,10.0,2026-01-15
DON_67894,VOL_11170,50.0,2026-01-18
DON_67895,VOL_11170,50.0,2026-01-29
DON_67896,VOL_11170,25.0,2026-02-22
DON_67897,VOL_11170,100.0,2026-03-12
DON_67898,VOL_11170,10.0,2026-03-29
DON_67899,VOL_11170,50.0,2026-04-19
DON_67900,VOL_11171,10.0,2025-03-02
DON_67901,VOL_11171,10.0,2025-03-13
DON_67902,VOL_11171,10.0,2025-03-16
DON_67903,VOL_11171,25.0,2025-03-23
DON_67904,VOL_11171,10.0,2025-03-27
DON_67905,VOL_11171,100.0,2025-04-20
DON_67906,VOL_11171,25.0,2025-04-27
DON_67907,VOL_11171,10.0,2025-05-11
DON_67908,VOL_11171,50.0,2025-05-25
DON_67909,VOL_11171,10.0,2025-06-01
DON_67910,VOL_11171,25.0,2025-06-01
DON_67911,VOL_11171,25.0,2025-06-01
DON_67912,VOL_11171,10.0,2025-06-12
DON_67913,VOL_11171,25.0,2025-07-17
DON_67914,VOL_11171,10.0,2025-07-20
DON_67915,VOL_11171,100.0,2025-07-24
DON_67916,VOL_11171,25.0,2025-07-31
DON_67917,VOL_11171,10.0,2025-08-14
DON_67918,VOL_11171,100.0,2025-08-17
DON_67919,VOL_11171,25.0,2025-09-11
DON_67920,VOL_11171,25.0,2025-10-02
DON_67921,VOL_11171,10.0,2025-10-16
DON_67922,VOL_11171,50.0,2025-10-26
DON_67923,VOL_11171,25.0,2025-11-02
DON_67924,VOL_11171,50.0,2025-11-30
DON_67925,VOL_11171,10.0,2025-12-04
DON_67926,VOL_11171,100.0,2025-12-07
DON_67927,VOL_11171,25.0,2025-12-28
DON_67928,VOL_11171,25.0,2026-01-08
DON_67929,VOL_11171,50.0,2026-01-11
DON_67930,VOL_11171,10.0,2026-02-01
DON_67931,VOL_11171,100.0,2026-02-15
DON_67932,VOL_11171,100.0,2026-02-26
DON_67933,VOL_11171,25.0,2026-03-05
DON_67934,VOL_11171,10.0,2026-04-02
DON_67935,VOL_11171,25.0,2026-04-02
DON_67936,VOL_11171,10.0,2026-04-19
DON_67937,VOL_11171,10.0,2026-04-19
DON_67938,VOL_11172,50.0,2025-05-11
DON_67939,VOL_11172,100.0,2025-05-15
DON_67940,VOL_11172,10.0,2025-06-08
DON_67941,VOL_11172,10.0,2025-06-22
DON_67942,VOL_11172,10.0,2025-07-17
DON_67943,VOL_11172,10.0,2025-07-24
DON_67944,VOL_11172,25.0,2025-07-24
DON_67945,VOL_11172,10.0,2025-07-27
DON_67946,VOL_11172,50.0,2025-08-07
DON_67947,VOL_11172,25.0,2025-09-11
DON_67948,VOL_11172,25.0,2025-09-28
DON_67949,VOL_11172,10.0,2025-10-16
DON_67950,VOL_11172,10.0,2025-10-19
DON_67951,VOL_11172,25.0,2025-10-30
DON_67952,VOL_11172,25.0,2025-11-02
DON_67953,VOL_11172,10.0,2025-11-06
DON_67954,VOL_11172,10.0,2025-11-09
DON_67955,VOL_11172,25.0,2025-11-30
DON_67956,VOL_11172,10.0,2026-01-08
DON_67957,VOL_11172,10.0,2026-02-19
DON_67958,VOL_11172,10.0,2026-03-01
DON_67959,VOL_11172,50.0,2026-03-15
DON_67960,VOL_11172,50.0,2026-03-19
DON_67961,VOL_11172,25.0,2026-03-19
DON_67962,VOL_11172,10.0,2026-04-09
DON_67963,VOL_11172,10.0,2026-04-26
DON_67964,VOL_11172,10.0,2026-04-30
DON_67965,VOL_11173,50.0,2025-05-25
DON_67966,VOL_11173,100.0,2025-06-15
DON_67967,VOL_11173,100.0,2025-06-19
DON_67968,VOL_11173,25.0,2025-07-20
DON_67969,VOL_11173,50.0,2025-07-20
DON_67970,VOL_11173,10.0,2025-07-20
DON_67971,VOL_11173,100.0,2025-07-24
DON_67972,VOL_11173,50.0,2025-08-07
DON_67973,VOL_11173,100.0,2025-08-10
DON_67974,VOL_11173,100.0,2025-08-28
DON_67975,VOL_11173,25.0,2025-09-25
DON_67976,VOL_11173,25.0,2025-09-28
DON_67977,VOL_11173,10.0,2025-10-30
DON_67978,VOL_11173,10.0,2025-11-02
DON_67979,VOL_11173,10.0,2025-11-06
DON_67980,VOL_11173,100.0,2025-11-09
DON_67981,VOL_11173,50.0,2025-11-09
DON_67982,VOL_11173,25.0,2025-11-27
DON_67983,VOL_11173,50.0,2025-12-07
DON_67984,VOL_11173,50.0,2025-12-14
DON_67985,VOL_11173,10.0,2025-12-18
DON_67986,VOL_11173,50.0,2026-01-04
DON_67987,VOL_11173,10.0,2026-01-22
DON_67988,VOL_11173,10.0,2026-01-25
DON_67989,VOL_11173,10.0,2026-01-29
DON_67990,VOL_11173,100.0,2026-02-05
DON_67991,VOL_11173,10.0,2026-02-05
DON_67992,VOL_11173,10.0,2026-02-19
DON_67993,VOL_11173,50.0,2026-02-22
DON_67994,VOL_11173,25.0,2026-03-05
DON_67995,VOL_11173,100.0,2026-03-19
DON_67996,VOL_11173,25.0,2026-03-29
DON_67997,VOL_11173,10.0,2026-04-26
DON_67998,VOL_11174,100.0,2025-01-12
DON_67999,VOL_11174,10.0,2025-01-19
DON_68000,VOL_11174,10.0,2025-02-20
DON_68001,VOL_11174,10.0,2025-03-23
DON_68002,VOL_11174,25.0,2025-03-30
DON_68003,VOL_11174,50.0,2025-04-06
DON_68004,VOL_11174,10.0,2025-04-24
DON_68005,VOL_11174,50.0,2025-04-24
DON_68006,VOL_11174,100.0,2025-04-27
DON_68007,VOL_11174,10.0,2025-06-15
DON_68008,VOL_11174,100.0,2025-06-19
DON_68009,VOL_11174,25.0,2025-08-03
DON_68010,VOL_11174,10.0,2025-08-10
DON_68011,VOL_11174,25.0,2025-10-05
DON_68012,VOL_11174,25.0,2025-10-12
DON_68013,VOL_11174,10.0,2025-10-26
DON_68014,VOL_11174,10.0,2025-10-26
DON_68015,VOL_11174,25.0,2025-10-30
DON_68016,VOL_11174,50.0,2025-10-30
DON_68017,VOL_11174,10.0,2025-11-02
DON_68018,VOL_11174,50.0,2025-11-06
DON_68019,VOL_11174,10.0,2025-11-09
DON_68020,VOL_11174,10.0,2025-11-16
DON_68021,VOL_11174,50.0,2025-11-27
DON_68022,VOL_11174,10.0,2025-12-07
DON_68023,VOL_11174,10.0,2025-12-11
DON_68024,VOL_11174,25.0,2025-12-18
DON_68025,VOL_11174,25.0,2026-01-08
DON_68026,VOL_11174,50.0,2026-01-11
DON_68027,VOL_11174,50.0,2026-01-18
DON_68028,VOL_11174,10.0,2026-02-01
DON_68029,VOL_11174,10.0,2026-02-08
DON_68030,VOL_11174,10.0,2026-02-12
DON_68031,VOL_11174,50.0,2026-03-08
DON_68032,VOL_11174,10.0,2026-03-19
DON_68033,VOL_11174,100.0,2026-03-29
DON_68034,VOL_11174,10.0,2026-04-05
DON_68035,VOL_11174,10.0,2026-04-16
DON_68036,VOL_11174,25.0,2026-04-23
DON_68037,VOL_11175,10.0,2025-12-18
DON_68038,VOL_11175,10.0,2026-02-01
DON_68039,VOL_11175,50.0,2026-02-01
DON_68040,VOL_11175,10.0,2026-02-01
DON_68041,VOL_11175,10.0,2026-02-05
DON_68042,VOL_11175,25.0,2026-02-12
DON_68043,VOL_11175,10.0,2026-03-26
DON_68044,VOL_11175,10.0,2026-04-26
DON_68045,VOL_11176,25.0,2025-03-23
DON_68046,VOL_11177,25.0,2025-06-12
DON_68047,VOL_11177,50.0,2025-07-13
DON_68048,VOL_11177,50.0,2025-07-17
DON_68049,VOL_11177,50.0,2025-08-10
DON_68050,VOL_11177,25.0,2025-09-28
DON_68051,VOL_11177,100.0,2025-10-19
DON_68052,VOL_11177,50.0,2025-10-19
DON_68053,VOL_11177,10.0,2025-10-26
DON_68054,VOL_11177,10.0,2025-11-06
DON_68055,VOL_11177,10.0,2025-11-30
DON_68056,VOL_11177,100.0,2025-12-04
DON_68057,VOL_11177,100.0,2025-12-04
DON_68058,VOL_11177,50.0,2026-02-01
DON_68059,VOL_11177,10.0,2026-02-05
DON_68060,VOL_11177,50.0,2026-02-12
DON_68061,VOL_11177,25.0,2026-02-22
DON_68062,VOL_11177,10.0,2026-02-26
DON_68063,VOL_11177,25.0,2026-03-19
DON_68064,VOL_11177,100.0,2026-03-26
DON_68065,VOL_11177,50.0,2026-04-09
DON_68066,VOL_11177,50.0,2026-04-26
DON_68067,VOL_11177,100.0,2026-04-30
DON_68068,VOL_11178,10.0,2025-11-02
DON_68069,VOL_11178,25.0,2025-11-09
DON_68070,VOL_11178,10.0,2025-11-20
DON_68071,VOL_11178,10.0,2025-11-23
DON_68072,VOL_11178,10.0,2025-11-27
DON_68073,VOL_11178,25.0,2025-12-07
DON_68074,VOL_11178,10.0,2025-12-18
DON_68075,VOL_11178,10.0,2025-12-18
DON_68076,VOL_11178,10.0,2025-12-25
DON_68077,VOL_11178,10.0,2025-12-25
DON_68078,VOL_11178,50.0,2025-12-28
DON_68079,VOL_11178,10.0,2026-01-04
DON_68080,VOL_11178,10.0,2026-01-08
DON_68081,VOL_11178,25.0,2026-01-18
DON_68082,VOL_11178,25.0,2026-01-22
DON_68083,VOL_11178,50.0,2026-02-01
DON_68084,VOL_11178,100.0,2026-02-12
DON_68085,VOL_11178,10.0,2026-02-15
DON_68086,VOL_11178,100.0,2026-02-26
DON_68087,VOL_11178,10.0,2026-03-12
DON_68088,VOL_11178,25.0,2026-03-29
DON_68089,VOL_11178,50.0,2026-04-23
DON_68090,VOL_11179,50.0,2025-08-17
DON_68091,VOL_11179,10.0,2025-08-24
DON_68092,VOL_11180,10.0,2025-12-25
DON_68093,VOL_11180,10.0,2025-12-28
DON_68094,VOL_11180,10.0,2026-01-15
DON_68095,VOL_11180,50.0,2026-02-26
DON_68096,VOL_11180,25.0,2026-03-08
DON_68097,VOL_11180,100.0,2026-03-12
DON_68098,VOL_11180,25.0,2026-03-15
DON_68099,VOL_11180,10.0,2026-03-29
DON_68100,VOL_11180,10.0,2026-04-23
DON_68101,VOL_11180,25.0,2026-04-23
DON_68102,VOL_11180,10.0,2026-04-30
DON_68103,VOL_11181,50.0,2025-12-25
DON_68104,VOL_11182,10.0,2025-02-06
DON_68105,VOL_11182,25.0,2025-02-27
DON_68106,VOL_11182,10.0,2025-03-20
DON_68107,VOL_11182,10.0,2025-03-27
DON_68108,VOL_11182,10.0,2025-04-10
DON_68109,VOL_11182,10.0,2025-04-24
DON_68110,VOL_11182,50.0,2025-05-04
DON_68111,VOL_11182,25.0,2025-05-25
DON_68112,VOL_11182,10.0,2025-06-22
DON_68113,VOL_11182,100.0,2025-07-03
DON_68114,VOL_11182,100.0,2025-07-06
DON_68115,VOL_11182,10.0,2025-07-27
DON_68116,VOL_11182,50.0,2025-08-03
DON_68117,VOL_11182,10.0,2025-08-14
DON_68118,VOL_11182,50.0,2025-10-12
DON_68119,VOL_11182,25.0,2025-10-23
DON_68120,VOL_11182,25.0,2025-11-16
DON_68121,VOL_11182,25.0,2025-11-23
DON_68122,VOL_11182,10.0,2025-11-30
DON_68123,VOL_11182,10.0,2025-12-04
DON_68124,VOL_11182,10.0,2025-12-25
DON_68125,VOL_11182,10.0,2026-01-15
DON_68126,VOL_11182,10.0,2026-01-22
DON_68127,VOL_11182,25.0,2026-02-08
DON_68128,VOL_11182,50.0,2026-03-26
DON_68129,VOL_11182,100.0,2026-04-16
DON_68130,VOL_11183,25.0,2026-01-08
DON_68131,VOL_11183,10.0,2026-02-08
DON_68132,VOL_11183,25.0,2026-02-19
DON_68133,VOL_11183,50.0,2026-02-26
DON_68134,VOL_11183,10.0,2026-02-26
DON_68135,VOL_11183,50.0,2026-04-09
DON_68136,VOL_11183,50.0,2026-04-12
DON_68137,VOL_11183,100.0,2026-04-16
DON_68138,VOL_11183,50.0,2026-04-16
DON_68139,VOL_11184,50.0,2025-01-19
DON_68140,VOL_11184,100.0,2025-02-16
DON_68141,VOL_11184,10.0,2025-03-27
DON_68142,VOL_11184,10.0,2025-05-01
DON_68143,VOL_11184,10.0,2025-05-15
DON_68144,VOL_11184,100.0,2025-06-05
DON_68145,VOL_11184,10.0,2025-06-12
DON_68146,VOL_11184,100.0,2025-06-15
DON_68147,VOL_11184,10.0,2025-06-22
DON_68148,VOL_11184,25.0,2025-06-29
DON_68149,VOL_11184,25.0,2025-07-06
DON_68150,VOL_11184,10.0,2025-07-10
DON_68151,VOL_11184,10.0,2025-07-13
DON_68152,VOL_11184,25.0,2025-07-17
DON_68153,VOL_11184,50.0,2025-07-24
DON_68154,VOL_11184,25.0,2025-07-31
DON_68155,VOL_11184,50.0,2025-08-07
DON_68156,VOL_11184,25.0,2025-08-14
DON_68157,VOL_11184,25.0,2025-08-17
DON_68158,VOL_11184,25.0,2025-08-24
DON_68159,VOL_11184,100.0,2025-10-12
DON_68160,VOL_11184,10.0,2025-10-16
DON_68161,VOL_11184,25.0,2025-10-23
DON_68162,VOL_11184,25.0,2025-10-30
DON_68163,VOL_11184,10.0,2025-11-02
DON_68164,VOL_11184,10.0,2025-11-06
DON_68165,VOL_11184,25.0,2025-11-13
DON_68166,VOL_11184,10.0,2025-11-13
DON_68167,VOL_11184,50.0,2025-11-23
DON_68168,VOL_11184,50.0,2025-11-30
DON_68169,VOL_11184,25.0,2025-12-11
DON_68170,VOL_11184,25.0,2025-12-18
DON_68171,VOL_11184,25.0,2025-12-25
DON_68172,VOL_11184,10.0,2025-12-28
DON_68173,VOL_11184,100.0,2026-01-15
DON_68174,VOL_11184,10.0,2026-01-25
DON_68175,VOL_11184,10.0,2026-01-29
DON_68176,VOL_11184,10.0,2026-02-01
DON_68177,VOL_11184,100.0,2026-02-19
DON_68178,VOL_11184,25.0,2026-03-01
DON_68179,VOL_11184,10.0,2026-03-15
DON_68180,VOL_11184,100.0,2026-04-19
DON_68181,VOL_11184,25.0,2026-04-23
DON_68182,VOL_11184,25.0,2026-04-26
DON_68183,VOL_11185,10.0,2025-01-30
DON_68184,VOL_11185,10.0,2025-03-20
DON_68185,VOL_11185,10.0,2025-03-20
DON_68186,VOL_11185,10.0,2025-04-06
DON_68187,VOL_11185,25.0,2025-04-10
DON_68188,VOL_11185,100.0,2025-05-08
DON_68189,VOL_11185,25.0,2025-05-15
DON_68190,VOL_11185,10.0,2025-05-15
DON_68191,VOL_11185,50.0,2025-06-05
DON_68192,VOL_11185,50.0,2025-06-05
DON_68193,VOL_11185,25.0,2025-06-12
DON_68194,VOL_11185,25.0,2025-06-15
DON_68195,VOL_11185,25.0,2025-06-19
DON_68196,VOL_11185,10.0,2025-06-29
DON_68197,VOL_11185,10.0,2025-07-13
DON_68198,VOL_11185,10.0,2025-07-20
DON_68199,VOL_11185,25.0,2025-08-07
DON_68200,VOL_11185,25.0,2025-08-28
DON_68201,VOL_11185,10.0,2025-10-16
DON_68202,VOL_11185,10.0,2025-10-30
DON_68203,VOL_11185,10.0,2025-11-23
DON_68204,VOL_11185,50.0,2025-12-18
DON_68205,VOL_11185,50.0,2025-12-18
DON_68206,VOL_11185,10.0,2026-01-18
DON_68207,VOL_11185,10.0,2026-02-12
DON_68208,VOL_11185,100.0,2026-02-15
DON_68209,VOL_11185,50.0,2026-02-22
DON_68210,VOL_11185,25.0,2026-02-26
DON_68211,VOL_11185,25.0,2026-03-01
DON_68212,VOL_11185,10.0,2026-03-15
DON_68213,VOL_11185,25.0,2026-03-19
DON_68214,VOL_11185,10.0,2026-03-29
DON_68215,VOL_11185,10.0,2026-03-29
DON_68216,VOL_11185,100.0,2026-04-09
DON_68217,VOL_11185,10.0,2026-04-12
DON_68218,VOL_11186,25.0,2026-02-22
DON_68219,VOL_11186,10.0,2026-03-05
DON_68220,VOL_11186,10.0,2026-03-05
DON_68221,VOL_11186,50.0,2026-03-12
DON_68222,VOL_11186,50.0,2026-03-15
DON_68223,VOL_11186,25.0,2026-03-15
DON_68224,VOL_11186,25.0,2026-03-22
DON_68225,VOL_11186,25.0,2026-04-23
DON_68226,VOL_11187,10.0,2026-01-04
DON_68227,VOL_11187,25.0,2026-01-08
DON_68228,VOL_11187,10.0,2026-01-18
DON_68229,VOL_11187,10.0,2026-01-22
DON_68230,VOL_11187,100.0,2026-01-25
DON_68231,VOL_11187,50.0,2026-02-01
DON_68232,VOL_11187,25.0,2026-03-29
DON_68233,VOL_11187,100.0,2026-04-16
DON_68234,VOL_11187,50.0,2026-04-19
DON_68235,VOL_11188,25.0,2025-09-04
DON_68236,VOL_11188,50.0,2025-09-21
DON_68237,VOL_11188,25.0,2025-09-28
DON_68238,VOL_11188,25.0,2025-10-12
DON_68239,VOL_11188,50.0,2025-10-23
DON_68240,VOL_11188,50.0,2025-10-30
DON_68241,VOL_11188,100.0,2025-11-02
DON_68242,VOL_11188,25.0,2025-11-02
DON_68243,VOL_11188,10.0,2025-12-07
DON_68244,VOL_11188,50.0,2026-01-22
DON_68245,VOL_11188,100.0,2026-02-01
DON_68246,VOL_11188,10.0,2026-02-05
DON_68247,VOL_11188,50.0,2026-02-12
DON_68248,VOL_11188,10.0,2026-02-22
DON_68249,VOL_11188,10.0,2026-03-05
DON_68250,VOL_11188,10.0,2026-03-08
DON_68251,VOL_11188,10.0,2026-03-19
DON_68252,VOL_11188,50.0,2026-04-23
DON_68253,VOL_11188,10.0,2026-04-26
DON_68254,VOL_11188,25.0,2026-04-30
DON_68255,VOL_11189,10.0,2025-09-14
DON_68256,VOL_11189,50.0,2025-10-05
DON_68257,VOL_11189,10.0,2025-10-05
DON_68258,VOL_11189,50.0,2025-10-05
DON_68259,VOL_11189,50.0,2025-10-23
DON_68260,VOL_11189,25.0,2025-10-26
DON_68261,VOL_11189,10.0,2025-10-30
DON_68262,VOL_11189,25.0,2025-11-23
DON_68263,VOL_11189,25.0,2025-12-18
DON_68264,VOL_11189,25.0,2026-02-19
DON_68265,VOL_11189,25.0,2026-03-19
DON_68266,VOL_11189,25.0,2026-03-19
DON_68267,VOL_11189,50.0,2026-03-26
DON_68268,VOL_11189,10.0,2026-04-19
DON_68269,VOL_11189,25.0,2026-04-19
DON_68270,VOL_11189,100.0,2026-04-26
DON_68271,VOL_11190,100.0,2025-11-13
DON_68272,VOL_11190,50.0,2025-11-20
DON_68273,VOL_11190,10.0,2025-12-07
DON_68274,VOL_11190,50.0,2026-01-04
DON_68275,VOL_11190,50.0,2026-01-18
DON_68276,VOL_11190,25.0,2026-01-29
DON_68277,VOL_11190,100.0,2026-03-05
DON_68278,VOL_11190,25.0,2026-03-12
DON_68279,VOL_11190,25.0,2026-04-12
DON_68280,VOL_11192,10.0,2025-02-23
DON_68281,VOL_11192,10.0,2025-03-09
DON_68282,VOL_11192,25.0,2025-03-16
DON_68283,VOL_11192,25.0,2025-04-24
DON_68284,VOL_11192,25.0,2025-04-27
DON_68285,VOL_11192,10.0,2025-04-27
DON_68286,VOL_11192,25.0,2025-05-11
DON_68287,VOL_11192,10.0,2025-06-12
DON_68288,VOL_11192,50.0,2025-06-12
DON_68289,VOL_11192,10.0,2025-06-15
DON_68290,VOL_11192,25.0,2025-06-19
DON_68291,VOL_11192,100.0,2025-06-22
DON_68292,VOL_11192,25.0,2025-06-26
DON_68293,VOL_11192,100.0,2025-07-31
DON_68294,VOL_11192,25.0,2025-08-10
DON_68295,VOL_11192,10.0,2025-08-10
DON_68296,VOL_11192,25.0,2025-08-14
DON_68297,VOL_11192,50.0,2025-08-24
DON_68298,VOL_11192,10.0,2025-09-11
DON_68299,VOL_11192,50.0,2025-09-28
DON_68300,VOL_11192,10.0,2025-11-09
DON_68301,VOL_11192,100.0,2025-11-13
DON_68302,VOL_11192,10.0,2025-12-04
DON_68303,VOL_11192,10.0,2025-12-21
DON_68304,VOL_11192,10.0,2025-12-25
DON_68305,VOL_11192,25.0,2025-12-25
DON_68306,VOL_11192,10.0,2026-01-22
DON_68307,VOL_11192,10.0,2026-01-29
DON_68308,VOL_11192,50.0,2026-02-15
DON_68309,VOL_11192,50.0,2026-02-19
DON_68310,VOL_11192,100.0,2026-02-26
DON_68311,VOL_11192,50.0,2026-03-05
DON_68312,VOL_11192,50.0,2026-03-12
DON_68313,VOL_11192,50.0,2026-03-12
DON_68314,VOL_11192,10.0,2026-03-29
DON_68315,VOL_11192,50.0,2026-04-26
DON_68316,VOL_11193,50.0,2025-01-16
DON_68317,VOL_11193,25.0,2025-01-30
DON_68318,VOL_11193,100.0,2025-02-06
DON_68319,VOL_11193,10.0,2025-04-06
DON_68320,VOL_11193,25.0,2025-05-18
DON_68321,VOL_11193,10.0,2025-05-25
DON_68322,VOL_11193,10.0,2025-06-29
DON_68323,VOL_11193,25.0,2025-07-13
DON_68324,VOL_11193,50.0,2025-07-17
DON_68325,VOL_11193,50.0,2025-07-20
DON_68326,VOL_11193,50.0,2025-07-27
DON_68327,VOL_11193,25.0,2025-07-31
DON_68328,VOL_11193,10.0,2025-08-28
DON_68329,VOL_11193,10.0,2025-09-04
DON_68330,VOL_11193,10.0,2025-10-02
DON_68331,VOL_11193,10.0,2025-11-09
DON_68332,VOL_11193,25.0,2025-11-09
DON_68333,VOL_11193,25.0,2025-11-16
DON_68334,VOL_11193,25.0,2025-11-20
DON_68335,VOL_11193,10.0,2025-11-23
DON_68336,VOL_11193,50.0,2025-12-04
DON_68337,VOL_11193,10.0,2025-12-07
DON_68338,VOL_11193,100.0,2025-12-07
DON_68339,VOL_11193,25.0,2025-12-21
DON_68340,VOL_11193,25.0,2025-12-25
DON_68341,VOL_11193,25.0,2025-12-28
DON_68342,VOL_11193,50.0,2026-01-04
DON_68343,VOL_11193,10.0,2026-01-22
DON_68344,VOL_11193,25.0,2026-01-25
DON_68345,VOL_11193,10.0,2026-02-01
DON_68346,VOL_11193,25.0,2026-02-05
DON_68347,VOL_11193,25.0,2026-02-15
DON_68348,VOL_11193,10.0,2026-02-19
DON_68349,VOL_11193,50.0,2026-02-22
DON_68350,VOL_11193,50.0,2026-03-05
DON_68351,VOL_11193,10.0,2026-03-19
DON_68352,VOL_11193,10.0,2026-03-26
DON_68353,VOL_11193,50.0,2026-03-26
DON_68354,VOL_11193,100.0,2026-03-29
DON_68355,VOL_11193,100.0,2026-04-30
DON_68356,VOL_11193,10.0,2026-04-30
DON_68357,VOL_11195,25.0,2025-12-18
DON_68358,VOL_11195,50.0,2026-01-15
DON_68359,VOL_11195,100.0,2026-01-18
DON_68360,VOL_11195,100.0,2026-01-25
DON_68361,VOL_11195,25.0,2026-01-29
DON_68362,VOL_11195,25.0,2026-02-08
DON_68363,VOL_11195,25.0,2026-02-22
DON_68364,VOL_11195,10.0,2026-02-26
DON_68365,VOL_11195,10.0,2026-03-01
DON_68366,VOL_11195,10.0,2026-03-05
DON_68367,VOL_11195,25.0,2026-03-05
DON_68368,VOL_11195,25.0,2026-03-26
DON_68369,VOL_11195,25.0,2026-03-29
DON_68370,VOL_11195,25.0,2026-04-02
DON_68371,VOL_11195,50.0,2026-04-09
DON_68372,VOL_11195,10.0,2026-04-19
DON_68373,VOL_11195,25.0,2026-04-19
DON_68374,VOL_11195,10.0,2026-04-26
DON_68375,VOL_11195,50.0,2026-04-26
DON_68376,VOL_11196,10.0,2025-09-28
DON_68377,VOL_11196,100.0,2025-10-02
DON_68378,VOL_11196,10.0,2025-10-12
DON_68379,VOL_11196,50.0,2025-10-23
DON_68380,VOL_11196,10.0,2025-10-26
DON_68381,VOL_11196,25.0,2025-10-30
DON_68382,VOL_11196,10.0,2025-10-30
DON_68383,VOL_11196,10.0,2025-12-11
DON_68384,VOL_11196,100.0,2025-12-25
DON_68385,VOL_11196,50.0,2026-01-08
DON_68386,VOL_11196,10.0,2026-01-11
DON_68387,VOL_11196,25.0,2026-01-15
DON_68388,VOL_11196,25.0,2026-01-18
DON_68389,VOL_11196,25.0,2026-02-01
DON_68390,VOL_11196,25.0,2026-02-08
DON_68391,VOL_11196,50.0,2026-02-19
DON_68392,VOL_11196,25.0,2026-03-19
DON_68393,VOL_11196,25.0,2026-03-19
DON_68394,VOL_11196,25.0,2026-04-09
DON_68395,VOL_11196,10.0,2026-04-16
DON_68396,VOL_11196,100.0,2026-04-26
DON_68397,VOL_11197,10.0,2025-12-25
DON_68398,VOL_11197,10.0,2025-12-25
DON_68399,VOL_11197,25.0,2025-12-28
DON_68400,VOL_11197,10.0,2026-01-08
DON_68401,VOL_11197,25.0,2026-01-18
DON_68402,VOL_11197,10.0,2026-01-29
DON_68403,VOL_11197,50.0,2026-02-05
DON_68404,VOL_11197,25.0,2026-02-26
DON_68405,VOL_11197,10.0,2026-02-26
DON_68406,VOL_11197,50.0,2026-04-12
DON_68407,VOL_11198,25.0,2026-02-22
DON_68408,VOL_11198,25.0,2026-02-26
DON_68409,VOL_11198,50.0,2026-03-12
DON_68410,VOL_11198,25.0,2026-04-12
DON_68411,VOL_11199,25.0,2025-02-13
DON_68412,VOL_11199,50.0,2025-02-23
DON_68413,VOL_11199,10.0,2025-03-06
DON_68414,VOL_11199,10.0,2025-03-20
DON_68415,VOL_11199,25.0,2025-05-01
DON_68416,VOL_11199,10.0,2025-06-15
DON_68417,VOL_11199,10.0,2025-06-15
DON_68418,VOL_11199,100.0,2025-06-22
DON_68419,VOL_11199,10.0,2025-07-17
DON_68420,VOL_11199,25.0,2025-07-17
DON_68421,VOL_11199,50.0,2025-08-03
DON_68422,VOL_11199,10.0,2025-08-10
DON_68423,VOL_11199,50.0,2025-08-14
DON_68424,VOL_11199,10.0,2025-08-17
DON_68425,VOL_11199,10.0,2025-08-21
DON_68426,VOL_11199,100.0,2025-08-24
DON_68427,VOL_11199,25.0,2025-08-24
DON_68428,VOL_11199,25.0,2025-08-28
DON_68429,VOL_11199,100.0,2025-08-31
DON_68430,VOL_11199,10.0,2025-09-04
DON_68431,VOL_11199,50.0,2025-10-16
DON_68432,VOL_11199,10.0,2025-11-02
DON_68433,VOL_11199,100.0,2025-11-06
DON_68434,VOL_11199,25.0,2025-11-23
DON_68435,VOL_11199,10.0,2025-11-27
DON_68436,VOL_11199,10.0,2025-11-30
DON_68437,VOL_11199,25.0,2025-12-11
DON_68438,VOL_11199,10.0,2025-12-28
DON_68439,VOL_11199,10.0,2026-02-01
DON_68440,VOL_11199,10.0,2026-02-08
DON_68441,VOL_11199,10.0,2026-03-05
DON_68442,VOL_11199,25.0,2026-03-08
DON_68443,VOL_11199,25.0,2026-03-26
DON_68444,VOL_11199,25.0,2026-03-29
